id,state,name,address_line1,address_line2,city,district,pin_code
1,Tamil Nadu,21ST CENTURY INTERNATIONAL SCHOOL TRUST KANJIRANGAL,"Rani Velunachiyar Nagar,",Kanchirangal,Sivagangai,Sivaganga,630562
2,Tamil Nadu,A C T College of Engineering and Technology,BUKKATHURAI - UTHIRAMERUR HIGH ROAD,NELVOY,MADURANTHAGAM TALUK,Kancheepuram,603107
3,Tamil Nadu,A M K TECHNOLOGY POLYTECHNIC COLLEGE CHEMBARAMBAKKAM,"CHENNAI-BANGALORE ROAD,",SEMBARAMBAKKAM - 600 123,CHENNAI,Thiruvallur,600123
4,Tamil Nadu,A R Engineering College,Vadakuchipalayam,Kappiyampuliyur Post,Villupuram,Viluppuram,605601
5,Tamil Nadu,A R J POLYTECHNIC COLLEGE EDAYARNATHAM,THIRUMAKKOTTAI MAIN ROAD,"EDAYARNATHAM,SERANGULAM POST.",MANNARGUDI-614 001,Thiruvarur,614001
6,Tamil Nadu,A R M College of Engineering and Technology,"Sattamangalam, Maraimalai Nagar",Chengalpattu- Tk,Chennai,Kancheepuram,603209
7,Tamil Nadu,A V C C POLYTECHNIC COLLEGE MANNAMPANDAL,MANNAMPANDAL,MAYILADUTHURAI - 609 305,MAYILADUTHURAI,Nagapattinam,609305
8,Tamil Nadu,A V S TEACHER TRAINING INSTITTUTE RAMALINGAPURAM,"Attur Main Road,",Ramalingapuram,Salem,Salem,636106
9,Tamil Nadu,A. D. J. DHARMAMBAL POLYTECHNIC COLLEGE NAGAPATTINAM,KADAMBADI,NAGAPATTINAM,NAGAPATTINAM,Nagapattinam,611001
10,Tamil Nadu,"A.A. Government Arts College, Musiri - 621 201.",Arignar Anna Government Arts College,Musiri - 621 211,Tiruchirappalli,Tiruchirappalli,621211
11,Tamil Nadu,A.C. College of Technology Campus,"Sardar Patel Road, Anna University, Chennai - 600 025.",NA,Chennai,Chennai,600025
12,Tamil Nadu,"A.D.M. College for Women, Nagapattinam - 611 001.","No.1, Cooks Road, Velippalayam, Nagapattinam","N0.1, Cooks Road, Velippalayam, Nagapattinam",Nagapattinam,Nagapattinam,611001
13,Tamil Nadu,A.G. Arts and Science College,"1/294-4,Avinashipalayam Post,South Avinashipalayam Village,",Dharapuram and Koduvai Main Road,Tiruppur,Tiruppur,638660
14,Tamil Nadu,A.G. College of Education,"1-294/3,Avinashipalayam(Po),Koduvai(Via),Tirupur District",NA,Tirupur,Coimbatore,638660
15,Tamil Nadu,A.G. TRUST TEACHER TRAINING INSTITUTE TIRUPUR,"1/294-1,A.G.Trust,Avinashipalayam Post,Dharapuram and Koduvai Mani Road,Tiruppur - 638660",NA,Tiruppur,Tiruppur,638660
16,Tamil Nadu,A.K.C. COLLEGE OF ARTS & SCIENCE,"ANAND NAGAR, KRISHNANKOIL - 626 126",NA,SRIVILLIPUTTUR,Virudhunagar,626126
17,Tamil Nadu,A.K.D. DHARMARAJA COLLEGE FOR WOMEN,THE PRINCIPAL,A.K.D. DHARMARAJA WOMEN'S COLLEGE,RAJAPALAYAM,Virudhunagar,626117
18,Tamil Nadu,A.K.T. Memorial College of Education,A.K.T Nagar,Neelamangalam,Kallakurichi,Viluppuram,606202
19,Tamil Nadu,A.K.T. Memorial College of Engineering & Technology,NEELAMANGALAM,KALLAKURICHI,KALLAKURICHI,Viluppuram,606202
20,Tamil Nadu,A.K.T. MEMORIAL POLYTECHNIC COLLEGE KALLKURICHI,"A.K.T. NAGAR,","NEELAMANGALAM VILLAGE,",KALLAKURICHI,Viluppuram,606202
21,Tamil Nadu,A.M.E.S. College of Education,"Reddythoppu, Ambur - 635802 (Vellore District)",NA,NA,Vellore,635802
22,Tamil Nadu,A.P.A. COLLEGE OF ARTS & CULTURE,DINDIGUL ROAD,DINDIGUL DISTRICT,PALANI,Dharmapuri,624601
23,Tamil Nadu,"A.P.C.Mahalakshmi College, Ettayapuram Road, Tuticorin - 628 002.",ETTAYAPURAM ROAD,THOOTHUKUDI,THOOTHUKUDI,Thoothukkudi,628002
24,Tamil Nadu,"A.R.C. Viswanathan College, Mayiladuthurai, Nagapattinam - 609 003.",Panangattu street,Near Railway Junction,Mayiladuthurai,Nagapattinam,609003
25,Tamil Nadu,A.R.J. College of Engineering and Technology,"Thirumakkottai Main Road , Edayarnatham Village,","Sundarakottai post, Mannargudi TK,",Thiruvarur,Thiruvarur,614001
26,Tamil Nadu,A.R.J. Institute of Management Studies,"Thirumakkottai main road,Edayarnatham village",sundarakottai po,Mannargudi,Thiruvarur,614001
27,Tamil Nadu,A.S. College of Education,"No-9, saraswathy nagar,","kannanur. Kokkulam (post), checkanurani.",Madurai,Madurai,625514
28,Tamil Nadu,"A.T.S.V.S. (AKILA THIRUVITHAMCORE SIDDHA VAIDHYA KALLOORI) SIDDHA MEDICAL COLLEGE AND HOSPITAL (Inst. Code - 199), MUNCHIRAI, KANNIYAKUMARI",Munchirai,Pudukkadai Post,Marthandam,Kanniyakumari,629171
29,Tamil Nadu,A.V.C. College of Engineering,Mayiladuthurai,Mannampandal,Mayiladuthurai,Nagapattinam,609305
30,Tamil Nadu,"A.V.C. College, Mannampandal, Mayiladuthurai - 609 305.",Mannampandal - 609305,NA,Mayiladuthurai,Nagapattinam,609305
31,Tamil Nadu,A.V.P. College of Arts and Science,No. 4 Chettipalayam,T.M.Poondi Post,Tirupur,Tiruppur,641652
32,Tamil Nadu,A.V.S College of Arts & Science,Ramalingapuram,Attur main road,Salem,Salem,636106
33,Tamil Nadu,A.V.S. College of Education,Attur MainRoad,Ramalingapuram,Salem-636 106,Salem,636106
34,Tamil Nadu,"A.V.V.M. Sri Pushpam College, Poondi - 613 503.",A.Veeriya Vandayar Memoriyal Sri Pushpam (Autonomous) College.,"Poondi - 613 503, Thanjavur - Dt.",Thanjavur.,Thiruvarur,613503
35,Tamil Nadu,AAA COLLEGE OF ENGINEERING AND TECHNOLOGY,KAMARAJAR EDUCATIONAL ROAD,AMATHUR,SIVAKASI,Virudhunagar,626005
36,Tamil Nadu,"AAB COLLEGE OF NURSING (Inst. Code - 344), TIRUVANNAMALAI","Arni Road, Thellur, Kilkuvalaivedu Post",NA,vandavasi,Tiruvannamalai,604404
37,Tamil Nadu,"Aadhavan Arts and Science College, Alathur Village, Chettiyappatty Panchayat, Manapparai (Tk), Tiruchirappalli - 621 306.",Aavarampatty,621307,Manapparai,Tiruchirappalli,621307
38,Tamil Nadu,"AADHI BHAGAWAN COLLEGE OF PHARMACY (Inst. Code - 281), RANTHAM, THIRUVANNAMALAI",Rantham Village,Cheyyar Taluk,Thiruvannamalai,Tiruvannamalai,604407
39,Tamil Nadu,Aalim Muhammed Salegh College of Engineering,"NIZARA EDUCATIONAL CAMPUS,","MUTHAPUDUPET, AVADI I A F,",CHENNAI,Thiruvallur,600055
40,Tamil Nadu,AALIM MUHAMMED SALEGH POLYTECHNIC COLLEGE AVADI,""" Nizara Educational Campus """,Muthapudupet,Chennai,Thiruvallur,600055
41,Tamil Nadu,AAROORAN POLYTECHNIC COLLEGE SURRAKUDI,"Mayiladuthurai road, Sorakkudy","Kangalancherry, Thiruvarur-610101.",Thiruvarur,Thiruvarur,610101
42,Tamil Nadu,Aarupadai Veedu Institute of Technology,"Rajiv Gandhi Salai(OMR),Paiyanoor",Tamilnadu,Chennai,Kancheepuram,603104
43,Tamil Nadu,AASEE TEACHER TRAINING INSTITUTTE THIRUMANILAYUR,"305/1, KARUR - COVAI ROAD","ARAVAKKURUCHI TALUK, PAVITHRAM POST",KARUR,Karur,639002
44,Tamil Nadu,"ABI & ABI College, Vayalur, Thanjavur - 613 003","Abi & Abi Nagar, Vayalur,Thanjavur","Kumbakonam Main Road,Vayalur",Thanjavur,Thanjavur,613003
45,Tamil Nadu,"Academy of Maritime Education and Training, Chennai","135, East Coast Road",Kanathur,Chennai,Kancheepuram,603112
46,Tamil Nadu,ACADEMY OF SCIENTIFIC & INNOVATIVE RESEARCH,"AcSIR Coordination Office, CSIR-Central Road Research Institute","CRRI P.O, Delhi-Mathura Road",New Delhi,Chennai,110025
47,Tamil Nadu,ACHARYA POLYTECHNIC COLLEGE -VELLARIVELLI,"Poolam Patti Main Road,Vellarivelli (post)",Edappadi-T.K,Salem,Salem,637101
48,Tamil Nadu,"Adaikala Matha College, Arun Nagar, Vam, Thanjavur - 613 403.",Arun Nagar,Vallam,Thanjavur,Thanjavur,613403
49,Tamil Nadu,ADAIKALAMATHA INSTITUTE OF TEACHER EDUCATION VALLAM,arun nagar,vallam,Thanjavur,Thanjavur,613403
50,Tamil Nadu,Adharsh Vidhyalaya College of Education,Adharsh Nagar,Paruvachi PO - 638 312,Bhavani,Erode,638312
51,Tamil Nadu,Adharsh Vidyalaya College of Arts and Science for Women,Adharsh Nagar,Paruvachi PO,Bhavani TK,Erode,638312
52,Tamil Nadu,Adhi College of Engineering and Technology,"No.6, Munu adhi Nagar",Sankarapuram,Kanchipuram,Kancheepuram,631605
53,Tamil Nadu,"ADHIPARASAKTHI AGRICULTURAL COLLEGE, VELLORE","G.B.Nagar,",Kalavai-632506,Vellore,Vellore,632506
54,Tamil Nadu,Adhiparasakthi College of Education,G.B.Nagar,Kalavai,Vellore,Vellore,632506
55,Tamil Nadu,Adhiparasakthi College of Engineering,G.B. Nagar,Kalavai,NA,Vellore,632506
56,Tamil Nadu,"ADHIPARASAKTHI COLLEGE OF NURSING (Inst. Code - 083), KANCHEEPURAM",MELMARUVATHUR,MELMARUVATHUR,CHENNAI,Kancheepuram,603319
57,Tamil Nadu,"ADHIPARASAKTHI COLLEGE OF PHARMACY (Inst. Code - 076), KANCHEEPURAM",Melmaruvathur - 603 319,Melmaruvathur,Melmaruvathur,Kancheepuram,603319
58,Tamil Nadu,"ADHIPARASAKTHI COLLEGE OF PHYSIOTHERAPY AND PARAMEDICAL SCIENCES (Inst. Code - 107), KANCHEEPURAM",MELMARUVATHUR,MEMARUVATHUR,NA,Kancheepuram,603319
59,Tamil Nadu,"ADHIPARASAKTHI DENTAL COLLEGE AND HOSPITAL (Inst. Code - 197), KANCHEEPURAM",MELMARUVATHUR,MELMARUVATHUR,KANCHEEPURAM DISTRICT,Kancheepuram,603319
60,Tamil Nadu,Adhiparasakthi Engineering College,Melmaruvathur,cheyyur Taluk,603319,Kancheepuram,603319
61,Tamil Nadu,ADHIPARASAKTHI POLYTECHNIC COLLEGE MELMARUVATHUR,ADHIPARASAKTHI POLYTECHNIC COLLEGE MELMARUVATHUR,CHEYYUR TALUK,MELMARUVATHUR,Kancheepuram,603319
62,Tamil Nadu,"ADHITHYA POLYTECHNIC COLLEGE RAMAKOODAL, SALEM",RAMAKOODAL PULLAGOUNDAMPATTI PO,THEVUR VIA SANKAGIRI TK,SALEM,Salem,637104
63,Tamil Nadu,Adhiyamaan College of Education,Dr.M.G.R. Nagar,Hosur,Hosur,Krishnagiri,635109
64,Tamil Nadu,ADHIYAMAAN POLYTECHNIC COLLEGE DR M G R NAGAR HOSUR,"Dr.M.G.R. NAGAR,",HOSUR - 635 109.,HOSUR - 635 109.,Krishnagiri,635109
65,Tamil Nadu,"ADHIYAMAN ARTS AND SCIENCE COLLEGE FOR WOMEN, SRINIVASA NAGAR",Srinivasa Nagar,Uthangarai Tk,"Krishnagiri Dt,pin code:635207",Krishnagiri,635207
66,Tamil Nadu,ADI PARASAKTHI POLYTECHNIC COLLEGE ERUMIYAMPATTI VILLAGE,KOKKARAPATTI POST,PAPPIREDDIPATTI TK,HARUR,Dharmapuri,636905
67,Tamil Nadu,"Adiparasakthi college of arts&Science,(Autonomous),G.B.Nagar,Kalavai-632506",Adhiparasakthi college of arts &Science(Autonomous),"G.B.Nagar,Kalavai-632506,Vellore(D.T)",vellore,Vellore,632001
68,Tamil Nadu,"Aditanar College of Arts & Science, Virapandianpattinam, Tiruchendur - 628 216 Thoothukudi District.",VIRAPANDIANPATNAM,TIRUCHENDUR,TIRUCHENDUR,Thoothukkudi,628216
69,Tamil Nadu,Adithya Institute of Technology,"SF No. 344, Sathy Road,Kurumbapalayam Post,",S.S.Kulam,Coimbatore,Coimbatore,641107
70,Tamil Nadu,Adiyaman College of Engineering,Dr. M G R Nagar,AERI Campus,Hosur,Krishnagiri,635109
71,Tamil Nadu,AET Arts & Science College,APPASAMUTHIRAM,NARASINGAPURAM(PO),ATTUR(TK),Salem,636108
72,Tamil Nadu,AGNI SCHOOL OF BUSINESS EXCELLENCE,"NH-45, Trichy Road,","Morepatty, Vadamadurai",Dindigul,Madurai,624802
73,Tamil Nadu,AGRA College of Education,"AGRA GARDEN,",Chozhempettai,Mayiladuthurai,Nagapattinam,609003
74,Tamil Nadu,AGRICULTURAL COLLEGE AND RESEARCH INSTITUTE,AGRICULTURAL COLLEGE AND RESEARCH INSTITUTE,KUDUMIYANMALAI,PUDUKKOTTAI,Pudukkottai,622104
75,Tamil Nadu,"Agricultural College and Research Institute, Coimbatore",Tamil Nadu Agricultural University,Coimbatore - 641003,Coimbatore,Coimbatore,641003
76,Tamil Nadu,"Agricultural College and Research Institute, Madurai",Agricultural College and Research Institute,pin-625104,MADURAI,Madurai,625104
77,Tamil Nadu,"AGRICULTURAL COLLEGE AND RESEARCH INSTITUTE, THANJAVUR",AGRICULTURAL COLLEGE & RESEARCH INSTITUTE,"EACHANGKOTTAI, ORTHANAD TALUK",THANJAVUR,Thanjavur,614902
78,Tamil Nadu,"Agricultural College and Research Institute, Thiruvannamalai",Agricultural College & Research institute,Vazhavachanur,Thiruvannamalai - 606 753,Tiruvannamalai,606753
79,Tamil Nadu,"Agricultural College and Research Institute, Thoothukkudi",KILLIKULAM. VALLANAD,THOOTHUKUDI DISTRICT,VALLANAD,Thoothukkudi,628252
80,Tamil Nadu,"Agricultural Engineering College and Research Institute, Coimbatore",Lawley Road,TNAU,Coimbatore,Coimbatore,641003
81,Tamil Nadu,"Agricultural Engineering College and Research Institute, Tiruchirappalli","Pallapuram (Post),",Kumulur,Tiruchirappalli,Tiruchirappalli,621712
82,Tamil Nadu,"Aiman College of Arts & Science for Women, K. Sathanur , Tiruchirappalli - 620 021.",K.Sathanur,Near KK Nagar,Tiruchirappalli,Tiruchirappalli,620021
83,Tamil Nadu,"AISHWARYA COLLEGE OF ENGINEERING AND TECHNOLOGY, ERODE","Errattaikaradu, paruvachi-Post",Bhavani- 638312.,Erode,Erode,638312
84,Tamil Nadu,AISHWARYA POLYTECHNIC COLLEGE PARUVACHI,"Errattaikaradu, Paruvachi,",Bhavani - TK,Erode - 638312,Erode,638312
85,Tamil Nadu,AJK College of Arts and Science,Palakkad Main Road,Navakarai,Coimbatore,Coimbatore,641105
86,Tamil Nadu,AJK Institute of Management,Palakkad Main Road,Navakkarai,Coimbatore,Coimbatore,641105
87,Tamil Nadu,AKILIKA HERBAL INSTITUTE,"161-A, Near Selvam Store",Dindigul Road,Palani,Dindigul,624601
88,Tamil Nadu,Akshaya College of Education,KARTHIGAIPATTI-VILLAGE,MALLI POST-626141,SRIVILLIPUTHUR,Virudhunagar,626141
89,Tamil Nadu,Akshaya College of Engineering and Technology,"Bhagavathipalayam Road, Kinathukadavu, Coimbatore - 642109","Bhagavathipalayam Road, Kinathukadavu, Coimbatore - 642109",Coimbatore,Coimbatore,642109
90,Tamil Nadu,"AKSHAYA INSTITUTE OF MANAGEMENT STUDIES, COIMBATORE",Premier Nagar,Othakkalmandapam(Post),Coimbatore,Coimbatore,641032
91,Tamil Nadu,Aksheyaa College of Engineering,PULUDIVAKKAM,MADHURANTHAGAM,KANCHEEPURAM,Kancheepuram,603314
92,Tamil Nadu,"AL AMEEN COLLEGE OF NURSING (Inst. Code - 292), TIRUVANNAMALAI",Main Road,Somasipadi,Tiruvannamalai,Tiruvannamalai,606611
93,Tamil Nadu,AL AMEEN POLYTECHNIC COLLEGE ERODE,"KARUNDEVANPALAYAM,","NANJAI UTHUKKULI (PO),",ERODE,Erode,638104
94,Tamil Nadu,AL ISLAMIYA POLYTECHNIC COLLEGE,"18 , SENGANOOR VILLAGE","RAJAVUR (VIA) , PENNAGARAM(TK)",DHARMAPURI,Dharmapuri,636810
95,Tamil Nadu,AL-AMAN TEACHER TRAINING INSTITUTE RAJENDRAPURAM,RAJENDRAPURAM,RAJENDRAPURAM,ARANTHANGI,Pudukkottai,614624
96,Tamil Nadu,Al-Ameen College of Education,Main Road,Somasipadi,Tiruvannamalai,Tiruvannamalai,606611
97,Tamil Nadu,Al-Ameen Engineering College,KARUNDEVAN PALAYAM,NANJAI UTHUKULI POST ERODE 638 104,ERODE,Erode,638104
98,Tamil Nadu,"Al-Amen Arts & Science College, Somasipadi-606611",Somasipadi Puthur,Somasipadi,Tiruvannamalai,Tiruvannamalai,606611
99,Tamil Nadu,AL-HIDHAYA WOMENS TREACHER TRAINING INSTITUTE TENKASI,2.8.77/2 COLLEGE ROAD (VIA) TENKASI,ELATHUR-627803,TENKASI,Tirunelveli,627803
100,Tamil Nadu,"ALADI ARUNA COLLEGE OF NURSING (Inst. Code - 337), TIRUNELVELI","Tenkasi tirunelveli Highway, Sivalarkulam (po) alangulam (tk)","Tenkasi tirunelveli Highway, Sivalarkulam (po) alangulam (tk)",Alangulam (tk),Tirunelveli,627853
101,Tamil Nadu,"Alagappa Chettiar College of Engg &Tech, Karaikudi",Alagappapuram post,Karaikudi-630 003,Karaikudi,Sivaganga,630003
102,Tamil Nadu,"Alagappa Government Arts College, Karaikudi",Ilupakudi Village,Karaikudi3,Karaikudi-3,Sivaganga,600003
103,Tamil Nadu,ALAGAPPA POLYTECHNIC COLLEGE -KARAIKUDI,PRINCIPAL,ALAGAPPA POLYTECHNIC COLLEGE,KARAIKUDI,Sivaganga,630004
104,Tamil Nadu,"ALAGAPPA UNIVERSITY EVENING COLLEGE, PARAMAKKUDI",Sourastra Hr Sec School Campus,Madurai Rameshwaram Road,Paramakudi,Ramanathapuram,623707
105,Tamil Nadu,"ALAGAPPA UNIVERSITY EVENING COLLEGE, RAMANATHAPURAM",VELLIPATTINAM POST,VELLIPATTINAM POST,RAMANATHAPURAM,Ramanathapuram,623504
106,Tamil Nadu,"ALAGAPPA UNIVERSITY EVENING COLLEGE, RAMESWARAM",Govt Hr. Sce. Boys School Campus,West Car Street,Rameswaram,Ramanathapuram,626526
107,Tamil Nadu,"ALAGAPPA UNIVERSITY EVENING COLLEGE, THIRUPPUVANAM",1-3D west car street,St Mary's Matric Higher Secondary School Campus,Thiruppuvanam,Ramanathapuram,630611
108,Tamil Nadu,"ALAGAPPA UNIVERSITY EVENING COLLEGE, THONDI",OCEANOGRAPHY AND COSTAL AREA STUDIES,THONDI CAMPUS,THONDI,Ramanathapuram,623409
109,Tamil Nadu,"Alagappa University, Alagappa Nagar, Karaikudi",Alagappapuram,Alagappa Nagar,Karaikudi,Sivaganga,630003
110,Tamil Nadu,All Angels College of Education,Ayyampalayam village,Ayyampalayam post,Tiruvannamalai,Tiruvannamalai,606601
111,Tamil Nadu,ALPHA ARTS AND SCIENCE COLLEGE,"Post Box No: 30, Alpha Nagar,","Thundalam, Porur,",Chennai,Chennai,600116
112,Tamil Nadu,Alpha College of Engineering,"Dr.Grace George Nagar, No.34 Udayaver Koil Street",Thirumazhisai,Chennai,Thiruvallur,600124
113,Tamil Nadu,Alpha Institute of Management,"Pudhu Puliampatty, Paramathi Velur Road,","Chitthalandur Post,",Tiruchengode,Namakkal,637201
114,Tamil Nadu,AM JAIN COLLEGE,MEENAMBAKKAM,NA,CHENNAI,Chennai,600114
115,Tamil Nadu,"Ambai Arts College, Ambasamudram - 627 401, Tirunelveli District.","Alangulam Road, Ambasamudram - 627 401, Tirunelveli District.",ambasamudram,Ambasamudram,Tirunelveli,627401
116,Tamil Nadu,AMBIGA COLLEGE OF ARTS & SCIENCE,AMBIGA COLLEGE CAMPUS ANNA NAGAR MADURAI-625020,NA,MADURAI,Madurai,625020
117,Tamil Nadu,Amerda Vikas College of Education,"NH-7 Salem - Namakkal Main Road, Gajjelnaickenpatty post","Dasanaickenpatty (via), Salem-636201",Salem,Salem,636201
118,Tamil Nadu,Amirtha College of Education,Kunichi Village,Tirupattur Taluk,Tirupattur,Vellore,635602
119,Tamil Nadu,Amirtham College of Education,"Amirtham college Rd,",Vengudi,Walajabad,Kancheepuram,631605
120,Tamil Nadu,"AMIRTHAM TEACHER TRAINING INSTITUTE, WALAJABAD, KANCHIPURAM","Amirtham College Road, Vengudi, Walajabad via",Kanchipuram District,Kanchipuram,Kancheepuram,631605
121,Tamil Nadu,"AMMA POLYTECHNIC COLLEGE VILANGADU, THIRUVARUR","VILANGADU, EDUMBAVANAM(PO),","THIRUTHURAIPOONDI(tk), PIN: 614703",THIRUVARUR,Thiruvarur,614703
122,Tamil Nadu,"AMMAIAPPAR POLYTECHNIC COLLEGE, MEENATCHIYAPURAM",PUNELVELI - MEENATCHIYAPURAM ROAD,MEENATCHIYAPURAM,RAJAPALAYAM TK,Virudhunagar,626111
123,Tamil Nadu,AMMAN COLLEGE OF ARTS & SCIENCE,PILLAIYARNATHAM,DINDIGUL,DINDIGUL,Dindigul,624002
124,Tamil Nadu,Amman College of Education,Pillayarnatham,Dindigul-624 002,Dindigul,Dindigul,624002
125,Tamil Nadu,"Amrita Vishwa Vidyapeetham, Coimbatore",Amrita Nagar Post,Ettimadai,Coimbatore,Coimbatore,641112
126,Tamil Nadu,Amritalaya College of Education,"Chinnamottur Village,","Kethandapatti post, Vaniyambadi road,",Natarampalli Taluk,Vellore,635815
127,Tamil Nadu,Anand Institute of Higher Technology,"Kalasalingam Nagar, Old Mahabalipuram Road",Kazhipattur,Chennai,Kancheepuram,603103
128,Tamil Nadu,Anand School of Architecture,"Kalasalingam Nagar, Old Mahabalipuram Road",Kazhipattur,Chennai,Chennai,603103
129,Tamil Nadu,"Ananda College, Devakottai",Post Box No:3,Devakottai Extension -630 303,Sivaganga,Sivaganga,630303
130,Tamil Nadu,"ANBARASU INST OF MEDICAL AND RESEARCH, CHENNAI","No 82,IInd Main Road,T.T.K.Nagar","Irumbuliyur, Tambaram West",Chennai,Kancheepuram,600045
131,Tamil Nadu,Anbil Dharmalingam Agricultural College and Research Institute,Navalurkuttapattu,Tiruchirappalli 620 009,Tiruchirappalli,Tiruchirappalli,620009
132,Tamil Nadu,Anbu Arts & Science College,"M.G.R NAGR,PALLIPALAYAM ROAD","KOMARAPALAYAM,NAMAKKAL(DT)",NAMAKKAL,Namakkal,638183
133,Tamil Nadu,"ANBU COLLEGE OF NURSING (Inst. Code - 320), KOMARAPALAYAM","M.G.R Nagar,New Pallipalayam Road,Komarapalayam.","M.G.R Nagar,New Pallipalayam Road,Komarapalayam.",Komarapalayam,Namakkal,638183
134,Tamil Nadu,Andavar College of Education,"125/2a Main Road,",Poravachery,Nagapattinam,Nagapattinam,611108
135,Tamil Nadu,"ANDAVAR SCHOOL OF NURSING, NAGAPATTINAM",MAIN ROAD,PORAVACHERRY,NAGAPATTINAM,Nagapattinam,611108
136,Tamil Nadu,ANDAVAR TEACHER TRAINING INSTITUTE FIRST BEACH LINE ROAD,"125/2a MAIN ROAD,PORAVACHERRY",NAGAPATTINAM,NAGAPATTINAM,Nagapattinam,611108
137,Tamil Nadu,Angappa College of Arts and Science,"Pollachi main Road,",Seerapalayam (P.O),coimbatore -105,Coimbatore,641105
138,Tamil Nadu,Angel College of Education,"JSA Gardens, Tirunelveli Road, Muthugudi, Rajapalayam","JSA Gardens, Tirunelveli Road, Muthugudi, Rajapalayam",Rajapalayam,Virudhunagar,626117
139,Tamil Nadu,Angel College of Engineering and Technology,"PK PALAYAM, UGAYANUR VILLAGE, DHARAPURAM MAIN ROAD",TIRUPPUR,TIRUPPUR,Tiruppur,641665
140,Tamil Nadu,"ANGEL POLYTECHNIC COLLEGE, RAJAPALAYAM","570, TIRUNELVELI ROAD, SOUTH VENGANALLUR",RAJAPALAYAM,RAJAPALAYAM,Virudhunagar,626117
141,Tamil Nadu,ANGEL TEACHER TRAINING INSTITUTE RAJAPALYAM,"JSA Garden, Thirunelveli Road, Mudhukudi, Rajapalayam.",----------------------------------------do--------------------------------,Rajapalayam,Virudhunagar,626117
142,Tamil Nadu,Angels College of Education,"Aniyapuram, Aniyapuram Post, 637 017.",Namakkal ( TK ) & ( DT ),Namakkal,Namakkal,637017
143,Tamil Nadu,Anjalai Ammal Mahalingam Engineering College,0,0,Tiruvarur,Thiruvarur,614403
144,Tamil Nadu,ANNA ADARSH COLLEGE FOR WOMEN,"A1, II Street, 9th Main Road,",Anna Nagar,Chennai - 600 040,Chennai,600040
145,Tamil Nadu,ANNA ADARSH TEACHER TRAINING INSTITUTE PONNERI,"84,SAKTHI NAGAR",PONNERI,CHENNAI,Thiruvallur,601204
146,Tamil Nadu,"ANNA ARIVAGAM COLLEGE OF EDUCATION, POCHAMPALLI TALUK",Pudhumottur village,Jingalkadhirampatti Post,Pochampalli Taluk,Dharmapuri,635201
147,Tamil Nadu,"Anna University of Technology Madurai, Dindigul Campus",University College of Engineering - Dindigul,"Mangarai pirivu, Reddiyar Chattram",Dindigul,Dindigul,624622
148,Tamil Nadu,"Anna University of Technology Madurai, Madurai Campus",Anna University Regional Campus Madurai,"SIDCO Industrial Estate, Madurai -625007",Madurai,Madurai,625007
149,Tamil Nadu,"Anna University of Technology Madurai, Ramnad Campus","Pullangudi, Ramanathapuram - 623 513",NA,Ramanathapuram,Ramanathapuram,623513
150,Tamil Nadu,Anna University of Technology Tiruchirappalli - Panruti Campus,"CHENNAI KUMBAKONAM HIGHWAY, PANRUTI",NA,CUDDALORE,Cuddalore,607106
151,Tamil Nadu,Anna University of Technology Tiruchirappalli - Pattukkottai Campus,ECR ROAD,RAJAMADAM POST -614701,PATTUKKOTTAITALUK,Thanjavur,614701
152,Tamil Nadu,Anna University of Technology Tiruchirappalli - Tirukkuvalai Campus,Sattiyagudi Main Road,Kundaiyur,Thirukkuvalai,Nagapattinam,610204
153,Tamil Nadu,"Anna University of Technology, Coimbatore",Anna University Regional Campus Coimbatore,Navavoor,Coimbatore,Coimbatore,641046
154,Tamil Nadu,"Anna University of Technology, Tiruchirappalli - Ariyalur Campus",Kathankudikadu (Vil),Thelur (Post),Ariyalur,Ariyalur,621704
155,Tamil Nadu,"Anna University, Chennai",Sardar Patel Road,NA,Chennai,Chennai,600025
156,Tamil Nadu,Anna Vinayagar College of Education,Main Road,Ganapathipuram,NA,Kanniyakumari,629502
157,Tamil Nadu,ANNAI ARPUTHAM INSTITUTE OF DIPLOMA IN NURSING NAMAKKAL,"N0. 31A ,MOHANUR ROAD , NAMAKKAL",NA,NAMAKKAL,Namakkal,637207
158,Tamil Nadu,Annai Arts & Science College,Nambipatti,Harur,Dharmapuri,Dharmapuri,636903
159,Tamil Nadu,"Annai College of Arts & Science, Kumbakonam-612 503.",Anakudi Road,"Kovilacheri,",Kumbakonam,Thanjavur,612503
160,Tamil Nadu,Annai College of Education,Nambiaptti,H.Doddampatti (Post),Harur,Dharmapuri,636903
161,Tamil Nadu,Annai College of Education,"ANAKUDI ROAD,KOVILACHERI,KUMBAKONAM",THANJAVUR DISTRICT,THANJAVUR,Thanjavur,612503
162,Tamil Nadu,Annai College of Education for Women,"W-7/120, Vellaikaradu",Anaimalayanpatty - 625526,Royappanpatty (PO),Theni,625526
163,Tamil Nadu,Annai College of Engineering and Technology,KOVILACHERI,KUMBAKONAM,KUMBAKONAM,Thanjavur,612503
164,Tamil Nadu,ANNAI COLLEGE OF NURSING (Inst.Code - 595),"Nambipatti,H.Doddampatti(Po)",Harur,Harur,Dharmapuri,636903
165,Tamil Nadu,ANNAI COLLEGE OF POLYTECHNIC KOVILACHERI. KOVILACHERI,"ANAKUDI ROAD,","KOVILACHERI,",KUMBAKONAM,Thanjavur,612503
166,Tamil Nadu,"ANNAI DORA COLLEGE OF NURSING (Inst. Code - 328), THENI","SEVANILAYAM.RAJATHANI (PO), AUNDIPATTI TALUK, THENI DISTRICT.","RAJATHANI(PO), AUNDIPATTI TALUK., THENI DISTRICT.",AUNDIPATTI,Theni,625512
167,Tamil Nadu,Annai Fathima College of Education,"Anakudi roadd, Kovilachery,","Kumbakonam, Tanjore",Kumbakonam,Thanjavur,612503
168,Tamil Nadu,ANNAI FATHIMA INSTITUTE OF CATERING ADMINISTRATION ALAMPATTI,"Fathima Nagar, Alamapatti",Thirumangalam,Madurai,Madurai,625706
169,Tamil Nadu,"ANNAI FATHIMA TEACHER TRAINING INSTITUTE, ERODE","Manakkaduvu, Dharapuram",NA,Dharapuram,Tiruppur,638673
170,Tamil Nadu,ANNAI FATIMA COLLEGE OF ARTS & SCIENCE,Fathima Nagar,Alampatti,Thirumangalam,Madurai,625706
171,Tamil Nadu,ANNAI FATIMA INSTITUTE OF CATERING TECHNOLOGY,Fathima Nagar,Alampatti,Thirumangalam,Madurai,625706
172,Tamil Nadu,"Annai Hajira Women's College, Melapalayam, Tirunelveli - 627 005.","Nethaji Road,",VST Pallivasal,Melapalayam,Tirunelveli,627005
173,Tamil Nadu,Annai India College of Education,"BOMMIDI,PAPPIREDDIPATTI,DHARMAPURI",NA,BOMMIDI,Dharmapuri,635301
174,Tamil Nadu,ANNAI INDIRA MEMORIAL TEACHER TRAINING INSTITUTE RAMJINAGAR,Muthukulam,"N.kuttappattu, RamjiNagar",Tiruchirapalli,Tiruchirappalli,620009
175,Tamil Nadu,ANNAI J K K SAMPOORANIAMMAL POLYTECHNIC COLLEGE GOBICHETTIPALAYAM,THOOKKANAICKENPALAYM POST,GOBICHETTIPALAYAM TALUK,GOBICHETTIPALAYAM,Erode,638506
176,Tamil Nadu,"ANNAI J.K.K. TEACHER TRAINING INSTITUTE, KOMARAPALAYAM, NAMAKKAL",Ethirmedu,Valayakaranur post,komarapalayam,Namakkal,638183
177,Tamil Nadu,Annai JKK Sampoorani Ammal College of Education,THOOKKANAICKENPALAYAM POST,GOBICHETTIPALAYAM TALUK,GOBICHETTIPALAYAM,Erode,638506
178,Tamil Nadu,ANNAI MADHA POLYTECHNIC COLLEGE TITTAGUDI,TRICHY MAIN ROAD,EDIACHERUVAI,TITTAGUDI,Cuddalore,606106
179,Tamil Nadu,Annai Mathammal Sheela College of Education,"Erumapatti Post,",Namakkal Dt. Pin : 637 013.,Namakkal,Namakkal,637013
180,Tamil Nadu,Annai Mathammal Sheela Engineering College,ERUMAPATTY,NAMAKKAL,NAMAKKAL,Namakkal,637013
181,Tamil Nadu,"ANNAI MEENAKSHI COLLEGE OF NURSING (Inst. Code - 102), COIMBATORE","Madukkarai Market Road,","P.B.No.4431, Industrial Estate Post,",Coimbatore - 641 021,Coimbatore,641021
182,Tamil Nadu,ANNAI MIRA COLLEGE OF ENGINEERING AND TECHNOLOGY,"NH-46, CHENNAI - BENGALURU NATIONAL HIGHWAYS",ARAPPAKKAM,VELLORE,Chennai,632517
183,Tamil Nadu,Annai Saraswathi College of Education,"No.23, Ganesapuram, Manavalanagar,",Thiruvallur,Thiruvallur,Thiruvallur,602002
184,Tamil Nadu,ANNAI TEACHER TRAINING INSTITUTE KOVILACHERRY KUMBAKONAM,"3 Anakudi Road, Kovilacheri,",Kumbakonam,Thanjavur,Thanjavur,612503
185,Tamil Nadu,Annai Terasa Arts & Science College,242/2 SENDARAPATTI MAIN ROAD,KONERIPATTI-PO,THAMMAMPATTI,Salem,636113
186,Tamil Nadu,ANNAI TERASA POLYTECHNIC COLLEGE VEERAPATTI,VEERAPPATTI PANCHAYAT,ILLUPPUR POST TK,ILLUPPUR,Pudukkottai,622102
187,Tamil Nadu,Annai Teresa College of Education,Ariyakudi Post,Karaikudi Taluk,Karaikudi,Sivaganga,630002
188,Tamil Nadu,Annai Teresa College of Engineering,Cuddalore Salem Main Road,Thirunavalur,Villupuram,Viluppuram,607204
189,Tamil Nadu,ANNAI TERESA SCHOOL OF NURSING & PARAMEDICAL SCIENCES ARIYALUR,ANNAI TERESA KALVI NAGAR,JAYANKONDAM,JAYANKONDAM,Ariyalur,621802
190,Tamil Nadu,"ANNAI TERESA SCHOOL OF NURSING AND PARAMEDICAL SCIENCES (Inst. Code - 362), ARIYALUR","SENDURAI ROAD,JAYANKONDAM",NA,JAYANKONDAM,Ariyalur,621802
191,Tamil Nadu,ANNAI THERESA ARTS AND SCIENCE COLLEGE,SADRAS ROAD MANGALAM,THIRUKAZHUKUNDRAM KANCHIPURAM DIST 603109,CHENNAI,Chennai,603109
192,Tamil Nadu,Annai Theresas College of Education for Women,Therespuram,Pavithram,Thiruvannamalai,Tiruvannamalai,606806
193,Tamil Nadu,"ANNAI THERESSA, SCHOOL OF NURSING, SALEM",Kurinji Hospital,5 Roads,SALEM,Salem,636016
194,Tamil Nadu,"Annai Vailankanni College of Arts and Science, V.O.C. Nagar, Thanjavur - 613 007.","Caramel Stopping,Thanjavur",Near MadhaKottai Road,Thanjavur,Thanjavur,613007
195,Tamil Nadu,Annai Vailankanni College of Engineering,"AVK NAGAR, POTTALKULAM",AZHAGAPPAPURAM POST,KANYAKUMARI DISTRICT,Kanniyakumari,629401
196,Tamil Nadu,"ANNAI VEILANKANNI S PHARMACY COLLEGE (Inst. Code - 118), CHENNAI",NO 81 V G P SALAI,SAIDAPET,CHENNAI,Chennai,600015
197,Tamil Nadu,ANNAI VEILANKANNI TEACHER TRAINING INSTITUTE PUDUR,"81,VGP SALAI, WEST SAIDAPET, CHENNAI 15","81,VGP SALAI, WEST SAIDAPET, CHENNAI 15",CHENNAI,Chennai,600015
198,Tamil Nadu,ANNAI VEILANKANNIS COLLEGE OF ARTS AND SCIENCE,"81, VGP SALAI",WEST SAIDAPET,CHENNAI- 600 015,Chennai,600015
199,Tamil Nadu,Annai Veilankannis College of Education,"81.V.G.P SALAI ,WEST SAIDAPET,",CHENNAI-15,CHENNAI,Kancheepuram,600015
200,Tamil Nadu,"ANNAI VEILANKANNIS COLLEGE OF NURSING (Inst. Code - 352), CHENNAI","33/1 Gandhi Road, Nedungundrum, Chennai",NA,Chennai,Chennai,600048
201,Tamil Nadu,"Annai Velankanni College, Tholayavattam 629 157. Kanyakumari District",Tholayavattam,Karungal (via),Karungal,Kanniyakumari,629157
202,Tamil Nadu,ANNAI VELANKANNI POLYTECHNIC COLLEGE ANGUCHETTYPALAYAM,"453 SALAM MAIN ROAD, ANGUCHETTYPALAYAM","SIRUVATHUR POST, PANRUTI TALUK",PANRUTI,Cuddalore,607106
203,Tamil Nadu,ANNAI VELU TEACHER TRAINING INSTITUTE,"v.gopalapuram, m.pudhupatti(p.o)",t.kallupatti(via),madurai-625702,Madurai,625702
204,Tamil Nadu,ANNAI VIOLET COLLEGE FOR WOMEN,"53,VIOLET COLLEGE ROAD, MENAMBEDU",AMBATTUR,CHENNAI,Chennai,600053
205,Tamil Nadu,"Annai Women's College, Aurobindo Nagar, TNPL Road, Punnamchathiram, Karur 639 136.","Annai Women's College, Aurobindo Nagar, TNPL Road, Punnamchathiram, Karur 639 136.","Annai Women's College, Aurobindo Nagar, TNPL Road, Punnamchathiram, Karur 639 136.",Karur,Karur,639136
206,Tamil Nadu,ANNAMALAI POLYTECHNIC COLLEGE CHETTINAD,CHETTINAD,NA,CHETTINAD,Sivaganga,630102
207,Tamil Nadu,"Annamalai University, Annamalainagar",Annamalai University,Annamalainagar -608002,Chidambaram,Cuddalore,608002
208,Tamil Nadu,Annamalaiar College of Engineering,Polur to Chetpet Mani Road,Mudaiyur,Polur,Tiruvannamalai,606902
209,Tamil Nadu,"Annammal college of Education for women, (Aided)",Thiruchendur Road,Thoothukudi - 628003,Thoothukudi,Thoothukkudi,628003
210,Tamil Nadu,"ANNAMMAL COLLEGE OF NURSING (Inst. Code - 308), KANYAKUMARI",Annammal Hospital Campus,Kuzhithurai,Marthandam,Kanniyakumari,629163
211,Tamil Nadu,Annapoorana Engineering College,"NH-47, SANKARI MAIN ROAD",PERIYASEERAGAPADI,SALEM,Salem,636308
212,Tamil Nadu,"ANNAPOORANA MEDICAL COLLEGE AND HOSPITAL (Inst. Code - 491), SALEM",Sankari main road (NH 47),Veerapandi union,Salem,Salem,636308
213,Tamil Nadu,"ANNASAMY RAJAMMAL COLLEGE OF NURSING (Inst. Code - 304), TIRUNELVELI","6/373, Tamilur, Athiyoothu, Andipatti Road, Adikkalapattinam (po)","Alangulam (Tk), Tirunelveli (Dt)- 627 808",Alangulam,Tirunelveli,627808
214,Tamil Nadu,ANNDAVAR POLYTECHNIC COLLEGE ALUKKULI,"Sathy Main Road, Kovai Pirivu","Alukkuli (Po), Gobichettipalyam",Gobichettipalayam - 638 453,Erode,638453
215,Tamil Nadu,Ansaldo College of Education,Maruthuvampadi Village & Post,Chetpet,Polur TK,Tiruvannamalai,606801
216,Tamil Nadu,ANTHONIAMMAL COMMUNITY COLLEGE - AACC (Inst.Code - 517),"Thirumalaigarden-Extn, Vellachimandabam, Ariyalur Main road,Thiruvaiyaru, Thanjavur .DT,Pincode-613204",NA,Thanjavur,Thanjavur,613204
217,Tamil Nadu,"ANUGRAHA INSTITUTE OF SOCIAL SCIENCES, DINDIGUL",Nochiodaipatti,NA,Dindigul,Dindigul,624003
218,Tamil Nadu,APOLLO ARTS AND SCIENCE COLLEGE,"MEVALURKUPPAM VILLAGE, VALARPURAM POST","SRIPERUMBUDUR TAK, KANCHEEPURAM DIST",CHENNAI,Chennai,602105
219,Tamil Nadu,Apollo College of Education,Mevaloorkuppam,Valarpuram (po),Chennai,Kancheepuram,602105
220,Tamil Nadu,"APOLLO COLLEGE OF NURSING (Inst. Code - 128), CHENNAI",Vanagaram to Ambattur Main Road,Ayanambakkam,Chennai,Chennai,600095
221,Tamil Nadu,Apollo Engineering College,Mevaloorkuppam,Valarpuram Post,Sriperumbudur Taluk,Kancheepuram,602105
222,Tamil Nadu,"APOLLO HOSPITAL ENTERPRISE LIMITED (A UNIT OF APOLLO HOSPITALS EDUCATIONAL TRUST) (Inst.Code - 579), CHENNAI",Apollo Annexe building.,"16 Wallace garden, 1st. street",Chennai,Chennai,600006
223,Tamil Nadu,"APOLLO HOSPITALS (A UNIT OF APOLLO HOSPITALS EDUCATIONAL TRUST) (Inst. Code - 407), CHENNAI","NO. 21, Off Greams Lane",Greams Road,Chennai- 600 006,Chennai,600006
224,Tamil Nadu,"APOLLO INSTITUTE OF HOSPITAL MANAGEMENT & ALLIED SCIENCES (A UNIT OF APOLLO HOSPITALS EDUCATIONAL TRUST) (Inst. Code - 371), CHENNAI","168/85, Ayanambakkam,","Vanagaram to Ambattur Main Road,",Chennai,Chennai,600095
225,Tamil Nadu,"APOLLO MED SKILLS LIMITED (A UNIT OF APOLLO HOSPITALS EDUCATIONAL TRUST) (Inst.Code - 597), CHENNAI","No.289, Vikram studios Building, II Floor,","West sivan koil street , Vadapalani ,",Chennai,Chennai,600026
226,Tamil Nadu,APOLLO POLYTECHNIC COLLEGE -PANRUTI VILLAGE,Panrutti Village,Near Oragadam,Sriperumbudur Taluk,Kancheepuram,631604
227,Tamil Nadu,Apollo Priyadarshanam Institute of Technology,"Panrutti Village, Near Oragadam Junction, Sriperumbudur Taluk,","Tambaram- Kancheepuram Highways, 631604",Chennai,Kancheepuram,631604
228,Tamil Nadu,APOLLOS DAVID TEACHER TRAINING INSTIUTE SANKRNKOIL,"31,PAMPUKOVIL SANTHAI ROAD","T.N.PUTHUKUDI, PULIYANGUDI",SANKARANKOVIL,Tirunelveli,627855
229,Tamil Nadu,APPOLLOS TEACHER TRAINING INSTITUTE UDUMALPET,39/5 URALPATTI,"URALPATTI-Post,UDUMALPET TALUK",TIRUPUR,Ramanathapuram,642204
230,Tamil Nadu,AR SCHOOL OF BUSINESS,"MADURAI ROAD(NH-7), J.OOTHUPATTY","JAMBUDURAIKOTTAI VILLAGE, NILAKKOTAI TALUK",DINDIGUL,Madurai,624206
231,Tamil Nadu,"ArakkonamArts&Science College,M.R.F.Nagar,Ichiputhur,Arakkonam-632 521",M.R.F. NAGAR,ICHIPUTHUR,ARAKKONAM,Vellore,631003
232,Tamil Nadu,Arasan Ganesan College of Preceptors,18 CHAIRMAN A,SHUNMUGAM ROAD,SIVAKASI,Virudhunagar,626123
233,Tamil Nadu,ARASAN GANESAN POLYTECHNIC COLLEGE AMATHUR,VIRUDHUNAGAR MAIN ROAD,ANAIKUTTAM POST,SIVAKASI,Virudhunagar,626130
234,Tamil Nadu,Arasu College of Education for Women,Panduthakaranpudur,Manmangalam (Post) & (Taluk),Karur,Karur,639006
235,Tamil Nadu,Arasu Engineering College,"Chennai Main Road,",Thiruvisainallur,Kumbakonam,Thanjavur,612501
236,Tamil Nadu,ARAVIND EYE HOSPITAL & PG INSTITUTE OF OPHTHALMOLOGY (Inst.Code - 376),"NO.1, ANNA NAGAR,",NA,MADURAI,Madurai,625020
237,Tamil Nadu,"ARAVIND EYE HOSPITAL (Inst. Code - 470), THENI","371,Periyakulam Road",Allinagaram,Theni,Theni,625531
238,Tamil Nadu,"ARAVIND EYE HOSPITAL (Inst. Code - 471), TIRUNELVELI",NO:1 S.N.HIGH ROAD,NA,Tirunelveli Junction,Tirunelveli,627001
239,Tamil Nadu,"ARAVIND EYE HOSPITAL (Inst. Code - 472) , COIMBATORE","1502, Avinashi Road",Coimabatore,Coimbatore,Coimbatore,641014
240,Tamil Nadu,"ARAVIND EYE HOSPITALAND PG INSTITUTE OF OPHTHAMOLOGY (Inst. Code - 043), MADURAI","NO.1, ANNA NAGAR",NA,MADURAI,Madurai,625020
241,Tamil Nadu,ARAVINDAR POLYTECHNIC COLLEGE AMBATHURAI,NEAR ALAGIRI SPINNING MILLS,AMBATHURAI,DINDIGUL,Dindigul,624302
242,Tamil Nadu,Aravindhar College of Education,Thenpallipattu Village,Kalasapakkam Post,Tiruvannamalai,Tiruvannamalai,606751
243,Tamil Nadu,Archana Institute of Technology,NH-7 SALEM MAIN ROAD,THIMMAPURAM,KRISHNAGIRI,Krishnagiri,635112
244,Tamil Nadu,Arcot Lutheran Church College of Education,27/A MAIN ROAD,JEEVA NAGAR,NELLIKUPPAM,Cuddalore,607105
245,Tamil Nadu,"Arcot Sri Mahalaalakshmi Women's institute ofmanagement &Computer Applications,Arcot-Arni Road,Villapakkam-632521","Arcot-Arni Main Road villapakkam ,632521",NA,Arcot,Vellore,632521
246,Tamil Nadu,"ARCOT SRI MAHALAKSHMI WOMEN S COLLEGE OF NURSING (Inst. Code - 366), VELLORE","Arcot Thimiri Main Road,",Villapakkam,Vellore,Vellore,632521
247,Tamil Nadu,Arcot Sri Mahalakshmi Women's College of Education,"Arcot - Arni Main Road,",Villapakkam,Arcot,Vellore,632521
248,Tamil Nadu,ARCOT SRI MAHALAKSHMI WOMENS INSTITUTE OF TTI ARCOT,Arcot - Arni main Road,Villapakkam,Arcot,Vellore,632521
249,Tamil Nadu,"ArcotSriMahalakshmiWomen""s College,Arni M,Villapakkam-632 521ain Road","Arcot-Arni Road,Villapakkam-632521",NA,Arcot,Vellore,632521
250,Tamil Nadu,"Aries arts And Science College for women,Karunkuzhi, Vadalur-607 303",Karunkuzhi,vadalur,NA,Cuddalore,607303
251,Tamil Nadu,ARIES POLYTECHNIC COLLEGE KURUNJIPADI,KARUNKUZHI & POST,VADALUR,CUDDALORE,Cuddalore,607303
252,Tamil Nadu,Arignar Anna College (Arts & Science),JAKKAPPA NAGAR FIRST CROSS,NA,KRISHNAGIRI,Krishnagiri,635001
253,Tamil Nadu,"Arignar Anna College, Aralvaimoli 629 301 Kanyakumari District","MAIN ROAD, ARALVAIMOLI,",KANYAKUMARI DISTRICT. 629 301,ARALVAIMOLI,Kanniyakumari,629301
254,Tamil Nadu,"Arignar Anna Government Arts College, ATTUR",VADACHENNIMALAI,ATTUR 636 121,SALEM DISTRICT,Namakkal,636121
255,Tamil Nadu,"Arignar Anna Government Arts College, NAMAKKAL",Sanyasikaradu (PO),NA,Namakkal,Namakkal,637002
256,Tamil Nadu,"Arignar Anna Govt. Arts College, Villupuram-605 602",The Principal,Arignar Anna Govt. Arts College,Villupuram,Viluppuram,605602
257,Tamil Nadu,"Arignar Anna Govt.Arts College,Cheyyar-602 407","Arcot Road,",Cheyyar - 604 407,Cheyyar,Tiruvannamalai,604407
258,Tamil Nadu,"Arignar Anna Govt.Arts Collegefor Women,Walajapet-632513.",MBT ROAD,WALAJAPET,WALAJAPET VELLORE DISTRICT,Vellore,632513
259,Tamil Nadu,Arignar Anna Institute of Science and Technology,G JAYARAMA NAGAR,PENNALUR VILLAGE & POST,SRIPERUMBUDUR - 602117,Kancheepuram,602117
260,Tamil Nadu,ARINGAR ANNA INSTITUTE OF DIPLOMA IN NURSING AIDE (inst. Code - 602),"17/A,Nirmala Nagar",Chetpet,Chetpet,Tiruvannamalai,606801
261,Tamil Nadu,ARINGAR ANNA INSTITUTE OF MANAGEMENT STUDIES AND COMPUTER APPLICATION,"Dr G Jayarama Nagar , Pennalur",Sriperumbudur,Chennai,Chennai,602105
262,Tamil Nadu,ARINGAR ANNA TEACHER TRAINING INSTITUTE VEDARANIAM,KATHARIPULAM SOUTH,KURAVAPULAM - POST,VEDARANIAM,Nagapattinam,614808
263,Tamil Nadu,"ARINGAR ANNA TEACHER TRAINING INSTITUTE, THOOTHUKUDI","81,81A Toovipuram 3rd Street,",0,Thoothukudi,Thoothukkudi,628003
264,Tamil Nadu,ARINGER ANNA COLLEGE OF ENGINEERING AND TECHNOLOGY,145/1A1,METTUPATTY VILLAGE,PALANI,Dindigul,624616
265,Tamil Nadu,ARIYALUR ENGINEERING COLLEGE,"NH 227,Trichy - Chithambaram Main Road",Mela Karuppur,Ariyalur,Ariyalur,621704
266,Tamil Nadu,ARJUN COLLEGE OF TECHNOLOGY,"CHETTIYAKKAPALAYAM, THAMARAIKULAM - NEGAMAM ROAD",KINATHUKADAVU,COIMBATORE,Coimbatore,642120
267,Tamil Nadu,"Arputha College of Arts & Science, Arputha Nagar, Vamban - 622 303.",Arputha Nagar-Vamban-622303,Alangudi(TK),Pudukkottai,Pudukkottai,622303
268,Tamil Nadu,Arputha Jothi College of Teacher Education,"NO.4., ARPUTHA NAGAR,",KEERAMBUR(POST),NAMAKKAL,Namakkal,637207
269,Tamil Nadu,ARTHUR ASIRVATHAM HOSPITAL (Inst.Code - 563),"42-A, KURUVIKARAN SALAI,","ANNA BUS STAND,",MADURAI,Madurai,625020
270,Tamil Nadu,ARUL ANANDAR COLLEGE,ANANDA NAGAR,KARUMATHUR - 625514,MADURAI,Madurai,625514
271,Tamil Nadu,"ARUL INSTITUTE OF PARAMEDICAL SCIENCES AND RESEARCH, (Inst. Code - 625), Chennai","No.23/2, 56/2, Venugopalaswami Koil Street",Perambur,Chennai,Chennai,600011
272,Tamil Nadu,ARULMIGU CHANDIKESWARAR POLYTECHNIC COLLEGE KARUMATHAMPATTI,Prema Ravi Nagar,Karumathampatti,Coimbatore,Coimbatore,641659
273,Tamil Nadu,Arulmigu Kalasalingam College of Education,"ANAND NAGAR, KRISHNANKOVIL 626126",SRIVILLIPUTTUR TALUK,SRIVILLIPUTTUR,Virudhunagar,626126
274,Tamil Nadu,"ARULMIGU KALASALINGAM COLLEGE OF PHARMACY (Inst. Code - 049), VIRUDHUNAGAR","Anand Nagar, Krishnankoil",Srivilliputtur(Tk),Pin-626 126,Virudhunagar,626126
275,Tamil Nadu,ARULMIGU KALASALINGAM POLYTECHNIC COLLEGE NATHAMPATI,ANAND NAGAR,KRISHNANKOIL,SRIVILLIPUTTUR (TALUK),Virudhunagar,626126
276,Tamil Nadu,ARULMIGU KALASALINGAM TEACHER TRAINING INSTITUTE,"ANAND NAGAR , KRISHNANKOIL 626 126",KRISHNANKOIL 626 126,SRIVILLIPUTTUR,Virudhunagar,626126
277,Tamil Nadu,ARULMIGU KALLALAGAR POLYTECHNIC COLLEGE ATTUKKULAM,RATHINAM NAGAR,ATTUKULAM,MELUR MADURAI,Madurai,625106
278,Tamil Nadu,"Arulmigu Kumara Gurupara Swamigal Arts College, Padmanabhamangalam P.O, Srivaikuntam, Tuticorin Dist - 628 619.",Arulnandhi nagar,Padmanabamangalam,Srivaikuntam.,Thoothukkudi,628619
279,Tamil Nadu,Arulmigu Meenakshi Amman College of Education,"Perunkozhi Village,",Malliyankaranai X Road,Uthiramerur,Kancheepuram,603406
280,Tamil Nadu,Arulmigu Meenakshi Amman College of Engineering,"Vadamavandal,Namandi Post,","Cheyyar taluk,",Vadamavandal,Tiruvannamalai,604410
281,Tamil Nadu,"Arulmigu Palaniandavar Arts College for Women, Palani","Arulmigu Palaniandavar Arts College for Women, Chinnakalayamputhur(PO), Palani","Dindigul (DT), Tamil Nadu - 624 615, India.",Palani,Dindigul,624615
282,Tamil Nadu,ARULMIGU PALANIANDAVAR POLYTECHNIC COLLEGE PALANI-,"Dindigul Road,Palani",NA,Palani,Dindigul,624601
283,Tamil Nadu,"Arulmigu Pannirupidi Ayyan College of Arts & Science, Vagaikulam, Nanguneri (TK) Tirunelveli Dist - 627 108.","Arulmigu pannirupidi Ayyan college of Arts & Science, Vagaikulam",Nanguneri-627108,Tirunelveli,Tirunelveli,627108
284,Tamil Nadu,ARULMIGU SENTHILANDAVAR POLYTECHNIC COLLEGE TENKASI,AYIKUDI ROAD,NA,TENKASI -627 811,Tirunelveli,627811
285,Tamil Nadu,ARULMIGU THIRUPURASUNDARI AMMAN POLYTECHNIC COLLEGE EGAI,"EGAI VILLAGE,PULIYUR POST, VIA THIRUKALUKUNDRAM",PIN : 603109,THIRUKALUKUNDRAM,Kancheepuram,603109
286,Tamil Nadu,ARULMURUGA TECHNICAL CAMPUS,ARULMURUGAN COLLEGE OF ENGINEERING,THENNILAI,KARUR,Coimbatore,639206
287,Tamil Nadu,ARULMURUGAN POLYTECHNIC COLLEGE THENNILAI WEST,THENNILAI,"ARAVAKURICHY TK, KARUR",KARUR,Karur,639206
288,Tamil Nadu,Arumugam Nallamani College of Education,Thiruppalai,Madurai - 14,Madurai,Madurai,625014
289,Tamil Nadu,ARUMUGAM NALLAMANI TEACHER TRAINING INSTITUTE SRI RAM NALLAMANI PUBLIC CHRT 70 TPK ROAD,NALLAMANI NAGAR KODIKURICHI,TENKASI,TIRUNELVELI,Tirunelveli,627804
290,Tamil Nadu,Arumugam Pillai Seethai Ammal College of Education,vallal arumugampillai road,NA,thiruppatur,Sivaganga,630211
291,Tamil Nadu,"Arumugam Pillai Seethaiammal College, Tiruppathur","VALLAL ARUMUGAM PILLAI ROAD, TIRUPPATTUR",SIVAGANGAI DISTRICT - PIN 630 211,NA,Sivaganga,630211
292,Tamil Nadu,ARUMUGAM TEACHER TRAINING INSTITUTE GANDHI RO ALANGUNDY,"408/2, JESU COMPLEX GANDHI ROAD","ALANGUDI, 622301",PUDUKKOTTAI,Pudukkottai,622301
293,Tamil Nadu,Arun College of Education,"Arun nagar, Vallam",NA,Thanjavore,Thanjavur,613403
294,Tamil Nadu,"ARUN COLLEGE OF NURSING (Inst. Code - 342), VELLORE","NO.15 THIYAGARAJAPURAM, VELLORE-01","NO.15 THIYAGARAJAPURAM, VELLORE-01",VELLORE,Vellore,632202
295,Tamil Nadu,"ARUN COLLEGE OF PARAMEDICAL SCIENCES (Inst. Code - 498), VELLORE","NO.15, THIYAGARAJAPURAM, VELLORE 01","NO.15, THIYAGARAJAPURAM, VELLORE 01",VELLORE,Vellore,632001
296,Tamil Nadu,"Arun Krishna college of Arts &Science,Valaiyampattu Road,Chengam -6-6 701",valaiyampattu road,chengam,chengam,Tiruvannamalai,606701
297,Tamil Nadu,ARUNA MAZHAI TEACHER TRAINING INSTITUTE KEELARAJA VEETHI MANNARGUDI,KUMARAPURAM,MELAVASAL,MANNARGUDI,Thiruvarur,614001
298,Tamil Nadu,"Aruna Vidya Arts & science college,Kannakurukkai Village,Chegam Taluk",Kannakurkkai Village,Chengam Taluk,Tiruvannamalai,Tiruvannamalai,606704
299,Tamil Nadu,Arunachala College of Education,Chengam Road,Ottakudisal Village,Tiruvannamalai,Tiruvannamalai,606601
300,Tamil Nadu,Arunachala College of Engineering for Women,Thanka Gardens,"Manavilai, Vellichanthai - Post",Nagercoil,Kanniyakumari,629203
301,Tamil Nadu,Arunai College of Education,"SF.No: 68/2C, Nallanpillaipetral",Pallikondapattu Post,Tiruvannamalai,Tiruvannamalai,606611
302,Tamil Nadu,Arunai College of Engineering,"VELU NAGAR,",MATHUR,TIRUVANNAMALAI,Tiruvannamalai,606603
303,Tamil Nadu,Arunai Engineering College,Chittoor - Cuddalore Road,Velu Nagar,Tiruvannamalai,Tiruvannamalai,606603
304,Tamil Nadu,"ARUNAI INSTITUTE OF NURSING EDUCATIONAND RESEARCH (Inst. Code - 350), THIRUVANNAMALAI","Then mathur, Velu nagar","Then mathur, Velu nagar",Tiruvannamalai,Tiruvannamalai,606003
305,Tamil Nadu,ARUNESAR TEACHER TRAINING INSTITUTE KILNATCHIPUTTU,New by Pass Road,Kilnachipattu,Thiruvannamalai,Tiruvannamalai,606611
306,Tamil Nadu,"Arunesha College of Arts &Science for women,Venugopalapuram,Kilnathur,Post- 606 611","New Bye pass road, Kilnachipattu,",Tiruvannamalai,Tiruvannamalai,Tiruvannamalai,606611
307,Tamil Nadu,"Arungarai Amman College of Arts & Science, Chinnatharapuram, Aravakkurichi, Karur - 639 202.",CHINNADHARAPURAM,KARUR - DT,TAMIL NADU,Karur,639202
308,Tamil Nadu,"ARVINTH COLLEGE OF NURSING (Inst. Code - 279), NAMAKKAL","2/191,Trichy Main Road,Ellaikkalmedu.","MettuPatty(po),Namakkal-637020",Namakkal,Namakkal,637020
309,Tamil Nadu,As-Salam College of Engineering and Technology,Thirumangalakudi (PO),Thiruvidaimaruthur (TK),Kumbakonam,Thanjavur,612102
310,Tamil Nadu,ASAN MEMORIAL COLLEGE OF ARTS AND SCIENCE,Velachery-Tambaram Road,Pallikarai,Chennai,Chennai,600100
311,Tamil Nadu,Asan Memorial College of Engineering and Technology,"""Asan Nagar"", 9th Km, Chengalpattu-Mahabalipuram Highway","Post Box No: 6,",Chengalpattu,Kancheepuram,603001
312,Tamil Nadu,"ASAN MEMORIAL DENTAL COLLEGE AND HOSPITAL (Inst. Code - 501), KANCHEEPURAM","Asan Nagar, Oragadam Road,","Keerapakkam village, Chengalpattu - 603 105",NA,Kancheepuram,603105
313,Tamil Nadu,ASIAN COLLEGE OF ENGINEERING AND TECHNOLOGY,"ASIAN COLLEGE ROAD, KONDAYAMPALAYAM",NEAR SARAVANAMPATTI,COIMBATORE,Coimbatore,641110
314,Tamil Nadu,ASIAN INSTITUTE OF MEDICAL ACADEMY (Inst.Code - 531),"NO:100,BAZAAR STREET,VANDAVASI.",NEAR GOVT.GIRLS.HR.SEC.SCHOOL,VANDAVASI,Tiruvannamalai,604408
315,Tamil Nadu,ASIR TEACHER TRAINING INSTITUTE FOR WOMEN VADAKANGULAM,PATHINATHAPURAM,(VIA) VADAKANGULAM,VADAKANGULAM,Tirunelveli,627116
316,Tamil Nadu,ASL Pauls College of Engineering and Technology,Solavampalayam Village &Panchayat,NA,Pollachi,Coimbatore,641032
317,Tamil Nadu,Assefa College of Education,"62, Silarpatti (post ), Peraiyur (TK), Madurai",Pincode : 625702,Madurai,Madurai,625702
318,Tamil Nadu,ASSEFA-SARVA SEVA TEACHER EDUCATION INSTITUTE CHEYYUR,Pooriyampakkam Village,Chithamur,Chithamur,Kancheepuram,603313
319,Tamil Nadu,ATHIVETTI KARUMUTHUVALLI EDUCATIONAL & CHARITABLE THANJAVUR,257/4A TRICHY MAIN ROAD,VALLAM,THANJAVUR,Thanjavur,613403
320,Tamil Nadu,ATHMA INSTITUTE OF MENTAL HEALTH & SOCIAL SCIENCES (AIMSS) (Inst.Code - 592),"No: 12-B, 10th cross",Thillai Nagar,Tiruchirappalli,Tiruchirappalli,620018
321,Tamil Nadu,"Auxilium College (Autonomous)Gandhi Nagar,Katpadi-632 006",Gandhi Nagar Katpadi,Vellore - 632006.,Vellore,Vellore,632006
322,Tamil Nadu,"Auxilium College of Arts and Science for Women,Regunathapuram Village,Alangudi Taluk,Pudukkottai District - 622 302.",REGUNATHAPURAM,KARAMBAKUDI (TK),NA,Pudukkottai,622302
323,Tamil Nadu,"AUXILIUM COLLEGE OF EDUCATION , VELLORE","Plot no:430/8A, Street No:17 Kangeyanallore village, GandhiNagar",NA,Vellore,Vellore,632006
324,Tamil Nadu,Auxilium College of Education for Women,"REGUNATHAPURAM,","KARAMBAKKUDI T.K.,622 302",NA,Pudukkottai,622302
325,Tamil Nadu,"Avalurpet Arts & Science College,Avalurpet Village,Gingee Taluk","Avalurpet, Kilpennathur Road",Gingee Taluk,Avalurpet,Viluppuram,604201
326,Tamil Nadu,"Avinashilingam Institute for Home Science & Higher Education for Women, Coimbatore",Bharathi Park Road,NA,Coimbatore,Coimbatore,641043
327,Tamil Nadu,Avinasi Gounder Mariammal College of Education,Karur Bye-Pass Road,Kollampalayam,Erode,Erode,638002
328,Tamil Nadu,AVINASI GOUNDER MARIAMMALTEACHER TRAINING INSTITUTE KOLLAMPALAYAM,"KARUR BYE PASS ROAD, KOLLAMPALAYAM,",NA,ERODE,Erode,638002
329,Tamil Nadu,"AVM School of Nursing, Thoothukudi","135, PALAYAMKOTTAI ROAD",NA,THOOTHUKUDI,Thoothukkudi,628003
330,Tamil Nadu,AVS COLLEGE OF TECHNOLOGY ( FORMERLY AVS TECHNICAL CAMPUS),ATTUR MAIN ROAD,CHINNAGOUNDAPURAM,SALEM,Salem,636106
331,Tamil Nadu,AVS Engineering College,AVS Engineering College,"MILITARY ROAD, AMMAPET",SALEM - 636003,Salem,636003
332,Tamil Nadu,"AVVAIL SCHOOL OF NURSING, KANCHEEPURAM","5,Panjupettai Big Street,Kancheepuram-631502",NA,NA,Kancheepuram,631502
333,Tamil Nadu,Ayira Vaisya College of Education,5/338 Sowkathali Street,NA,Paramakudi,Ramanathapuram,623707
334,Tamil Nadu,"AYURVEDA COLLEGE (Inst. Code - 019), SULAR, COIMBATORE","242-B, Trichy Road, Sulur, Coimbatore-641402","242-B, Trichy Road, Sulur, Coimbatore-641402",Coimbatore,Coimbatore,641402
335,Tamil Nadu,AYYA NADAR JANAKI AMMAL COLLEGE,SRIVILLIPUTTUR ROAD,NA,SIVAKASI,Madurai,626124
336,Tamil Nadu,AYYA NADAR JANAKI AMMAL POLYTECHNIC COLLEGE CHINNAKKAMANPATTI,Chinnakkamanpatti (PO),Sivakasi East - 626189,SIVAKASI,Virudhunagar,626189
337,Tamil Nadu,Ayyan Thiruvalluvar College of Arts and Science,Sellappampalayam,P.Puliampattty,Coimbatore,Coimbatore,638459
338,Tamil Nadu,AYYAPPA POLYTECHNIC COLLEGE AIVADHUGUDI,"AIVADHUGUDI,",ERANJI POST,VRIDHACHALAM,Cuddalore,606305
339,Tamil Nadu,B.K.R. College of Education,"GRT Mahalakshmi Nagar,","Chennai - Tiruppathi Highway,",Tiruttani,Thiruvallur,631209
340,Tamil Nadu,"B.Padmanabhan Jayanthimala College of Arts &Science ,Kozhai Nizangan,Srimushnam-608 703",Kozhai Nizangan,NA,Srimushnam,Cuddalore,608703
341,Tamil Nadu,B.S. Abdur Rahman Institute of Science & Technology,"Seethakathi Estate, Vandalur",Chennai,Chennai,Kancheepuram,600048
342,Tamil Nadu,B.T.K. College of Education,"manaparai rd, Opp to EB office",Viralimalai,Pudukkottai,Pudukkottai,621316
343,Tamil Nadu,BABA TEACHER TRAINING INSTITUTE KAYATHAR,"115,2&3/9, Nellai Madurai Main Road, Kayathar","115,2&3/9, Nellai Madurai Main Road, Kayathar",Kayathar,Thoothukkudi,628952
344,Tamil Nadu,BAKTHAVATCHALAM POLY. COLLEGE KARAIPETTAI,BAKTHAVATSALAM POLYTECHNI COLLEGE,KARAIPETTAI,KANCHEEPURAM,Kancheepuram,631552
345,Tamil Nadu,Balaji Institute of Engineering and Technology,off - IT High way,"OMR, Thandalam,",Thiruporur,Kancheepuram,603110
346,Tamil Nadu,BALAKRISHNA TEACHER TRAINING INSTITUTE DHARAPURAM OMALUR,Kuppur - Dharapuram Privu Road,Omalur TK,Salem,Salem,636309
347,Tamil Nadu,Balamani Arunachalam Educational & Charitable Trusts Group of Institution,"Sattamangalam, Maraimalai Nagar",603209,Kancheepuram,Kancheepuram,603209
348,Tamil Nadu,Bannari Amman Institute of Technology,"Alathukombai post, Sathyamangalam -638 401, Erode District Tamil Nadu",NA,Sathyamangalam,Erode,638401
349,Tamil Nadu,Bapuji Memorial College of Education,Bapuji Memorial College of Education,"Manavalakurichy Post, Kanyakumari District.",NAGERCOIL,Kanniyakumari,629252
350,Tamil Nadu,BARATHIARS CENTENARYMEMORIAL WOMENS POLYTECH COLLEGE -ETTAYAPURAM,ETTAYAPURAM,628 902,ETTAYAPURAM,Thoothukkudi,628902
351,Tamil Nadu,BEATTIE MEMORIAL TEACHER TRAINING INSTITUTE FOR WOMEN RANIPET,"19,Railway Station Road,",Ranipet,Ranipet,Vellore,632401
352,Tamil Nadu,BESANT L V R TEACHER TRAINING INSTITUTE KOVILPATTI,indira nagar,NA,kovilpatti,Thoothukkudi,628502
353,Tamil Nadu,"Best Arts and Science College, 46, Kaivilancherry Road, Thenpathi, Sirkali Taluk, Nagapattinam District-609 111.",nattham road,NA,sirkali,Nagapattinam,609109
354,Tamil Nadu,Best College of Education,"26/54, Mayuranathar North St,",Mayiladuthurai,Mayiladuthurai,Nagapattinam,609001
355,Tamil Nadu,"BEST DENTAL SCIENCE COLLEGE (Inst. Code - 269), MADURAI","69/1A, ULTRA NAGAR,",MADURAI - CHENNAI HIGHWAY,MADURAI,Madurai,625104
356,Tamil Nadu,BEST TEACHER TRAINING INSTITUTE SIRKALI,"Main Road, Thenpathy, Sirkali",THENPATHY(PO),SIRKALI(TK),Nagapattinam,609111
357,Tamil Nadu,Bethany Navajeevan College of Education,"Bethany Nagar,",Vencode,Puthukkadai,Kanniyakumari,629171
358,Tamil Nadu,"BETHEL SCHOOL OF NURSING, KANYAKUMARI","RODRIGUES HOSPITAL ,KULASEKHARAM,KANYAKUMARI DIST,pin-629161","RODRIGUES HOSPITAL ,KULASEKHARAM,KANYAKUMARI DIST,pin-629161",KULASEKHARAM,Kanniyakumari,629161
359,Tamil Nadu,Bethesda College of Education,Bethelpuram P.O - 629 803,NA,Bethelpuram,Kanniyakumari,629803
360,Tamil Nadu,BETHESDA TEACHER TRAINING INSTITUTE BETHALPURAM,Bethelpuram (P.O),Thingal Nagar,Nagercoil,Kanniyakumari,629803
361,Tamil Nadu,Bethlahem College of Education,KARUNGAL,PIN - 629157,MARTHANDAM,Kanniyakumari,629157
362,Tamil Nadu,"BHAARATH COLLEGE OF NURSING (Inst. Code - 453), DINDIGUL","72B,DINDIGUL ROAD",PALANI,NA,Dindigul,624601
363,Tamil Nadu,Bhajarang Engineering College,"Near Avadi, Ayathur",Veppampattu,Thiruvallur,Thiruvallur,602024
364,Tamil Nadu,BHAKTHAVATCHALAM MEMORIAL COLLEGE,"No.14, 31st Street, Periyar Nagar",Korattur,Chennai,Chennai,600080
365,Tamil Nadu,BHARANI TEACHER TRAINING INSTITUTE SRI SARASWATHI EDUNL TRUST POCHAMPALLI,"Kannandalli(post),Mathur Union,Pochampalli(taluk),Krishnagiri (DT)",NA,NA,Krishnagiri,635203
366,Tamil Nadu,Bharat College of Education,#8 KARAR KRISHNASAMY STREET,KOSAPET,VELLORE,Vellore,632001
367,Tamil Nadu,"BHARAT EDUCATION AND RESEARCH FOUNDATION (Inst. Code - 358), CHENNAI",197 PETERS ROAD,ROYAPETTAH,CHENNAI 600 014,Chennai,600014
368,Tamil Nadu,BHARAT TEACHER TRAINING INSTITUTE KOSAPET,"No. 8, KARAR KRISHANASWAMY STREET,",KOSAPET,VELLORE,Vellore,632001
369,Tamil Nadu,Bharath College of Education,"Near New Busstand,","Trichy Road, Thanjavur",Thanjavur,Thanjavur,613005
370,Tamil Nadu,Bharath College of Education,"Durgalaya Thanjai Road, Ammaiyappan,","Thiruvarur,Tamilnadu",Thiruvarur,Thiruvarur,610001
371,Tamil Nadu,"Bharath College of Science & Management, South Garden, Thanjavur - 613 007.","Bharath Avenue, Near new Bustand,","Trichy Road, Thanjavur",Thanjavur,Thanjavur,613007
372,Tamil Nadu,BHARATH INSTITUE OF TEACHER TRAINING SIVAJI NAGAR NEAR MEMBALAM,Near New Bus Stand,"Trichy Road, Thanjavur-613005",Thanjavur,Thanjavur,613005
373,Tamil Nadu,"Bharath Institute Of Catering Technology & Hotel Management , Thanjavur - 613 001","Bharath Avenue,","Near New Busstand,",Thanjavur,Thanjavur,613001
374,Tamil Nadu,BHARATH INSTITUTE OF CATERING TECHNOLOGY AND HOTEL MANAGEMEN THANJAVUR,"TRICHY ROAD,",NEAR NEW BUS STAND,THANJAVUR,Thanjavur,613005
375,Tamil Nadu,BHARATH INSTITUTE OF EDUCATION,"637,TENKASI-ELATHUR , MAIN ROAD",ELATHUR,SHENCOTTAH,Tirunelveli,627803
376,Tamil Nadu,Bharath Institute of Higher Education & Research,"173, AGHARAM ROAD, SELAIYUR",NA,CHENNAI,Kancheepuram,600073
377,Tamil Nadu,"Bharath Niketan Engineering College, Theni",Sri Gowri Nagar,Thimmarasanaickanoor,Aundipatty,Theni,625536
378,Tamil Nadu,"BHARATH NIKETAN POLYTECHNIC COLLEGE SRI GOWRI NAGAR, THENI",Sri Gowri Nagar,Thimmarasanaickanoor,Aundipatty,Theni,625536
379,Tamil Nadu,BHARATH POLYTECHNIC COLLEGE KOOTHAMPOONDI,MANICKAMPALAYAM,TIRUCHENGODE (TK),SALEM,Namakkal,637202
380,Tamil Nadu,BHARATH POLYTECHNIC COLLEGE THIRVANCHERRY,"AGARAM THEN ROAD, THIRUVANCHERRY, CHENNAI 126","AGARAM THEN ROAD, THIRUVANCHERRY, CHENNAI 126",CHENNAI,Kancheepuram,600073
381,Tamil Nadu,Bharathi College of Education,"Salem main road, Near Power office, Chinnasalem - 606201",Chinnasalem taluk - Villupuram district,Kallakurichi,Viluppuram,606201
382,Tamil Nadu,BHARATHI TEACHER TRAINING INSTITUTE BHARTH EDUN TRUST,"C.MEYYUR & POST,","TIRUKOILUR TK,",VILUPURAM,Viluppuram,605803
383,Tamil Nadu,Bharathi Vidyalaya College of Education,TRICHY ROAD,THIRUGOKARNAM,PUDUKKOTTAI,Pudukkottai,622002
384,Tamil Nadu,Bharathi Vidyalaya College of Education (Women),Trichy Road,Thirukogarnam,Pudukkottai,Pudukkottai,622002
385,Tamil Nadu,BHARATHI VIDYALAYA TEACHER TRAINING INSTITUTE PUDUKKOTTAI,TRICHY ROAD,TIRUGOKARNAM,PUDUKKOTTAI,Pudukkottai,622002
386,Tamil Nadu,"Bharathi Women's Arts &Science College ,Thatghur,Kaalakurugchi-606 202","SALEM MAIN ROAD, THATCHUR",KALLAKURICHI-606 202,KALLAKURICHI,Viluppuram,606213
387,Tamil Nadu,BHARATHI WOMENS COLLEGE,BROADWAY,"1,PRAKASAM SALAI",CHENNAI,Chennai,600108
388,Tamil Nadu,Bharathiar University Arts and Science College,"Modakurichi, Sivagiri",Erode -638 109,Erode,Erode,638109
389,Tamil Nadu,Bharathiar University Arts and science College,Valparai Main Road,Valparai - 642127,Valparai,Coimbatore,642127
390,Tamil Nadu,Bharathiar University College of Arts and Science,"Calicut Main Road,",Kozhipalam,Gudalur-643212,The Nilgiris,643212
391,Tamil Nadu,"Bharathiar University, Coimbatore",Marudhamalai Road,641 046,Coimbatore,Coimbatore,641046
392,Tamil Nadu,Bharathidasan College of Arts and Science,Ellispettai,Pallapalayam Post,Bhavani Taluk,Erode,638116
393,Tamil Nadu,Bharathidasan Engineering College,"M.R.R Nagar ,K.Bandarapalli",Nattrampalli,Vellore,Vellore,635854
394,Tamil Nadu,Bharathidasan School of Business,"ELLISPETTAI,",PALLAPALAYAM (POST),ERODE,Erode,638116
395,Tamil Nadu,"Bharathidasan University College, Orathanadu - 614 625",ORATHANADU - 614 625,THANJAVUR DISTRICT,THANJAVUR,Thanjavur,614625
396,Tamil Nadu,"Bharathidasan University Constituent Arts & Science College (Co-education), Inamkulathur, Tiruchirappalli",Dindugal Main Road,Navalurkuttapattu,Trichirappalli,Tiruchirappalli,620009
397,Tamil Nadu,"Bharathidasan University Constituent Arts & Science College (Co-education), Kaadambadi",Nagore Road,"Velipalayam, Nagapattinam",Nagapattinam,Nagapattinam,611001
398,Tamil Nadu,"Bharathidasan University Constituent Arts & Science College (Co-education), Nannilam, Thiruvarur District",Govt Boys Higher Secondary School Campus,State bank Road,Nannilam,Thiruvarur,610105
399,Tamil Nadu,"Bharathidasan University Constituent College, Lalgudi - 621 601",Paramasivapuram 4th Cross,Lalgudi 621 601,Tiruchirappalli,Tiruchirappalli,621601
400,Tamil Nadu,"Bharathidasan University Model College, Aranthangi - 614 616",Bharathidasan University Model College,"Government polytechnic campus,Avadyar Kovil Road",Aranthangi,Pudukkottai,614616
401,Tamil Nadu,"Bharathidasan University Model College, Thiruthuraipoondi - 614 713","WOMEN AND CHILDREN OLD HOSPITAL ROAD,","NEAR ANNA STATUE, THIRUTHURAIPOONDI-614 713.",THIRUTHURAIPOONDI,Thiruvarur,614713
402,Tamil Nadu,"Bharathidasan University Model College, Vedaranyam - 614 810",Opposite KGKG School,Nagai Road,Vedaranyam,Nagapattinam,614810
403,Tamil Nadu,"Bharathidasan University, Kurumbalur - 621 107",Thuraiyur Main Road,Kurumbalur,Perambalur,Perambalur,621107
404,Tamil Nadu,"Bharathidasan University, Tiruchirappalli",Palkalaiperur,NA,Tiruchirappalli,Tiruchirappalli,620024
405,Tamil Nadu,Bharathiyar Arts & Science College (W),"Deviyakurichi, Thalaivasal","Attur,",Salem.,Salem,636112
406,Tamil Nadu,Bharathiyar College of Education,"Urani, Marakkanam, Mandavai Post",Villupuram,Mandavai,Viluppuram,604303
407,Tamil Nadu,Bharathiyar College of Education,Deviyakurichi (Po),"Attur (Tk)., Salem (Dt)",Attur,Salem,636112
408,Tamil Nadu,Bharathiyar Institute of Engineering for Women,"43/3, DEVIYAKURUCHI","ATTUR (TK), SALEM (DT)",SALEM,Salem,636112
409,Tamil Nadu,Bhavani College of Education,"Main Road.K.N Pettai,",Thiruvanthipuram Post.,Cuddalore,Cuddalore,607401
410,Tamil Nadu,BHAVANI POLYTECHNIC COLLEGE VARADHANALLUR,"Mettur Main Road,Varadhanallur Post,",Bhavani - 638311,Erode,Erode,638311
411,Tamil Nadu,"BILROTH COLLEGE OF NURSING (Inst. Code - 259), CHENNAI","No.2, Mettukuppam Road",Maduravoyal,Chennai,Chennai,600095
412,Tamil Nadu,"BioStatistics Resource and Training Centre.Department of Biostatistics,Christian Medical College",Department of Biostatistics,"Bagayam, Christian Medical College",Vellore,Vellore,632002
413,Tamil Nadu,Bishop Agniswamy College of Education,"Ammandivilai- Muttom Road, Muttom - 629202, K.K.Dist, Tamilnadu","Ammandivilai- Muttom Road, Muttom - 629202, K.K.Dist, Tamilnadu",Nagercoil,Kanniyakumari,629202
414,Tamil Nadu,Bishop Ambrose College,"SUNGAM BYE PASS ROAD, RAMANATHAPURAM (PO), COIMBATORE","SUNGAM BYE PASS ROAD, RAMANATHAPURAM (PO), COIMBATOR",COIMBATORE,Coimbatore,641045
415,Tamil Nadu,Bishop Appasamy College of Arts and Science,"129, RACE COURSE",NA,COIMBATORE,Coimbatore,641018
416,Tamil Nadu,Bishop Appasamy College of Education,CSI COMPOUND,AVINASHI ROAD,COIMBATORE - 641 018,Coimbatore,641018
417,Tamil Nadu,BISHOP ARULSWAMY TEACHER TRAINING INSTITUTE SOUTH IRUNGALUR,IRUNGALUR,MANNACHANALLUR,TRICHY,Tiruchirappalli,621105
418,Tamil Nadu,"Bishop Caldwell College, Maravanmadam, Tuticorin - 628 101",Bishop Caldwell College,Maravanmadam,Thoothukudi,Thoothukkudi,628101
419,Tamil Nadu,"Bishop Heber College, Tiruchirappalli - 620 017.",ALLITHURAI ROAD,PUTHUR,TIRUCHIRAPPALLI,Tiruchirappalli,620017
420,Tamil Nadu,Bishop Packiam Arokiaswamy College of Education,Arputha Nagar,Vamban-Post-622303,Alangudi Taluk,Pudukkottai,622303
421,Tamil Nadu,Bishop Thorp College,"ELLIS NAGAR POST, DHARAPURAM",NA,"DHARAPURAM, TIRUPPUR",Tiruppur,638657
422,Tamil Nadu,"BISHOP'S COLLEGE OF NURSING (Inst. Code - 065), DHARAPURAM, ERODE",CSI MISSION COMPOUND,DHARAPURAM,DHARAPURAM,Erode,638656
423,Tamil Nadu,Blessy College of Education,Navalingam Nagar,Chidambaram,chidambaram,Cuddalore,608302
424,Tamil Nadu,"Bon Secours College for Women, Vilar Bye pass Road, Thanjavur - 613 006.","Vilar Bypass, Thanjavur - 613 006",NA,Thanjavur,Thanjavur,613006
425,Tamil Nadu,Bon Secours College of Education,"Vilar By pass Road,",Thanjavur Dt.,Thanjavur District - 613 006.,Thanjavur,613006
426,Tamil Nadu,"BON SECOURS COLLEGE OF NURSING (Inst. Code - 622), Kancheepuram","Molasur Village, Sunguvarchatram Post, Sriperumbudur Taluk , Kancheepuram District",-,Chennai,Kancheepuram,602106
427,Tamil Nadu,BOSE SCHOOL OF NURSING MADURAI,"46, CMR ROAD",MUNICHALAI,Madurai,Madurai,625009
428,Tamil Nadu,"BPR INSTITUTE OF HEALTH & MEDICAL SCIENCE, Dr. BALAJI HEALTH AND EDUCATION TRUST (Inst. Code - 521), VELLORE","38/a OMC Road, Saidapet,","#89/1 Filterbed Road,",Vellore - 632012,Vellore,632001
429,Tamil Nadu,"BPR SCHOOL OF NURSING, VELLORE","38-A, Old Munsif Court Road, Saidapet-63012","#39/4 FILTERBED ROAD,",VELLORE,Vellore,632001
430,Tamil Nadu,"BRAHMA SCHOOL OF BUSINESS, NAMAKKAL",Namakkal-Trichy Main Road,Valayapatti Post,Namakkal,Namakkal,637020
431,Tamil Nadu,BRILLIANT COLLEGE OF EDUCATION,"NO. 3/87A, Thiruvarur road, Paruthicheri village,","Velur Post,",Thiruthuraipoondi,Thiruvarur,614715
432,Tamil Nadu,"BWDA Arts & Science College,Kolliyangunam,Mailam,Tindivam-604 304","BWDA Arts & Science College,Kolliyangunam,Mailam,Tindivam-604 304","BWDA Arts & Science College,Kolliyangunam,Mailam,Tindivam-604 304",Tindivanam,Viluppuram,604304
433,Tamil Nadu,BWDA POLYTECHNIC COLLEGE PONMANAI,"BWDA Nagar, Kappivilai","Vendalicode, Near Kulasekharam",Nagercoil,Kanniyakumari,629161
434,Tamil Nadu,C C M RAMAKRISHNA POLYTECHNIC COLLEGE KURUVADI,RAMAPURAM POST,KURUVADI,THANJAVUR,Thanjavur,613003
435,Tamil Nadu,C I T SANDWICH POLYTECHNIC COLLEGE SINGANALLUR,"Avinashi Road,",Civil Aerodrome (Post),Coimbatore,Coimbatore,641014
436,Tamil Nadu,C K College of Engineering & Technology (Formerly Sri Jayaram Engineering College),JAYARAM NAGAR,CHELLANGKUPPAM,CUDDALORE,Cuddalore,607003
437,Tamil Nadu,C K SCHOOL OF NURSING ERODE,"41, BALASUBBARAYALU STREET",NA,ERODE,Erode,638001
438,Tamil Nadu,C KANDASWAMY COLLEGE FOR MEN,NO.E7 3RD AVENUE,ANNA NAGAR EAST,CHENNAI,Chennai,600102
439,Tamil Nadu,C P C L POLYTECHNIC COLLEGE MANALI,Nedunchezhian Salai (Opp SRF),Manali,Chennai,Thiruvallur,600068
440,Tamil Nadu,C S I POLYTECHNIC COLLEGE SALEM,"19,YERCAUD MAIN ROAD",HASTHAMPATTY,SALEM,Salem,636007
441,Tamil Nadu,C. Abdul Hakeem College of Engineering and Technology,"Hakeem Nagar,",Melvisharam,Vellore,Vellore,632509
442,Tamil Nadu,C.A.R.E School of Architecture (New),"27, Thayanoor Village, Dindugal Road, TRICHY 620009.",Srirangam Tlk,TRICHY,Tiruchirappalli,620009
443,Tamil Nadu,C.A.R.E. School of Engineering,"#27, Thayanur",Thayanur village,Trichirappalli,Tiruchirappalli,620009
444,Tamil Nadu,"C.Abdhul Hakkem College,Hakeem Nagar,Melvisharam-632 509",HAKEEM NAGAR,MELVISHARAM,NA,Vellore,632509
445,Tamil Nadu,"C.K.S TEACHER TRAINING INSTITUTE, GUDIYATTAM, VELLORE",KAKATHOPPU VILLAGE,"CHETTIKUPPAM POST, GUDIYATTAM TALUK",GUDIYATTAM,Vellore,635806
446,Tamil Nadu,C.K.S. College of Education,KAKATHOPPU VILLAGE,"CHETTIKUPPAM POST, GUDIYATTAM TK",VELLORE DIST,Vellore,632806
447,Tamil Nadu,"C.Kandaswami Naidu College for Women,Cuddalore-607001","Semmandalam, Nellikuppam Road",Cuddalore,Cuddalore,Cuddalore,607001
448,Tamil Nadu,"C.L.BAID METHA COLLEGE OF PHARMACY (Inst. Code - 027), CHENNAI","Rajiv Gandhi Salai, Old Mahabalipuram Road",Thorapakkam,Chennai 600 097.,Chennai,600097
449,Tamil Nadu,C.M.ANNALMALAI POLYTECHNIC COLLEGE R K PET,vellathur village,Adhivaragapuram post,pallipet taluk,Thiruvallur,631303
450,Tamil Nadu,"C.M.S. College of Education,","1359 ,CMS SCHOOL COMPOUND","SATHY ROAD , GANAPATY",COIMBATORE - 641 006.,Coimbatore,641006
451,Tamil Nadu,C.P.A. COLLEGE,Pankajam Nagar,NA,Bodinayakanur - 625513,Theni,625513
452,Tamil Nadu,C.R.V POLYTECHNIC COLLEGE,"SEVANTHAMPATTY,THUVARANKURICHI",MANAPPARAI(TK),TRICHY(DT)-621314,Tiruchirappalli,621314
453,Tamil Nadu,C.S. College of Education,Jayapuram Post,"Tirupattur Taluk, Vellore District635 651",Vellore,Vellore,635651
454,Tamil Nadu,C.S.I. COLLEGE OF ARTS & SCIENCE FOR WOMEN,"Karpaga Nagar 12th street, K.Pudur,Madurai-625007",NA,Madurai,Madurai,625007
455,Tamil Nadu,"C.S.I. COLLEGE OF DENTAL SCIENCES & RESEARCH, (Inst. Code - 266), MADURAI","129, East Veli Street,",NA,Madurai,Madurai,625001
456,Tamil Nadu,C.S.I. College of Education,C.S.I Institutional Campus,Singarathoppu,Ramanathapuram,Ramanathapuram,623501
457,Tamil Nadu,"C.S.I. COLLEGE OF NURSING (Inst. Code - 550), KANNIYAKUMARI",Sinclair Street,Marthandam,Marthandam,Kanniyakumari,629165
458,Tamil Nadu,"C.S.I. JAYARAJ ANNAPACKIAM COLLEGE OF NURSING (Inst. Code - 069), MADURAI",MERRY DEW HILLS,"JONESPURAM,PASUMALAI",MADURAI,Madurai,625004
459,Tamil Nadu,"C.S.I. Jeyaraj Annapackiam College, Nallur - 627 853, Tirunelveli Dist .","Nallur main Road, Nallur",Opposite to West Tirunelveli Higher Secondary School,Alangulam Taluk,Tirunelveli,627853
460,Tamil Nadu,C.S.I. TEACHER TRAINING INSTITUTE DINDIGUL,MADURAI MAIN ROAD,NILAKOTTAI (TALUKA),BATLAGUNDU - 624202,Dindigul,624202
461,Tamil Nadu,C.S.I. TEACHER TRAINING INSTITUTE FOR WOMEN SALEM,HASTHAMPATTY,NA,SALEM,Salem,636007
462,Tamil Nadu,C.S.I.Institute of Technology,Thovalai - 629 302,NA,NA,Kanniyakumari,629302
463,Tamil Nadu,"C.S.JAIN TEACHER TRAINING INSTITUTE, SRIMUSHNAM, CUDDALORE",CHIDAMBARAM ROAD,NA,THETHAMPET - SRIMUSHNAM,Cuddalore,608703
464,Tamil Nadu,C.S.M. College of Education,"Erumanoor Road, Vriddhachalam - 606 001",NA,Cuddalore,Cuddalore,606001
465,Tamil Nadu,"C.S.S.R TEACHER TRAINING INSTITUTE, MURUGA BHAVANAM, DINDIGUL",MURUGHABHAVANAM,PALANI ROAD,DINDIGUL,Dindigul,624001
466,Tamil Nadu,"Cambridge College of Arts and Science, Vettamangalam, Karur District-639 117.",VETTAMANGALAM,VETTAMANGALAM po,KARUR,Karur,639117
467,Tamil Nadu,"CANCER INSTITUTE (W.I.A.) (Inst. Code - 039), CHENNAI",Canal Bank Road Gandhi Nagar,Adyar Chennai 600020,Chennai,Chennai,600020
468,Tamil Nadu,"CANCER INSTITUTE (W.L.A.) (Inst. Code - 439), ADYAR, CHENNAI",Canal Bank Road Gandhi nagar,Adyar Chennai,Chennai,Chennai,600020
469,Tamil Nadu,Cape Institute of Technology,Levengipuram,Rajakrishnapuram Post,Radhapuram,Tirunelveli,627114
470,Tamil Nadu,CAPE POLYTECHNIC COLLEGE BOOTHAPANDY,NEAR MUPPANDAL,ARALVOIMOZHY,NAGERCOIL,Kanniyakumari,629301
471,Tamil Nadu,CAPITAL COLLEGE OF ARCHITECTURE,"3rd Floor Hindustan Matric. School, Nava India,Avinashi Road",NA,Coimbatore,Coimbatore,641028
472,Tamil Nadu,"CARE INSTITUTE OF BEHAIRORAL SCIENCES (A UNIT OF CARE, TRICHY) (Inst. Code - 389), CHENNAI","#1, FIRST FLOOR, DR.THIRUMURTHY NAGAR 5TH STREET,","NUNGAMBAKKAM,",CHENNAI,Chennai,600034
473,Tamil Nadu,"Caussanel College of Arts and Science, Muthuppettai",Angelo Nagar,Muthupettai,Ramanathapuram,Ramanathapuram,623523
474,Tamil Nadu,"CAUVERY AMMAL TEACHER TRAINING INSTITUTE, AKSHAYANAGAR, DINDIGUL",SEELAPADI POST,AKSHYA NAGAR,DINDIGUL,Dindigul,624005
475,Tamil Nadu,"Cauvery College for Women, Annamalai Nagar, Tiruchirappalli - 620 018.",Annamalai Nagar,NA,NA,Tiruchirappalli,620018
476,Tamil Nadu,Cauvery College of Engineering and Technology,PERUR,KULUMANI ROAD,TRICHY,Tiruchirappalli,639103
477,Tamil Nadu,CBM College,"Sakethapuri, Kovaipudur,",Coimbatore-641042,Coimbatore,Coimbatore,641042
478,Tamil Nadu,"Central Electro Chemicals Researh Institute, Karaikudi",CSIR-Central Electrochemical Research Institute,NA,Karaikudi - 630003,Sivaganga,630003
479,Tamil Nadu,Central Institute of Plastics Engineering and Technology,"CIPET ( Govt. of India), T.V.K Industrial Estate",Guindy,Chennai,Chennai,600032
480,Tamil Nadu,CENTRAL POLYTECHNIC COLLEGE KALIKUNDRAM,THARAMANI,CHENNAI 600113,CHENNAI,Chennai,600113
481,Tamil Nadu,"Central University of Tamil Nadu, Tiruvarur","Central University of Tamil Nadu,","Neelakudi, Kangalancherry,",Thiruvarur,Thiruvarur,610101
482,Tamil Nadu,"Centre for Stem Cell Research ,Department of Biotechnology,Christian Medical College","DEPARTMENT OF STEM CELL RESEARCH, CHRISTIAN MEDICAL COLLEGE,",STEM CELL RESEARCH CAMPUS,VELLORE,Vellore,632001
483,Tamil Nadu,Century Foundation College of Education,"628/2C, 629/2B-1, Rackiyapalayam,",Vijayapuram Post,Tirupur,Coimbatore,641606
484,Tamil Nadu,CENTURY FOUNDATION TEACHER TRAINING INSTITUTE COIMBATORE,"628/2C, Rackiyapalayam,",Vijayapuram,TIRUPUR,Coimbatore,641606
485,Tamil Nadu,Centwin College of Education,"300,Poolavadi Road, Dharapuram",0,Tirupur,Erode,638657
486,Tamil Nadu,"CENTWIN TEACHER TRAINING INSTITUTE, ERODE","300,Poolavadi Road, Dharapuram,",NA,Tiruppur,Tiruppur,638657
487,Tamil Nadu,"CET COLLEGE OF NURSING (Inst. Code - 507), KANNIYAKUMARI","1.2/1-10A, MOOKUTHI ROAD",NA,THIDAL,Kanniyakumari,629851
488,Tamil Nadu,Chandra Chellappan College of Education,"Thalambadi Post,Sellappamtti Via,Namakkal Dt,Pin-637019",NA,Namakkal,Namakkal,637019
489,Tamil Nadu,CHANDRA TEACHER TRAINING SCHOOL CUDDALORE,SETHIYATHOPE -608702,CHIDAMBARAM TALUK,CHIDAMBARAM,Cuddalore,608702
490,Tamil Nadu,Chandy College of Education,"2/45,North Street,",Muthiahpuram,Thoothukudi,Thoothukkudi,628005
491,Tamil Nadu,Chandy College of Engineering,Chandy Nagar,Mullakkadu,Thoothukudi,Thoothukkudi,628005
492,Tamil Nadu,CHANDY POLYTECHNIC COLLEGE MULLAKKADU,CHANDY NAGAR,MULLAKKADU,THOOTHUKUDI,Thoothukkudi,628005
493,Tamil Nadu,Chellammal College of Education,"E.B.Office Back Side, Aundipatti",Theni Road,Aundipatti,Theni,625512
494,Tamil Nadu,"CHELLAMMAL TEACHER TRAINING INSTITUTE, THENI","E.B OFFICE BACK SIDE, AUNDIPATTI",THENI MAIN ROAD,AUNDIPATTI,Theni,625512
495,Tamil Nadu,CHELLAMMAL WOMENS COLLEGE,"112, Anna Salai,",Guindy,Chennai,Chennai,600032
496,Tamil Nadu,Chendhuran College of Engineering and Technology,"Madurai Road, Lena Vilakku, Pilivalam (Po),","Thirumayam (Tk), Pudukkottai - 622 507",Pudukkottai,Pudukkottai,622507
497,Tamil Nadu,Chendu College of Engineering & Technology,Zamin Endathur Village,Madurantakam Taluk,Kancheepuram District,Kancheepuram,603311
498,Tamil Nadu,CHENDURAN POLYTECHNIC COLLEGE PILIVALAM,"MADURAI ROAD,LENA VILAKKU,","PILIVALAM (PO),","THIRUMAYAM (TK),",Pudukkottai,622507
499,Tamil Nadu,CHENNAI ACADEMY OF ARCHITECTURE AND DESIGN,"516, Chennai -Thirupathi Highway,","Kannigaipair,",Chennai,Thiruvallur,601102
500,Tamil Nadu,"CHENNAI DENTAL RESEARCH FOUNDATIONS (Inst. Code - 566), CHENNAI","56, Dr. Radhakrishnan Salai",Mylapore,Chennai,Chennai,600004
501,Tamil Nadu,Chennai Institute of Technology,Sarathy Nagar,"Nandhambakam post, Kundrathur",Chennai-600069,Kancheepuram,600069
502,Tamil Nadu,"Chennai Mathematical Institue, Chennai",H1 SIPCOT IT Park,Siruseri,Kelambakkam,Chennai,603103
503,Tamil Nadu,"CHENNAI MEDICAL COLLEGE HOSPITAL AND RESERCH CENTRE (Inst. Code - 246), TRICHY",Irungalur,Mannachanallur,Tiruchirappalli,Tiruchirappalli,621105
504,Tamil Nadu,CHENNAI NATIONAL ARTS AND SCIENCE COLLEGE,"College Road,",NA,"Avadi, Chennai - 600 054",Chennai,600054
505,Tamil Nadu,"CHENNAI TEACHER TRAINING INSTITUTE, IRULAPALAYAM, THIRUVALLUR","No 28, Irulaoayam, Kuthambakkam Village & Post",Same as above,Poonamallee,Thiruvallur,600124
506,Tamil Nadu,Chenneys Institute of Hotel Management,"97/4 Saradha College Main Road,","Five Roads,",Salem-4.,Salem,636004
507,Tamil Nadu,CHERAN COLLEGE OF EDUCATION,PLOT /KHASARA No. 743/743-1/745 ERODE ROAD,PUNNAM CHATIRAM VILLAGE & POST,ARAVAKURICHI- TALUK,Karur,639136
508,Tamil Nadu,CHERAN COLLEGE OF ENGINEERING,"CHERAN NAGAR, NH-67, KARUR TO COVAI HIGH WAY,","K. PARAMATHI,",KARUR,Coimbatore,639111
509,Tamil Nadu,"CHERAN POLYTECHNIC COLLEGE, KADACHANALLUR","TAJ NAGAR,SPB COLONY",PALLIPALAYAM,NAMAKKAL,Namakkal,638010
510,Tamil Nadu,CHERAN SCHOOL OF ARCHITECTURE,"cheran nagar,NH-67",NA,karur,Coimbatore,639111
511,Tamil Nadu,"CHERRAAN S COLLEGE OF NURSING (Inst. Code - 061), COIMBATORE","521, Siruvani Main Road,","Telungupalayam Priviu,Perur",Coimbatore-39,Coimbatore,641039
512,Tamil Nadu,"CHERRAAN S COLLEGE OF PHARMACY (Inst. Code - 116), COIMBATORE",521- SIRUVANI MAIN ROAD,TELUNGUPALAYAM PIRIVU,COIMBATORE -39,Coimbatore,641039
513,Tamil Nadu,"CHERRAAN S COLLEGE OF PHYSIOTHERAPY (Inst. Code - 111), COIMBATORE",521 SIRUVANI MAIN ROAD,TELUNGUPALAYAM,COIMBATORE,Coimbatore,641039
514,Tamil Nadu,Cherran College for Women,"JJ NAGAR, ARASAMPALAYAM",KANGAYAM,TIRUPPUR,Tiruppur,641604
515,Tamil Nadu,"Chettinad Academy of Research & Education, Kancheepuram","Rajiv Gandhi Salai (OMR Chennai), Padur",Kelambakkam,NA,Kancheepuram,603103
516,Tamil Nadu,Chettinad College of Engineering & Technology,"NH-67, Karur - Trichy Highways,",Puliyur CF,Karur,Karur,639114
517,Tamil Nadu,Chettinad College of Nursing,Rajiv Gandhi Salai (OMR Chennai) Padur,Kelambakkam,NA,Kancheepuram,603103
518,Tamil Nadu,"CHETTINAD DENTAL COLLEGE AND RESEARCH INSTITUTE (Inst. Code - 267), KANCHEEPURAM",Rajiv Gandhi Salai,"Padur,","Kelambakkam, (po) 603 103",Kancheepuram,603103
519,Tamil Nadu,Chettinad Hospital and Research Institute,Rajiv Gandhi Salai (OMR Chennai),Kelambakkam,NA,Kancheepuram,603103
520,Tamil Nadu,CHEVALIER T THOMAS ELIZABETH COLLEGE FOR WOMEN,"No.16, St.Mary's Road,Mary Land,Sembium, Chennai-600 011",NA,Chennai,Chennai,600011
521,Tamil Nadu,CHEYYAR POLYTECHNIC COLLEGE KULAMANDHAI,ERUMAIVETTI POST,KULAMANDHAI VILLAGE,CHEYYAR,Tiruvannamalai,604401
522,Tamil Nadu,CHEYYAR TEACHER TRAINING INSTITUTE CHEYYAR THIRUVANNAMALAI,69 ARNI ROAD,CHEYYAR,CHEYYAR TK,Tiruvannamalai,604407
523,Tamil Nadu,Chezhian College of Education,CC Road Thenpallipattu,Polur,Kalasapakkam,Tiruvannamalai,606751
524,Tamil Nadu,"Chidambaram Pillai College for Women, Manachanallur, Tiruchirappalli - 621 005.","No.3, Mela kavalkara Street",Mannachanallur,Trichy,Tiruchirappalli,621005
525,Tamil Nadu,Chikkaiah Naicker College,Sathy Road,Veerappanchatram,Erode,Erode,638004
526,Tamil Nadu,Chikkanna Govt Arts College,College Road,NA,Tirupur - 641 602,Tiruppur,641602
527,Tamil Nadu,"CHILD JESUS COLLEGE OF NURSING (Inst. Code - 234), TRICHIRAPALLI","Child Jesus College of Nursing, Child Jesus Hospital, Trichy - 1","Post Box.No.17,Cantonment , Trichy",Tiruchirapalli,Tiruchirappalli,620001
528,Tamil Nadu,"CHITHIRAI COLLEGE OF NURSING (Inst. Code - 315), MADURAI","36-E, KURUVIKARAN SALAI",NA,MADURAI,Madurai,625009
529,Tamil Nadu,CHOLAN INSTITUTE OF TECHNOLOGY SEMBARAMBAKKAM,"16,SEMBARAMBAKKAM",KARAI POST PIN - 631 552,KANCHIPURAM,Kancheepuram,631552
530,Tamil Nadu,CHOZHAN TEACHER TRAINING INSTITUTE KANCHEEPURAM,16 SEMBARAMBAKKAM,KARAI POST,KANCHIPURAM,Kancheepuram,631552
531,Tamil Nadu,CHRIST ACADEMY CHRIST NAGAR THANJAVUR,"1626 - RAHMAN NAGAR , FIRST STREET","MEDICAL COLLEGE ROAD,",THANJAVUR,Thanjavur,613004
532,Tamil Nadu,CHRIST ARTS AND SCIENCE COLLEGE,"Kilachery Village & Post, Perambakkam via, Thiruvallur TK & DT - 631 402",NA,NA,Chennai,631402
533,Tamil Nadu,Christ College of Education for Women,"No: 1626, CHRIST BHAWAN, FIRST STREET,RAHUMAN NAGAR,","MEDICAL COLLEGE ROAD, THANJAVUR 613 004",THANJAVUR,Thanjavur,613004
534,Tamil Nadu,Christ College of Education for Women,"A.Jettihalli(po),collector bungla backside, Dharmapuri(dt).","A.Jettihalli(po),collector bungla backside, Dharmapuri(dt).",Dharmapuri,Dharmapuri,636807
535,Tamil Nadu,Christ The King Engineering College,"Cecilia Gardens, Chikkaram Palayam Village,",Karamadai,Coimbatore,Coimbatore,641104
536,Tamil Nadu,CHRIST THE KING INSTI. OF TECHNOLOGY OTHAKKALMANDAPAM,"PREMIER NAGAR,POLLACHI MAIN ROAD,OTHAKKALMANDAPAM",COIMBATORE-641032,COIMBATORE,Coimbatore,641032
537,Tamil Nadu,CHRISTARAJA TEACHER TRAINING INSTITUTE,Caussanelpuram,Konganthanparai,Tirunelveli,Tirunelveli,627007
538,Tamil Nadu,"Christhu Raj College, Panjapur, Edamalaipatti Pudur, Tiruchirappalli - 620 012.","Royal Nagar, Panjappur,",Viralimalai Road,Trichy,Tiruchirappalli,620012
539,Tamil Nadu,Christian College of Education,"14, Venkatesapuram",Perambalur,Perambalur,Perambalur,621212
540,Tamil Nadu,"Christian College of Engineering and Technology, Oddanchatram, Palani",Near Check Post,Oddanchatram,Dindigul,Dindigul,624619
541,Tamil Nadu,"CHRISTIAN COLLEGE OF NURSING (Inst. Code - 187), NEYYOOR, KANNIYAKUMARI",CHRISTIAN COLLEGE OF NURSING NEYYOOR,NEYYOOR POST,NAGERCOIL,Kanniyakumari,629802
542,Tamil Nadu,Christian College of Physical Education,K.P. ROAD,VETTURNIMADAM POST,NAGERCOIL,Kanniyakumari,629003
543,Tamil Nadu,"CHRISTIAN COLLEGE OF PHYSIOTHERAPY (Inst. Code - 176), KANNIAKUMARI",CHRISTIAN COLLEGE OF PHYSIOTHERAPY,COLACHEL,NAGERCOIL,Kanniyakumari,629251
544,Tamil Nadu,"CHRISTIAN FELLOWSHIP COMMUNITY HEALTH CENTRE, COLLEGE OF NURSING (Inst. Code - 035 ) DINDUGUL","Christian Fellowship Community Health Centre,","Shanthipuram, Ambilikkai - 624612",Dinidigul,Dharmapuri,624612
545,Tamil Nadu,"CHRISTIAN FELLOWSHIP HOSPITAL, ODDANCHATRAM, DINDIGUL","Principal, School of Nursing","Christian Fellowship Hospital,",Oddanchatram - 624 619,Dindigul,624619
546,Tamil Nadu,"CHRISTIAN MEDICAL COLLEGE (Inst. Code - 011), VELLORE","THE PRINCIPAL, CHRISTIAN MEDICAL COLLEGE","THORAPADI POST, BAGAYAM",VELLORE,Vellore,632002
547,Tamil Nadu,"CHRISTIAN MEDICAL COLLEGE (Inst. Code - 436), VELLORE",PRINCIPALS OFFICE CHRISTIAN MEDICAL COLLEGE,"THORAPADI POST, BAGAYAM",VELLORE,Vellore,632002
548,Tamil Nadu,"CHRISTIAN MEDICAL COLLEGE (Inst. Code - 515), VELLORE","THE PRINCIPAL, CHRISTIAN MEDICAL COLLEGE","THORAPADI POST, BAGAYAM",VELLORE,Vellore,632002
549,Tamil Nadu,"CHRISTIAN MEDICAL COLLEGE (Inst. Code - 556), VELLORE","The Principal, Christian Medical College","Thorapadi Post, Bagayam",Vellore,Vellore,632002
550,Tamil Nadu,"CHRISTIAN MEDICAL COLLEGE (Inst. Code - 565), VELLORE","THE PRINCIPAL, CHRISTIAN MEDICAL COLLEGE","THORAPADI POST, BAGAYAM",VELLORE,Vellore,632002
551,Tamil Nadu,"CHRISTIAN MEDICAL COLLEGE AND HOSPITAL, COLLEGE OF NURSING (Inst. Code - 033), VELLORE",COLLEGE OF NURSING,CHRISTIAN MEDICAL COLLEGE,VELLORE,Vellore,632004
552,Tamil Nadu,"CHRISTIAN MEDICAL COLLEGE, COLLEGE OF PHYSIOTHERAPY, (Inst. Code - 169), VELLORE",PRINCIPALS OFFICE CHRISTIAN MEDICAL COLLEGE,THORAPADI POST BAGAYAM,VELLORE,Vellore,632002
553,Tamil Nadu,CHRISTIAN TEACHER TRAINING INSTITUTE PERAMBALUR,14 Venkatesapuram,Perambalur,NA,Perambalur,621212
554,Tamil Nadu,CHRISTIAN TEACHER TRAINING INSTITUTE VELLORE,171 KANNAN NAGAR,WINTERPET ARAKKONAM,ARAKKONAM,Vellore,631005
555,Tamil Nadu,"CHRISTIANÂ MEDICALÂ COLLEGE, COLLEGE OF OCCUPATION THERAPHYÂ (Inst. Code - 177), Â VELLOREÂ",PRINCIPALS OFFICE CHRISTIAN MEDICAL COLLEGE,THORAPADI POST BAGAYAM,VELLORE,Vellore,632002
556,Tamil Nadu,"CHRISTIANÂ MEDICALÂ COLLEGEÂ (B.M.R.S.C & B.Sc.M.L.T)Â (Inst. Code - 178 & 179), Â Â VELLOREÂ",PRINCIPALS OFFICE CHRISTIAN MEDICAL COLLEGE,"THORAPADI POST, BAGAYAM",VELLORE,Vellore,632002
557,Tamil Nadu,"CHRISTIANÂ MEDICALÂ COLLEGEÂ (M.Sc.(EPIDEMIOLOGY)Â Â Â (Inst. Code - 180), VELLORE","THE PRINCIPAL, CHRISTIAN MEDICAL COLLEGE","THORAPADI POST, BAGAYAM",VELLORE,Vellore,632002
558,Tamil Nadu,CHURCH PARK ANGLO INDIAN TEACHER TRAINING SCHOOL ANNA SALAI CHENNAI,"212, ANNA SALAI",NA,CHENNAI,Chennai,600006
559,Tamil Nadu,CLAUDINE SCHOOL OF NURSING DINDIGUL,"Claudine School of Nursing, Leonard Hospital, Batlagundu - 624202, Dindigul District, Tamilnadu","Claudine School of Nursing, Leonard Hospital, Batlagundu - 624202, Dindigul District, Tamilnadu",Batlagundu,Dindigul,624202
560,Tamil Nadu,CMS Academy of Management and Technology,Chinnavedampatti,Coimbatore,Coimbatore,Coimbatore,641049
561,Tamil Nadu,CMS College of Engineering,CMS NAGAR,ERANAPURAM,NAMAKKAL,Namakkal,637003
562,Tamil Nadu,CMS College of Engineering and Technology,Appachigoundenpathy,Kumittipathi Post,Coimbatore,Coimbatore,641032
563,Tamil Nadu,CMS College of Science and Commerce,CHINNAVEDAMPATTI,NA,COIMBATORE - 641049,Coimbatore,641049
564,Tamil Nadu,CMS Institute of Management Studies,CHINNAVEDAMPATTI,NA,COIMBATORE,Coimbatore,641049
565,Tamil Nadu,"CMS POLYTECHNIC COLLEGE CMS NAGAR, NAMAKKAL",CMS NAGAR,ERANAPURAM,NAMAKKAL,Namakkal,637003
566,Tamil Nadu,Coimbatore Institute of Engineering and Technology,"Vellimalai Pattinam, Thondamuthur Via,","Narasipuram Post, Coimbatore - 641 109.",Coimbatore,Coimbatore,641109
567,Tamil Nadu,Coimbatore Institute of Management and Technology,VELLIMALAIPATTINAM,"NARASIPURAM POST, THONDAMUTHUR VIA",COIMBATORE,Coimbatore,641109
568,Tamil Nadu,Coimbatore Institute of Technology,Avanashi Road,Civil Aerodrome Post,Coimbatore,Coimbatore,641014
569,Tamil Nadu,"COIMBATORE MEDICAL COLLEGE (Inst. Code - 007), COIMBATORE",CIVIL AERODROME POST,AVINASHI ROAD,COIMBATORE,Coimbatore,641014
570,Tamil Nadu,"COLLEGE OF AGRICULTURAL TECHNOLOGY, THENI","Kullapuram, Vigai Dam (via)","Aundipatti (Taluk),Theni (Dist.) 625 562",Theni,Theni,625562
571,Tamil Nadu,College of Business Management,NH7-SAPPANIPATTI,KARAGUR-(PO),KRISHNAGIRI,Krishnagiri,635111
572,Tamil Nadu,"College of Engg., Guindy Campus",3,SARDAR PATEL ROAD,CHENNAI - 600025,Chennai,600025
573,Tamil Nadu,"College of Food and Dairy Technology, Koduvalli","The Dean, Faculty of Food Science, Institute of Food and Dairy Technology",Koduvalli Village,Chennai 600 052,Thiruvallur,600052
574,Tamil Nadu,COLLEGE OF GANDHIAN THOUGHT,Gandhi Museum,NA,Madurai,Madurai,625020
575,Tamil Nadu,"College of Poultry Production and Management, Hosur",Mathigiri post,Hosur,Hosur,Krishnagiri,635110
576,Tamil Nadu,CONCORDIA TEACHER TRAINING INSTITUTE AMBUR VELLORE,"MISSION COMPOUND, AMBUR - 635 802.",NA,AMBUR,Vellore,635802
577,Tamil Nadu,Cosmopolitan College of Education,"Sengadu, Manavala Nagar Via",Sri Perumbuthur,Kancheepuram,Kancheepuram,602002
578,Tamil Nadu,"CR ENGINEERING COLLEGE, VALAYAPATTI, MADURAI","Valayapatti Village , Melur Tk",Alagarkovil,Madurai,Madurai,625301
579,Tamil Nadu,Crescent College of Education,Main Road,Somasipadi,Thiruvannamalai,Tiruvannamalai,606611
580,Tamil Nadu,"CRESCENT YOUSUF ZULAIKHA SCHOOL OF NURSING, MADURAI","Seethakathi nagar, Kallampatti, Chatrapatti (P.O) Madurai - 14.","Seethakathi nagar, Kallampatti, Chatrapatti (P.O) Madurai - 14.",Madurai,Madurai,625014
581,Tamil Nadu,"CRESENT TEACHER TRAINING INSTITUTE, SEETHAKATHI NAGAR, MADURAI",CRESCENT EDUCATIONAL CAMPUS,"Kallampatti, Chathrapatti(p.o)",Madurai-625 014,Madurai,625014
582,Tamil Nadu,"CROSS SCHOOL OF NURSING, KANYAKUMARI","Wattspuram, Derisanamcope, Azhagiapandipuram(p.0)","Kanyakumari Dist,Tamilnadu 629851",Nagercoil,Kanniyakumari,629851
583,Tamil Nadu,CSI Bishop Newbigin College of Education,"109,Dr.RadhaKrishnan Road,",Mylapore.,Chennai,Chennai,600004
584,Tamil Nadu,CSI College of Engineering,"KETTI POST,THE NILGIRIS 643 215",NA,NA,The Nilgiris,643215
585,Tamil Nadu,"CSI ELIZA CALDWELL COLLEGE OF NURSING (Inst. Code - 341), TIRUNELVELI",Idaiyangudi,Tisaiyanvilai,Tirunelveli,Tirunelveli,627651
586,Tamil Nadu,CSI EWARTS WOMENS CHRISTIAN COLLEGE,Melrosapuram 603204,NA,NA,Chennai,603204
587,Tamil Nadu,"CSI HOSPITAL SCHOOL OF NURSING, ERODE",C S I HOSPITAL,BROUGH ROAD,ERODE,Erode,638001
588,Tamil Nadu,"CSI KALYANI COLLEGE OF ALLIED HEALTH SCIENCES (Inst. Code - 593), CHENNAI","#15,Dr.Radha Krishnan Salai",Mylapore,Chennai,Chennai,600004
589,Tamil Nadu,"CSI KALYANI COLLEGE OF NURSING (Inst. Code - 546), CHENNAI",CSI KALYANI GENERAL HOSPITAL,"NO.15. RADHAKRISHNAN SALAI, MYLAPORE",CHENNAI - 600 004.,Chennai,600004
590,Tamil Nadu,"CSI MISSION GENERAL HOSPITAL, TIRUCHIRAPPALLI","School of Nursing,","C.S.I. Mission General Hospital, Woriur,","Tiruchirappalli,",Tiruchirappalli,620003
591,Tamil Nadu,"CSI ST.LUKE COLLEGE OF NURSING (Inst. Code - 504), TOOTHUKUDI",Thirumaraiyur,Nazareth,Tuticorin,Thoothukkudi,628617
592,Tamil Nadu,"CSI TEACHER TRAINING INSTITUTE, ERODE","Post Box No. 14, Brough Road",Erode - 638 001.,Erode,Erode,638001
593,Tamil Nadu,"CSM College of Arts &Science ,Erumanoor Road,Virudachalam-6-6 001",ERUMANOOR ROAD,VRIDDHACHALAM,CUDDALORE,Cuddalore,606001
594,Tamil Nadu,"D M & R TEACHER TRAINING INSTITUTE, TIRUMANGALAM",D.M.&R.TEACHER TRAINING INSTITUTE TIRUMANGALAM,NEW MISSION COMPOUND,TIRUMANGALAM,Madurai,625706
595,Tamil Nadu,D N V SCHOOL OF NURSING DHARMAPURI,"NO:7,RAJAGOPALGOUNDAR STREET","NO:7,RAJAGOPALGOUNDAR STREET",DHARMAPURI,Dharmapuri,636701
596,Tamil Nadu,D P C POLYTECHNIC COLLEGE -PAGALPATTI,PAPALLPATTI,OMALUR-PO,SALEM-DT,Salem,636304
597,Tamil Nadu,"D.G. Government Arts College for Women, Mayiladuthurai - 609 001.",Dharmapuram Gnanambigai Govt. Arts College,"Mayiladuthurai, Nagai",Mayiladuthurai,Nagapattinam,609001
598,Tamil Nadu,D.J.Academy for Managerial Excellence,Coimbatore Pollachi Highway,Othakkalmandapam post,coimbatore,Coimbatore,641032
599,Tamil Nadu,"D.K.M. College for Women,(autonomous )Sainathapuram-632 001","No. 57, D.K.M. College Road,",Sainathapuram,Vellore 632 001.,Vellore,632001
600,Tamil Nadu,D.K.T. College of Education,Amaravathipalayam,Peruntholuvu (PO),Tirupur - 641 665,Coimbatore,641665
601,Tamil Nadu,"D.V.C PARA MEDICAL INSTITUTE (Inst. Code - 578), CUDDALORE",THIRUMURUGAN NAGAR,"THAMARAIKULA STREET,",SRIMUSHNAM,Cuddalore,608703
602,Tamil Nadu,D.V.C. College of Education,"Thirumurugan Nagar,","Srimushnam, Kattumannarkoil Taluk,",Cuddalore District - 608 703.,Cuddalore,608703
603,Tamil Nadu,D.V.C.TEACHER TRAINING INSTITUTE CUDDALORE,"Thirumurugan nagar,","thmaraikula Street,",Srimushnam.,Cuddalore,608703
604,Tamil Nadu,D.V.D. TEACHER TRAINING INSTITUTE KANYAKUMARI,"39/213 Chidambara Nagar,",Kottar.,Nagercoil - 2.,Kanniyakumari,629002
605,Tamil Nadu,DA VINCI SCHOOL OF DESIGN AND ARCHITECTURE,Rajiv Gandhi Salai,Karapakkam,Chennai,Chennai,600097
606,Tamil Nadu,Dakshina Bharat Hindi Prachar Sabha,Thanikachalam Road,Thyagraya Nagar,Chennai,Chennai,600017
607,Tamil Nadu,DB JAIN COLLEGE,"IT-COORDIOR,JOTHI NAGAR,RAJIV GANDHI SALAI",THORAPAKKAM,CHENNAI,Chennai,600097
608,Tamil Nadu,"Deen College of Arts and Science, Nidur-Kaduvangudi, Aruvappadi Village, Mayiladuthurai, Nagapattinam (Dt.) - 609 203","Deen College of Arts and Science, Nidur-Kaduvangudi, Aruvappadi Village, Mayiladuthurai, Nagapattinam (Dt.) - 609 203","Deen College of Arts and Science, Nidur-Kaduvangudi, Aruvappadi Village, Mayiladuthurai, Nagapattinam (Dt.) - 609 203",Mayiladuthurai,Nagapattinam,609203
609,Tamil Nadu,"DEEPTHI COLLEGE OF NURSING, (Inst. Code -610), Namakkal","KALINAICKANUR,VELAGOUNDANPATTY PO,NAMAKKAL","KALINAICKANUR,VELAGOUNDANPATTY PO,NAMAKKAL",NAMAKKAL,Namakkal,637212
610,Tamil Nadu,"DELTA SCHOOL OF NURSING, KANCHEEPURAM","Kadalure Village Post, East Coast Road, Cheyyur Taluk-603305",Same as above,NA,Kancheepuram,603305
611,Tamil Nadu,DEVAMATHA SCHOOL OF NURSING NILGIRI,KOOKALTHORAI,KOTAGIRI,KOTAGIRI,The Nilgiris,643217
612,Tamil Nadu,DEVAN TEACHER TRAINING INSTITUTE VELLORE,"V.KOTA ROAD, PERNAMBUT",NA,VELLORE,Vellore,635810
613,Tamil Nadu,DEVANGA ARTS COLLEGE,"801, Thiruchuli Road",NA,Aruppukottai,Virudhunagar,626101
614,Tamil Nadu,"DEVANGAR POLYTECHNIC COLLEGE, THENI",MADURAI MAIN ROAD,D.VADIPATTI(PO),PERIYAKULAM,Theni,625602
615,Tamil Nadu,DEVARAJAN TEACHER TRAINING INSTITUTE NAGAPATTINAM,"MAIN ROAD. GOUNDERKADU, KARIYAPATTINAM(PO),","VEDARANYAM(T.K),NAGAPATTINAM (D.T),614806",VEDARANYAM,Nagapattinam,614806
616,Tamil Nadu,"DEVENDRAR COLLEGE OF PHYSIOTHERAPY (Inst. Code - 140), TIRUNELVELI","THOOTHUKUDI MAIN ROAD, ARIYAKULAM",TIRUNELVELI - 627351,TIRUNELVELI,Tirunelveli,627351
617,Tamil Nadu,DG VAISHNAV COLLEGE,833 periyar EVR Salai,Arumbakkam,Chennai,Chennai,600106
618,Tamil Nadu,Dhaanish Ahmed College of Engineering,Dhaanish Nagar,Vanchuvanchery,padappai,Kancheepuram,601301
619,Tamil Nadu,DHAANISH AHMED INSTITUTE OF TECHNOLOGY,"VEERAPPANUR, NEAR K.G. CHAVADI",PICHANUR POST,COIMBATORE,Coimbatore,641105
620,Tamil Nadu,Dhanalakshmi College of Engineering,"Dr. V P R Nagar, Manimangalam",Tambaram - 601 301,Chennai,Kancheepuram,601301
621,Tamil Nadu,"Dhanalakshmi Srinivasan College of Arts & Science for Women, Perambalur - 621 212.",Thuraiyur Road,Perambalur,Perambalur,Perambalur,621212
622,Tamil Nadu,Dhanalakshmi Srinivasan College of Education,"227C, Thuraiyur Road,",Perambalur - 621212,perambalur,Perambalur,621212
623,Tamil Nadu,Dhanalakshmi Srinivasan College of Education for Women,"Thuraiyur Road,",Perambalur - 621212,Perambalur,Perambalur,621212
624,Tamil Nadu,Dhanalakshmi Srinivasan College of Engineering,"Dhanalakshmi Srinivasan College of Engineering, NH-47, Palakkad Main road,","Navakkarai Post, Near Nandhi Temple",Coimbatore,Coimbatore,641105
625,Tamil Nadu,Dhanalakshmi Srinivasan College of Engineering and Technology,"ECR, Poonjeri",Mamallapuram,Chennai,Kancheepuram,603104
626,Tamil Nadu,"DHANALAKSHMI SRINIVASAN COLLEGE OF NURSING (Inst. Code - 227), PERAMBALUR","NO: 274/C, THURAIYUR ROAD",NA,PERAMBALUR,Perambalur,621212
627,Tamil Nadu,Dhanalakshmi Srinivasan Engineering College,Thuraiyur Road,Perambalur - 621212,Perambalur,Perambalur,621212
628,Tamil Nadu,DHANALAKSHMI SRINIVASAN INSTITUTE OF TECHNOLOGY,NH 45 TRICHY CHENNAI TRUNK ROAD,NEAR SAMAYAPURAM TOLL PLAZA SAMAYAPURAM,TIRUCHIRAPPALLI,Tiruchirappalli,621112
629,Tamil Nadu,"DHANALAKSHMI SRINIVASAN MEDICAL COLLEGE AND HOSPITAL (Inst. Code - 455), PERAMBALUR","NH-45, TRICHY-CHENNAI HIGHWAY,",SIRUVACHUR,PERAMBALUR,Perambalur,621113
630,Tamil Nadu,DHANALAKSHMI SRINIVASAN POLYTECHNIC COLLEGE PERAMBALUR,"ARANARAI VILLAGE,","THURAIYUR ROAD,","PERAMBALUR,",Perambalur,621212
631,Tamil Nadu,"DHANALAKSHMI SRINIVASAN TEACHER TRAINING INSTITUTE, PERAMBALUR",Thuraiyur Road,perambalur,perambalur,Perambalur,621212
632,Tamil Nadu,Dhanam College of Education,kuppur-Dharapuram pirivu road (po),Omalur Tk,Salem,Salem,636309
633,Tamil Nadu,"DHANVANTRI COLLEGE OF NURSING (Inst. Code - 215), ERODE","Administrative office : 27, Poonkundranar Street,",Karungalpalayam (Post),Erode - 638 003,Erode,638003
634,Tamil Nadu,"DHANVANTRI COLLEGE OF NURSING (Inst. Code - 357), ERODE","No.27, Poonkundranar Street","Karungalpalayam (Po),",Erode,Erode,638003
635,Tamil Nadu,"DHANVANTRI CRITICAL CARE CENTER, ERODE HEART HOSPITAL INSTITUTE OF CLINICAL TOXICOLOGY (Inst. Code - 404), ERODE","No.27,28, Poonkundranar Street,","Karungalpalayam,",Erode,Erode,638003
636,Tamil Nadu,"DHARMA AYURVEDA MEDICAL COLLEGE AND HOSPITAL (Inst. Code - 198), KANCHEEPURAM",No 48 GWT ROAD,NA,SRIPERUMBUDUR,Kancheepuram,600105
637,Tamil Nadu,"Dharmambal Ramasamy Arts & Science College, Orathanadu T.k.Thanjavur - 614 625.",Thennamanadu,Orathanadu,Orathanadu,Thanjavur,614625
638,Tamil Nadu,"Dharmapuram Adhinam Arts College, Dharmapuram, Mayiladuthurai - 609 001.",Dharamapuram Adhinam Arts College,Dharmapuram,Mayiladuthurai-609001,Nagapattinam,609001
639,Tamil Nadu,DHARMAPURI DT. COOP SUGAR MILLS POLYTECH COLLEGE JERTHALAV,PALACODE -636808,DHARMAPURI (Dt),DHARMAPURI,Dharmapuri,636808
640,Tamil Nadu,"DHARMARATHNAKARA Dr.N.MAHALINGAM INSTITUTE. OF PARAMEDICAL SCIENCES AND RESEARCH, COLLEGE OF NURSING (Inst. Code - 216), ERODE","DHARMARATHNAKARA Dr.N.MAHALINGAM INST.OF PARA. SCIENCES AND RESEARCH,SRI ADICHUNCHANAGIRI SHIKSHANA TRUST,SAKTHINAGAR, SAKTHI NAGAR (PO), BHAVANI TK, ERODE DIST","DHARMARATHNAKARA Dr.N.MAHALINGAM INST.OF PARA. SCIENCES AND RESEARCH, SRI ADICHUNCHANAGIRI SHIKSHANA TRUST,SAKTHINAGAR, SAKTHI NAGAR (PO), BHAVANI TK, ERODE DIST",ERODE,Erode,638315
641,Tamil Nadu,"DHAVANTRI INSTITUTE OF MEDICAL EDUCATION AND RESEARCH ((Inst. Code - 486), ERODE","28, Poonkundranar Street","Karungalpalayam (Po),",Erode,Erode,638003
642,Tamil Nadu,"DHIRAJLAL GANDHI COLLEGE OF TECHNOLOGY, SALEM","Opposite to Salem Airport, Salem Bengaluru Highway","Sikkanampatty(po),Omalur(Tk)",Salem,Salem,636309
643,Tamil Nadu,"Dhivya Arts &Science College,Gingee road, Chetpat-606611","Gingee Road,",NA,Chetpet,Tiruvannamalai,606601
644,Tamil Nadu,Dhivya College of Education,"Gingee Road,","Chetpet, Polur Tk., Thiruvannamalai Dist - 606 801.",Chetpet,Tiruvannamalai,606801
645,Tamil Nadu,DHIVYA POLYTECHNIC COLLEGE CHETPET,"GINGEE ROAD,",CHETPET -606 801,CHETPET,Tiruvannamalai,606801
646,Tamil Nadu,DISTRICT INSTITUTE OF EDUCATION & TRAINING KANCHEEPURAM,PRINCIPAL,"DIET, KALIYAMPOONDI",KANCHEEPURAM,Kancheepuram,603402
647,Tamil Nadu,DISTRICT INSTITUTE OF EDUCATION & TRAINING NAGAPATTINAM,"KURUKKATHI,KUTHUR POST,NAGAPATTINAM DISTRICT,PIN-611105",NA,NA,Nagapattinam,611105
648,Tamil Nadu,DISTRICT INSTITUTE OF EDUCATION & TRAINING SALEM,DISTRICT INSTITUTE OF EDUCATION & TRAINING,"UTHAMACHOLAPURAM,SALEM",SALEM,Salem,636010
649,Tamil Nadu,DISTRICT INSTITUTE OF EDUCATION & TRAINING THENI,DISTRICT INSTITUTE OF EDUCATION & TRAINING UTHAMAPALAYAM,"U.AMMAPATTI ROAD, COLLEGE BACK SIDE,",UTHAMAPALAYAM - 625533,Theni,625533
650,Tamil Nadu,DISTRICT INSTITUTE OF EDUCATION & TRAINING THIRUVARUR,"MELAVASAL POST, MANNARGUDI",NA,MANNARGUDI,Thiruvarur,614014
651,Tamil Nadu,DISTRICT INSTITUTE OF EDUCATION & TRAINING TIRUCHIRAPALLI,"DIET, KUMULUR","PALLAPURAM POST,","LALGUDI TALUK,",Tiruchirappalli,621712
652,Tamil Nadu,DISTRICT INSTITUTE OF EDUCATION & TRAINING VILLUPURAM,MAIN ROAD,G. ARIYUR 605 751,THIRUKOILUR,Viluppuram,605751
653,Tamil Nadu,DISTRICT INSTITUTE OF EDUCATION AND TRAINING ADUTHURAI THANJAVUR,THIYAGARAJAPURAM,ADUTHURAI,KUMBAKONAM,Thanjavur,612101
654,Tamil Nadu,DISTRICT INSTITUTE OF EDUCATION AND TRAINING COIMBATORE,THIRUMOORTYNAGAR,642112,UDUMALPET,Tiruppur,642112
655,Tamil Nadu,DISTRICT INSTITUTE OF EDUCATION AND TRAINING DINDIGUL,DISTRICT INSTITUTE OF EDUCATION AND TRAINING,"PALANI ROAD, ODDANCHATRAM",ODDANCHATRAM,Dindigul,624619
656,Tamil Nadu,DISTRICT INSTITUTE OF EDUCATION AND TRAINING KALAYARKOIL SIVAGANGAI,paramakudi road,kalayarkoil,sivagangai,Sivaganga,630551
657,Tamil Nadu,DISTRICT INSTITUTE OF EDUCATION AND TRAINING KANYAKUMARI,Theroor@Kulasekaranputhur,Ramapuram P.O,Nagercoil,Kanniyakumari,629303
658,Tamil Nadu,DISTRICT INSTITUTE OF EDUCATION AND TRAINING KEELAPALUVUR PERAMBALUR,"DIET, Keelapaluvur, Pin 621707",Keelapaluvur,Ariyalur,Ariyalur,621707
659,Tamil Nadu,DISTRICT INSTITUTE OF EDUCATION AND TRAINING KILPENNATHUR THIRUVANNAMALAI,RAJATHOPPU ROAD,INDRA NAGAR,KILPENNATHUR,Tiruvannamalai,604601
660,Tamil Nadu,DISTRICT INSTITUTE OF EDUCATION AND TRAINING KOTAGIRI NILGIRIS,KOTAGIRI,NA,KOTAGIRI,The Nilgiris,643217
661,Tamil Nadu,DISTRICT INSTITUTE OF EDUCATION AND TRAINING KRISHNAGIRI,Kattinayanapalli,Krishnagiri-635 001,Krishnagiri,Krishnagiri,635001
662,Tamil Nadu,DISTRICT INSTITUTE OF EDUCATION AND TRAINING MACHUVADI PUDUKOTTAI,"MACHUVADI,",PUDUKKOTTAI,PUDUKKOTTAI,Pudukkottai,622004
663,Tamil Nadu,DISTRICT INSTITUTE OF EDUCATION AND TRAINING MANJUR RAMANATHAPURAM,Manjur,Paramakudi 623707,Paramakudi,Ramanathapuram,623707
664,Tamil Nadu,DISTRICT INSTITUTE OF EDUCATION AND TRAINING MAYANUR KARUR,MAYANUR,NA,KARUR,Karur,639108
665,Tamil Nadu,DISTRICT INSTITUTE OF EDUCATION AND TRAINING MUNANJIPATTI TIRUNELVELI,Munanjipatti,Tirunelveli,NA,Tirunelveli,627355
666,Tamil Nadu,DISTRICT INSTITUTE OF EDUCATION AND TRAINING NAMAKKAL NAMAKKAL,DIET NAMAKKAL,PIN : 6372001,NAMAKKAL,Namakkal,637001
667,Tamil Nadu,DISTRICT INSTITUTE OF EDUCATION AND TRAINING PERUNDURAI ERODE,"RAJA STREET,","PERUNDURAI,",PERUNDURAI,Erode,638052
668,Tamil Nadu,DISTRICT INSTITUTE OF EDUCATION AND TRAINING RANIPET VELLORE,Kellys Road,"Navalpur, Ranipet",Vellore District,Vellore,632402
669,Tamil Nadu,DISTRICT INSTITUTE OF EDUCATION AND TRAINING T.KALLUPATTI MADURAI,T.Kallupatti-625 702,NA,Madurai,Madurai,625702
670,Tamil Nadu,DISTRICT INSTITUTE OF EDUCATION AND TRAINING TIRUR THIRUVALLUR,TIRUR,TIRUVALLUR 602025,TIRUVALLUR,Thiruvallur,602025
671,Tamil Nadu,DISTRICT INSTITUTE OF EDUCATION AND TRAINING TRIPLICANE CHENNAI,"Kamaraj salai, lady willington campus",Triplicane,Chennai,Chennai,600005
672,Tamil Nadu,DISTRICT INSTITUTE OF EDUCATION AND TRAINING VADALUR CUDDALORE,Virudhachalam Road,NA,Vadalur,Cuddalore,607303
673,Tamil Nadu,DISTRICT INSTITUTE OF EDUCATION AND TRAINING VANARAMUTTI TUTICORIN,"DISTRICT INSTITUTE OF EDUCATION AND TRAINING, VANARAMUTTI","DIET, VANARAMUTTI, THOOTHUKUDI DIST",THOOTHUKUDI,Thoothukkudi,628721
674,Tamil Nadu,DISTRICT INSTITUTE OF EDUCATION AND TRAINING VIRUDHUNAGAR,PALAYAMPATTI 626 112,NA,ARUPPUKOTTAI,Virudhunagar,626112
675,Tamil Nadu,Divine College of Education,"THOGAIMALAI ROAD, NORTH ARIYAVUR, TRICHY-9",GULAM ALIGAN NAGAR.,TIRUCHIRAPPALLI,Tiruchirappalli,620009
676,Tamil Nadu,"DKT TEACHER TRAINING INSTITUTE , TIRUPUR","1/341,Near Amaravathipalayam",Peruntholuvu Post,Tirupur,Tiruppur,641665
677,Tamil Nadu,DMI College of Engineering,MEVALUR KUPPAM B VILLAGE,"PALANCHUR, NAZARETHPET POST",CHENNAI- 600 123,Kancheepuram,600123
678,Tamil Nadu,DMI Engineering College,Kumarapuram Road,Aralvaimozhi,Aralvaimozhi,Kanniyakumari,629301
679,Tamil Nadu,"DOCTOR S COLLEGE OF NURSING (Inst. Code - 314), PUDUKKOTTAI","Koolaiyanviduthy, Manaviduthy Post, Thanjavur Mian Road, Pudukkottai","Koolaiyanviduthy, Manaviduthy Post, Thanjavur Mian Road, Pudukkottai",Pudukkottai,Pudukkottai,622203
680,Tamil Nadu,"DOCTORS INSTITUTE OF LABORATORY SCIENCE (Inst. Code - 554), TRICHY","123/1,Puthur High Road, Woraiyur Trichy - 17","123/1, Puthur High Road, Woraiyur Trichy - 17",Trichy,Tiruchirappalli,620003
681,Tamil Nadu,Don Bosco College,Athiyaman Bypass Road,Sogathur Post,Dharmapuri,Dharmapuri,636809
682,Tamil Nadu,Don Bosco College of Agriculture,Sagayathottam,"Pudukkesawaram Village, Via -Thakkolam",Arakkonam Tk,Vellore,631151
683,Tamil Nadu,DON BOSCO COLLEGE OF ARTS AND SCIENCE,KEELA ERAL,ETTAYAPURAM TALUK,NA,Thoothukkudi,628908
684,Tamil Nadu,DON BOSCO POLYTECHNIC COLLEGE KAZHIAPPANALLUR,"ECR MAIN ROAD,KAZHIAPPANALLUR",THARANGAMBADI T.K,NAGAPATTINAM D.T,Nagapattinam,609307
685,Tamil Nadu,DON BOSCO POLYTECHNIC COLLEGE THIRUKAZHUKUNDRAM,"MAMALLAPURAM BY-PASS ROAD, KOTHIMANGALAM",THIRUKKAZHUKUNDRAM-603109,NA,Kancheepuram,603109
686,Tamil Nadu,DON BOSCO TEACHER TRAINING INSTITUTE ERODE,"N.P.S NAGAR,KARUR MAIN ROAD,CHINNIAMPALAYAM (PO),",ERODE-638104.,ERODE,Erode,638104
687,Tamil Nadu,DR ALVA PARAMEDICAL EDUCATIONAL INSTITUTE COIMBATORE,"74/A2, Meenkarai Road,","Ambarampalayam (Po),",Pollachi.,Coimbatore,642103
688,Tamil Nadu,"DR AMANULLAH EDUCATIONAL TRUST, SCHOOL OF NURSING, ERODE",DR AMANULLAH EDUCATIONAL TRUST,"NASSIR NURSING HOME - 60/A1, GANDHIJI ROAD",ERODE,Erode,638001
689,Tamil Nadu,DR AMBEDKAR GOVT ARTS COLLEGE,ERUKENCHERRY HIGH ROAD,VYASARPADI,CHENNAI,Chennai,600039
690,Tamil Nadu,DR DHARMAMBAL GOVERNMENT POLYTECHNIC COLLEGE FOR WOMEN THARAMANI,Rajiv Gandhi Salai,Tharmani,Chennai,Chennai,600113
691,Tamil Nadu,"DR JEYASEKHARAN MEDICAL TRUST, SCHOOL OF NURSING, KANYAKUMARI","Dr. Jeyasekharan Medical Trust, School of Nursing","K.P. Road,",Nagercoil,Kanniyakumari,629003
692,Tamil Nadu,"Dr KUMARASWAMI HEALTH CENTRE COLLEGE OF NURSING (Inst. Code - 463), KANYAKUMARI",perumalpuram,kottaram,KanyaKumari,Kanniyakumari,629703
693,Tamil Nadu,DR M S UDAYAMURTHY TEACHER TRAINING INSTITUTE TIRUCHIRAPALLI,VENKATACHALAPURAM,PULLAMBADI,TRICHY,Tiruchirappalli,621711
694,Tamil Nadu,DR MARIA ASCHHOFF SCHOOL OF NURSING TIRUVANNAMALAI,"St. Thomas Hospital and Leprosy Centre, Nirmala Nagar, Chetpet, Tiruvannamalai",NA,NA,Tiruvannamalai,606801
695,Tamil Nadu,DR MGR JANAKI COLLEGE OF ARTS AND SCIENCE,"11&13,Durgabai Deshmuk Road",Raja Annamalai Puram,Chennai,Chennai,600028
696,Tamil Nadu,Dr N.G.P. Institute of Technology,Kalapatti Road,Coimbatore - 641 048,Coimbatore,Coimbatore,641048
697,Tamil Nadu,"DR R K SHANMUGAM COLLEGE OF ARTS & SCIENCE, VILLUPURAM",INDILI,ULAGANKATTHAN P.O,KALLAKURICHI,Viluppuram,606203
698,Tamil Nadu,DR RADHAKRISHNA TEACHER TRAINING INSTITUTE VELLORE,"NO 144 MUNISAMY MUDALI STREET, PEDDUR (POST), ALANGAYAM",VANIYAMBADI,VELLORE,Vellore,635701
699,Tamil Nadu,DR THANGAMMA SCHOOL OF NURSING VELLORE,"656,VALLALAR NAGAR,",NA,TIRUPATTUR.,Vellore,635601
700,Tamil Nadu,Dr. G.R.Damodaran College of Education,Sengodangoundanpudur,Muthugoundanpudur,sulur,Coimbatore,641402
701,Tamil Nadu,"DR. KALAM POLYTECHNIC COLLEGE PERIYANAYAKI PURAM, THANJAVUR","Dr kalam polytechnic college,Avanam,Peravurani(Taluk),Thnajavur(Dt).pin:624623","Dr kalam polytechnic college,Avanam,Peravurani(Taluk),Thnajavur(Dt).pin",Peravurani,Thanjavur,624623
702,Tamil Nadu,DR. M.G.R POLYTECHNIC COLLEGE IRUMBEDU,"ARCOT ROAD, IRUMBEDU - 632317",DR. M.G.R POLYTECHNIC COLLEGE IRUMBEDU,Arni,Tiruvannamalai,632317
703,Tamil Nadu,Dr. N.G.P. College of Education,Dr.N.G.P.-,Kalapatti Road,Kalapatti,Coimbatore,641048
704,Tamil Nadu,Dr. Nagarathinams College of Education,"52/7, Seelanaickenpatty bye pass road,","Seelanaickenpatty,",Salem - 636201.,Salem,636201
705,Tamil Nadu,"Dr. Nallikuppusamy Arts College, Manakkarambai, Thanjavur - 613 003.","Manakkarambai,",NA,Thanjavur,Thanjavur,613003
706,Tamil Nadu,Dr. Nallini College of Teacher Education,"68, RAM NAGAR, ACHIYUR POST, PALANI ROAD,",NA,DHARAPURAM,Erode,638673
707,Tamil Nadu,Dr. Paul's Engineering College,"Pauls Nagar, NH66,","Pulichapallam,","Vanur Taluk,",Viluppuram,605109
708,Tamil Nadu,Dr. R.K. Shanmugam College of Education,"ULAGANKATHAN POST,INDILI VILLAGE",NA,KALLAKURICHI,Viluppuram,606213
709,Tamil Nadu,DR. RADHAKRISHNAN TEACHER TRAINING INSTITUTE VILLUPURAM,KANIYAMOOR,KALLAKURICHI,VILLUPURAM,Viluppuram,606201
710,Tamil Nadu,Dr. Sivanthi Aditanar College of Physical Education,Tirunelveli Road,Tiruchendur,Thoothukudi,Thoothukkudi,628215
711,Tamil Nadu,"Dr. Umayal Ramanathan College for Women, Karaikudi","Dr. Umayal Ramanathan College for Women, Alagappa Nagar, Karaikudi-630003","Dr. Umayal Ramanathan College for Women, Alagappa Nagar, Karaikudi-630003",Karaikudi,Sivaganga,630003
712,Tamil Nadu,Dr. Vellasamy Nadar College of Education,MANAKKARAMBAI THITTAI ROAD,RAMAPURAM(PO),THANJAVUR,Thanjavur,613003
713,Tamil Nadu,"Dr.A.RAMACHANDRAN'S DOANETES HOSPITAL & INDIA DIABETES RESEARCH FOUNDATION (Inst. Code - 433), CHENNAI",No. 28 Marshalls Road,Egmore,Chennai 600008,Chennai,600008
714,Tamil Nadu,Dr.David Raja & Dr.Chandralekha College of Education,Vengalapuram,NA,Tirupattur,Vellore,635653
715,Tamil Nadu,Dr.G.R.Damodaran College of Science,"Civil Aerodrome Post, Avanashi Road, Coimbatore - 641 014",NA,Coimbatore,Coimbatore,641014
716,Tamil Nadu,"Dr.G.SAKUNTHALA COLLEGE OF NURSING (Inst. Code - 189), TIRUCHIRAPALLI","Keela street,Murungapettai,",Mutharasanallur(po),Trichy,Tiruchirappalli,620101
717,Tamil Nadu,Dr.G.U.Pope college of Education,Main Road,NA,Sawyerpuram,Thoothukkudi,628251
718,Tamil Nadu,Dr.G.U.Pope College of Engineering,POPE NAGAR,SAWYERPURAM,TUTICORIN,Thoothukkudi,628251
719,Tamil Nadu,"Dr.HAHNEMANN HOMOEOPATHY MEDICAL COLLEGE & RESEARCH CENTRE (Inst. Code - 206), NAMAKKAL","Mettukadu, Pattanum (PO),",Koneripatti,Rasipuram,Namakkal,637408
720,Tamil Nadu,"DR.KAMAKSHI MEMORIAL HOSPITAL PVT. LTD., (Inst. Code - 381) CHENNAI","No.1, Radial Road, Pallikkaranai",NA,NA,Chennai,600100
721,Tamil Nadu,"Dr.M.G.R.Chokalingam Arts college Arcot Road,ACS Nagar(Irumbedu)-632 317","Arcot Road,A.C.S. Nagar",Irumbedu,Arni,Tiruvannamalai,632317
722,Tamil Nadu,Dr.Mahalingam College of Engineering and Technology,"Udumalai Road, Mackinaikenpatti (Post)",Pollachi (Taluk) Coimbatore (District) - 642003,Coimbatore,Coimbatore,642003
723,Tamil Nadu,"Dr.MEHTA'S HOSPITAL PVT LTD., (Inst. Code - 411), CHENNAI","NO.2, MCNICHOLS ROAD,","3RD LANE, CHETPET,",CHENNAI,Chennai,600031
724,Tamil Nadu,"Dr.MOHAN'S DIABETES EDUCATION ACADEMY (Inst. Code - 419), CHENNAI",6B Conran Smith Road,Gopalapuram,Chennai,Chennai,600086
725,Tamil Nadu,"Dr.MOHAN'S DIABETES SPECIALITIES CENTRE & Dr.MOHAN'S DIABETES EDUCATION ACADEMY (Inst. Code - 451), CHENNAI",No.6B Conran Smith Road,Gopalapuram,Chennai,Chennai,600086
726,Tamil Nadu,Dr.N.G.P. Arts and Science College,Dr.N.G.P. Nagar,Kalappatti Road,Coimbatore,Coimbatore,641048
727,Tamil Nadu,Dr.Nagarathinam's College of Engineering,Ananthagoundampalayam,Rasipuram,Namakkal,Namakkal,637505
728,Tamil Nadu,Dr.Nallini Institute of Engineering and Technology,"68,Ram Nagar",Palani Road,Dharapuram,Tiruppur,638673
729,Tamil Nadu,Dr.Navalar Nedunchezhiyan College of Engineering,Raja Nagar Vaithinathpuram,Tholudur 606 303,Tittakudi,Cuddalore,606303
730,Tamil Nadu,Dr.R.A.N.M. Arts and Science College,Rangampalayam,Chennimalai Road,Erode,Erode,638009
731,Tamil Nadu,Dr.R.V.Arts and Science College,Coimbatore Main Road,Karamadai,Coimbatore,Coimbatore,641104
732,Tamil Nadu,Dr.Rajalakshmi College of Education,"Palavedu Village, Mittanamalli Post,",Avadi IAF,Chennai,Chennai,600055
733,Tamil Nadu,Dr.S.N.S.Rajalakshmi College of Arts and Science,486-THUDIYALUR - SARAVANAMPATTI ROAD,CHINNAVEDAMPATTI POST,COIMBATORE - 641 049,Coimbatore,641049
734,Tamil Nadu,"Dr.S.Ramadoss Arts & Science College ,Periyavadavadi-Virudachalam-606 104",Periyavadavadi - Vijayamanagaram (p.O),Virudachalam (TK) - 606104,NA,Cuddalore,606104
735,Tamil Nadu,"DR.SIVANTHI ADHITHANAR TEACHER TRAINING INSTITUTE, TIRUCHENDUR., THOOTHUKUDI","Tirunelveli Road, Tiruchendur - 628215.",NA,Tiruchendur,Thoothukkudi,628215
736,Tamil Nadu,Dr.Sivanthi Adithanar College of Engineering,Ranimagarajapuram,628215,Tiruchendur,Thoothukkudi,628215
737,Tamil Nadu,"Dr.V.SESHIAH DIABETES RESEARCH INSTITUTE (Inst. Code - 564), CHENNAI","729, P.H. Road,",Aminjikarai,Chennai - 600 029,Chennai,600029
738,Tamil Nadu,DR.VELLASWAMY NADAR TEACHER TRAINING SCHOOL THANJAVUR,MANAKKARAMBAI,"THITTAI ROAD,RAMAPURAM(PO)",THANJAVUR,Thanjavur,613003
739,Tamil Nadu,"Dr.Zakir Hussain College, Ilayangudi","Dr. ZAKIR HUSAIN COLLEGE, ILAYANGUDI","Dr. ZAKIR HUSAIN COLLEGE, ILAYANGUDI",ILAYANGUDI-630 702,Ramanathapuram,630702
740,Tamil Nadu,DRBCCC HINDU COLLEGE,Pattabiram,NA,Chennai,Chennai,600072
741,Tamil Nadu,Durai Murugan College of Education,"CHITTOOR MAIN ROAD,",VELLORE -632059,VELLORE,Vellore,632059
742,Tamil Nadu,"DURAIMURUGAN TEACHER TRAINING INSTITUTE, VELLORE",CHITTOOR MAIN ROAD,KATPADI,VELLORE,Vellore,632059
743,Tamil Nadu,DUSI POLYTECHNIC COLLEGE DUSI VILLAGE - POST,"IYENGARKULAM KOOT ROAD , CHEYYAR TALUK",THIRUVANNAMALAI DISTRICT,THIRUVANNAMALAI,Tiruvannamalai,631702
744,Tamil Nadu,"E S COLLEGE OF NURSING (Inst. Code - 307), VILLUPURAM","Chennai Trichy Highway (NH-45), E.S. Nagar, Vikravandi (via), V. salai post, Villupruam-605 652","35-B Chennai Trichy Trunk road, Villupuram - 605 602",Villupuram,Viluppuram,605652
745,Tamil Nadu,"E S SUBARAMANIAM TEACHER TRAINING INSTITUTE, PODATTURPET, THIRUVALLUR",HOSPITAL ROAD,NA,PODHATTOORPET,Thiruvallur,631208
746,Tamil Nadu,E.M.G. YADAVA WOMEN'S COLLEGE,New Natham Road,Thiruppalai,Madurai,Madurai,625014
747,Tamil Nadu,E.S. College of Education,"3/249 A,E.S.NAGAR,NH-45,CHENNAI TRUNK ROAD","AYYANGKOILPATTU,VILLUPURAM",VILLUPURAM,Viluppuram,605601
748,Tamil Nadu,E.S. College of Engineering and Technology,"NH-45,CHENNAI TRUNK ROAD","E.S. NAGAR, AYYANKOILPATTU",VILLUPURAM,Viluppuram,605602
749,Tamil Nadu,E.S.Subramaniam Memorial College of Education,"Hospital Road,",PODHATTOORPET - 631 208.,PODHATTOORPET,Thiruvallur,631208
750,Tamil Nadu,Easa College of Engineering & Technology,"NH-47, PALAKKAD MAIN ROAD",NAVAKKARAI (PO),COIMBATORE,Coimbatore,641105
751,Tamil Nadu,EASWAR POLYTECHNIC COLLEGE,"SALEM MAIN ROAD,RETTAKURICHI-POST","ADARI,VEPPUR-TK",VEPPUR,Cuddalore,606304
752,Tamil Nadu,Easwari Engineering College,Bharathi Salai,Ramapuram,Chennai,Thiruvallur,600089
753,Tamil Nadu,"EBENEZER TEACHER TRAINING INSTITUTE, THOOTHUKUDI","48 A/1, PONNAGARAM,",NA,THOOTHUKUDI,Thoothukkudi,628002
754,Tamil Nadu,"Edayathangudi G.S. Pillai Arts & Science College, Nagapattinam - 611 001.",South Palpannaicherry,Nagapattinam,Nagapattinam,Nagapattinam,611001
755,Tamil Nadu,"EDAYATHANGUDY G.S.PILLAY COLLEGE OF PHARMACY (Inst. Code - 127), NAGAPATTINAM",OLD NAGORE ROAD,NAGAPATTINAM,NAGAPATTINAM,Nagapattinam,611002
756,Tamil Nadu,Edayathangudy G.S.Pillay Engineering College,Old Nagore Road,Thethi Village,Nagapattinam,Nagapattinam,611002
757,Tamil Nadu,Eden Gardens College of Education,Attur Main road,"Udumbiam,Venganoor,post",Veppanthatti,Perambalur,621116
758,Tamil Nadu,Einstein College of Engineering,Sir. C.V. Raman Nagar,Seethparpanallur,Tirunelveli,Tirunelveli,627012
759,Tamil Nadu,EIT POLYTECHNIC COLLEGE SALANGAPALAYAM,VIRALIMEDU,SALANGAPALAYAM,KAVINDAPADI,Erode,638455
760,Tamil Nadu,"Elizabeth College of Arts & Science, Annamangalam (Po), Vepanthattai (Tk.) Perambalur - 620 102.",Selcrim Land,Annamangalam - 621102,Veppanthattai - Taluk,Perambalur,621102
761,Tamil Nadu,Elizabeth College of Education,Selcrim Land,Annamangalam,Perambalur,Perambalur,621102
762,Tamil Nadu,ELIZABETH COLLEGE OF ENGINEERING TECHNOLOGY,ANNAMANGALAM - 621 102,VEPPANTHATTAI - TALUK,PERAMBALUR,Perambalur,621102
763,Tamil Nadu,"ELLEN COLLEGE OF NURSING (Inst. Code - 232), COIMBATORE",Navakkarai,Madukkarai,Coimbatore,Coimbatore,641105
764,Tamil Nadu,ELUMALAI POLYTECHNIC COLLEGE KOLIYANUR,"4/202, TRICHY TRUNK ROAD",SALAMEDU,VILLUPURAM,Viluppuram,605602
765,Tamil Nadu,ELUMALAIYAN POLYTECHNIC COLLEGE KOLLUMANGUDI,"Thiruvarur Main Road, Kollumangudi.",Nannilam (TK),Thiruvarur,Thiruvarur,609403
766,Tamil Nadu,Emerald Heights College,"Golf Links Road, Finger Post",Ootacamund 643 006,Ooty,The Nilgiris,643006
767,Tamil Nadu,EMMANUEL EACHER TRAINING INSTITUTE TIRUCHIRAPALLI,MADHURAPURI PO,THURAIYUR TK,TRICHY,Tiruchirappalli,621010
768,Tamil Nadu,EMPEE IHMCT -,D 103 ANNA NAGAR (EAST),ARUNA COMPLEX,CHENNAI,Chennai,600102
769,Tamil Nadu,"Enathi Rajappa College of Arts & Science, Enathi Post, Pattukkottai - 614 615.",Enathi (P.O),Pattukkottai - 614 615,Thanjavur,Thanjavur,614615
770,Tamil Nadu,ER PERUMAL MANIMEKALAI POLYTECHNIC COLLEGE SHOOLAGIRI,"101, Nallaganakothapalli (Vill),","Koneripalli (Po),","Hosur (Tk),",Krishnagiri,635109
771,Tamil Nadu,Er. Perumal Manimekalai College of Engineering,"NH-7, 17th Km, Hosur - Krishnagiri Highways,","Nallagonathapalli, Koneripalli (Po), - 635 117.",Hosur,Krishnagiri,635117
772,Tamil Nadu,ERK College of Arts & Science,"ERUMIYAMPATTI(PO),PAPPIREDDIPATTI(TK)","DHARMAPURI(DT),PIN-636905",PAPPIREDDIPATTI,Dharmapuri,636905
773,Tamil Nadu,ERK College of Education,"Erumiyampatti, Kokkarapatti(po), Pappireddipatti (Tk)",NA,NA,Dharmapuri,636905
774,Tamil Nadu,Erode Arts and Science College,Rangampalayam,Erode 638 009,Erode,Erode,638009
775,Tamil Nadu,Erode Builder Educational Trust's Group of Institutions,"EBET Knowledge Park, Erode Road",Nathakadaiyur - 638108,Kangayam,Tiruppur,638108
776,Tamil Nadu,Erode Christian College of Arts and Science for Women,"CSI COMPOUND, BROUGH ROAD, ERODE",NA,ERODE,Erode,638001
777,Tamil Nadu,ERODE INSTITUTE OF CHEMICAL TECHNOLOGY POLYTECHNIC COLLEGE NADUPATTI,"UTHUKULI MAIN ROAD, NADUPATTI (po)","AVINASHI (Tk), TIRUPUR (Dt)",TIRUPUR,Tiruppur,638056
778,Tamil Nadu,ERODE KONGU COLLEGE OF POLYTECHNIC CHENNIMALAI,"VELAVA GARDEN,V.VELLODE,GNANIPALAYAM",CHENNIMALAI-638 112,ERODE,Erode,638112
779,Tamil Nadu,Erode Sengunthar Engineering College,Thudupathi,Erode,Erode,Erode,638057
780,Tamil Nadu,ES SUBRAMANIAM MEMORIAL COLLEGE OF ARTS AND SCIENCE,"Sanjeeviyar Campus, Podhattoorpet - 631 208",Thiruvallur district,NA,Chennai,631208
781,Tamil Nadu,"ESI MEDICAL COLLEGE & ESI-PGIMSR (Inst. Code - 495), CHENNAI","ASHOK PILLAR ROAD, K.K. NAGAR,",NA,CHENNAI 600078,Chennai,600078
782,Tamil Nadu,Esther College of Education,NALLUR,N.PUDUPATTY,NAMAKKAL - 637 020,Namakkal,637020
783,Tamil Nadu,ETHIRAJ COLLEGE FOR WOMEN,"No70,Ethiraj College for Women, Autonomous",Egmore,Chennai,Chennai,600008
784,Tamil Nadu,"EVEREST POLYTECHNIC COLEGE EVEREST NAGAR, TIRUNELVELI","TENKASI-MADURAI NH ROAD,EVEREST NAGAR,KADAYANALLUR-627751",NA,KADAYANALLUR,Tirunelveli,627751
785,Tamil Nadu,EVVA MEMORIAL TEACHER TRAINING INSTITUTE COIMBATORE,9/67 vangipuram,9/67 vangipuram,Tiruppur,Tiruppur,642203
786,Tamil Nadu,Excel Business School,"NH 47, Salem Main Road, Pallakapalayam","Sankari West (po), Tiruchengode Taluk,",Namakkal,Namakkal,637303
787,Tamil Nadu,Excel College of Architecture and Planning,"NH-47, SALEM MAIN ROAD,",PALLAKAPALAYAM,NAMAKKAL,Namakkal,637303
788,Tamil Nadu,Excel College of Education,"NH -47,Salem Main Road, Pallakkapalayam, Sankari West Post, Thiruchencode Taluk, Namakkal District-637303.",NA,Namakkal,Namakkal,637303
789,Tamil Nadu,Excel College of Engineering & Technology,NH-47 SALEM MAIN ROAD,SANKARI WEST POST,KOMARAPALAYAM,Namakkal,637303
790,Tamil Nadu,Excel College of Technology,NH-47 SALEM MAIN ROAD,SANKARI WEST POST,KOMARAPALAYAM,Namakkal,637303
791,Tamil Nadu,Excel Engineering College,"NH-47, SALEM MAIN ROAD, SANKARI WEST POST",PALLAKKAPALAYAM - 637 303,KOMARAPALAYAM,Namakkal,637303
792,Tamil Nadu,EXCEL POLYTECHNIC COLLEGE PALLAKKAPALAYAM,"KUTTIKINATHOOR ROAD, PALLAKAPALAYAM","SANKARI WEST POST, TRICHENGODE",TRICHENGODE,Namakkal,637303
793,Tamil Nadu,EXCEL SCHOOL OF NURSING TIRUNELVELI,NH-7NORTH MAIN ROAD,VALLIOOR,TIRUNELVELI,Tirunelveli,627117
794,Tamil Nadu,EZHIL TEACHER TRAINING INSTITUTE SALEM,"AYYAMPUDUR(PO), KOLATHUR(VIA),","METTUR(TK),",SALEM,Salem,636303
795,Tamil Nadu,F X POLYTECHNIC COLLEGE THARUVAI,AMBAI MAIN ROAD,THARUVAI,TIRUNELVELI,Tirunelveli,627356
796,Tamil Nadu,"FATHIMA COLLEGE OF PHARMACY (Inst. Code - 077), KADAYANALLUR, TIRUNELVELI",103 MAIN ROAD,KRISHNAPURAM,KADAYANALLUR,Tirunelveli,627759
797,Tamil Nadu,FATIMA COLLEGE,Mary Land,Madurai,Madurai,Madurai,625018
798,Tamil Nadu,"Fatima Michael College of Engineering and Technology, Madurai",Senkottai Village,Kalimangalam Panchayat,Madurai,Madurai,625020
799,Tamil Nadu,FATIMA TEACHER TRAINING INSTITUTE RAMANATHAPURAM,PASUMPON NAGAR,RAMANATHAPURAM,RAMANATHAPURAM,Ramanathapuram,623501
800,Tamil Nadu,"FISHERIES COLLEGE AND RESEARCH INSTITUTE, PONNERI",Ponneri,NA,Ponneri,Thiruvallur,601204
801,Tamil Nadu,"Fisheries College and Research Institute, Thoothukudi",Harbour Bypass Road,NA,Thoothukudi,Thoothukkudi,628008
802,Tamil Nadu,FLORENCE NIGHTINGALE SCHOOL OF NURSING TIRUVANNAMALAI,Sambanthanur Village,Somasipadi Post,Tiruvannamalai,Tiruvannamalai,606611
803,Tamil Nadu,Forest College and Research Institute,Tamil Nadu Agricultural University,Kothagiri Road,Mettupalayam,Coimbatore,641301
804,Tamil Nadu,Francis Xavier Engineering College,No: 103 G2 By Pass Road,Vannarpettai,Tirunelveli,Tirunelveli,627003
805,Tamil Nadu,G R G POLYTECHNIC COLLEGE KUPPEPALAYAM,S.S.KULAM POST,NA,COIMBATORE,Coimbatore,641107
806,Tamil Nadu,G.E.T. B.Ed College of Education,Vidhya sankara Puram,Paradarami,"Gudiyatham, Vellore - 632 603",Vellore,632603
807,Tamil Nadu,G.K.M. College of Engineering and Technology,"Alappakam, Mappedu Road","GKM Nagar, New Perungalathur",Chennai,Kancheepuram,600063
808,Tamil Nadu,"G.KUPPUSWAMY NAIDU MEMORIAL HOSPITAL (Inst. Code - 368), COIMBATORE","Post Box No. 6327, Nethaji Road",Pappanaickenpalayam,Coimbatore,Coimbatore,641037
809,Tamil Nadu,"G.KUPPUSWAMY NAIDU MEMORIAL HOSPITAL (Inst. Code - 548), COIMBATORE","Nethaji Road,",Pappanaickenpalayam,Coimbatore,Coimbatore,641037
810,Tamil Nadu,G.P. POLYTECHNIC COLLEGE PALNANGUPPAM,"Vaniyambadi Road, Salai Nagar",Palnanguppam,Tirupattur,Vellore,635601
811,Tamil Nadu,G.P. Secondary Teacher Education Training College,TIRUPATTUR ITI CAMPUS,VANIYAMBADI MAIN ROAD,TIRUPATTUR,Vellore,635601
812,Tamil Nadu,"G.P. TEACHER TRAINING INSTITUTE, VELLORE","MAKKANUR VILLAGE,","ACHAMANGALAM POST,","TIRUPATTUR TALUK,",Vellore,635601
813,Tamil Nadu,"G.R. HOSPITAL (Inst. Code - 372), COIMBATORE","No:30,Ram gardens,Sowripalayam road,Coimbatore-28",NA,NA,Coimbatore,641028
814,Tamil Nadu,G.R.D. College of Education,"Pudur, Kunnavalam - Post",Thiruvallur Taluk,Thiruvallur,Thiruvallur,602012
815,Tamil Nadu,G.R.Damodaran Academy of Management,G.R.Damodaran Academy of Management,"Avanashi Road,Neelambur",Coimbatore,Coimbatore,641062
816,Tamil Nadu,G.R.DAMODARAN TECHER TRAINING INSTITUTE COIMBATORE,sengodangoundanpudur,muthugoundanpudur post,sulur,Coimbatore,641402
817,Tamil Nadu,"G.R.T (BKR) COLLEGE OF NURSING (Inst. Code - 325), TIRUVALLUR","GRT Mahalakshmi Nagar, Chennai - Tirupathi Highway, Tiruttani","GRT Mahalakshmi Nagar, Chennai - Tirupathi Highway, Tiruttani",Thiruvallur,Thiruvallur,631209
818,Tamil Nadu,G.T.N. ARTS COLLEGE,"GTN NAGAR, OLD KARUR ROAD",DINDIGUL,DINDIGUL,Dindigul,624005
819,Tamil Nadu,G.V.C. College of Education,"NO.15B, ABBAI STREET",ARCOT - 632 503.,VELLORE,Vellore,632503
820,Tamil Nadu,"G.Venkataswamy Naidu College, Kovilpatti - 628 502, Thoothukudi Dist.",Puthu Appaneri (PO),NA,NA,Thoothukkudi,628502
821,Tamil Nadu,GAC FOR MEN,"329, ANNA SALAI",NANDANAM,CHENNAI,Chennai,600035
822,Tamil Nadu,Ganadipathy Tulsi's Engineering College,"Chittoor-Cuddalore Road, Kaniyambadi,",Vellore.,Vellore,Vellore,632102
823,Tamil Nadu,"Ganapathy Chettiar College of Engineering and Technology, Paramakudi",Melakavanur,Melakavanur,Paramakudi,Ramanathapuram,623706
824,Tamil Nadu,Ganapathy College of Education,"Melakavanoor post, Paramakudi Taluk",Ramanathapuram District,Paramakudi,Ramanathapuram,623707
825,Tamil Nadu,"GANAPATHY TEACHER TRAINING INSTITUTE, MELAKAVANUR, RAMNAD",MELAKAVANOOR,#NAME?,PARAMAKUDI,Ramanathapuram,623707
826,Tamil Nadu,Gandhi Arts and Science College,"394, Sathy - Covai NH Road",Vinnappalli,Sathyamangalam,Erode,638402
827,Tamil Nadu,GANDHI COLLEGE OF ARTS AND SCIENCE FOR WOMEN,Nallur,NA,Kandampalayam,Namakkal,637203
828,Tamil Nadu,Gandhi College of Education,"Gandhi Kalvi Nagar, Vinnappalli",Sathyamangalam-2.,Sathyamangalam-2,Erode,638402
829,Tamil Nadu,GANDHI POLYTECHNIC COLLEGE VINNAPPALLI,"GANDHI KALVI NAGAR, SATHY-COVAI NH ROAD, VINNAPPALLI",SATHYAMANGALAM,SATHYAMANGALAM-638402,Erode,638402
830,Tamil Nadu,"GANDHI TEACHER TRAINING INSTITUTE, ERODEWrite institute Name here...","Vinnappalli(p.o),Sathyamangalam(Taluk),Erode(Dt.)638402",NA,Sathyamangalam,Erode,638402
831,Tamil Nadu,"GANDHIGRAM INSTITUTE OF RURAL HEALTH AND FAMILY WELFARE TRUST (Inst. Code - 040), DINDIGUL","The Director, GIRH & FWT, Ambathurai","Gandhigram Post, Dindigul District, 624 032",Dindigul,Dindigul,624032
832,Tamil Nadu,"Gandhigram Rural Institute, Dindigul",Gandhigram - 624 302,NA,NA,Dindigul,624302
833,Tamil Nadu,"Ganesar Senthamil College of Arts and Science, Melaisivapuri - 622 403.",college Road,Melasivapuri (po),Melasivapuri,Pudukkottai,622403
834,Tamil Nadu,Ganesh College of Education,"Attur Main Road,","Mettupatti,",Salem-636111.,Salem,636111
835,Tamil Nadu,"GANESH COLLEGE OF ENGINEERING, SALEM",ATTUR MAIN ROAD,METTUPATTI,SALEM,Salem,636111
836,Tamil Nadu,"GANGA COLLEGE OF NURSING (Inst. Code - 488), COIMBATORE",VATTAMALAIPALAYAM,NGGO COLONY POST - 641022,COIMBATORE,Coimbatore,641022
837,Tamil Nadu,"GANGA MEDICAL CENTRE AND HOSPITAL PVT. LTD., (Inst. Code - 417), COIMBATORE",313 Mettupalayam road,Near B-11 Police Station,Coimbatore 641043,Coimbatore,641043
838,Tamil Nadu,Gangaa College of Education,"METTU KADU, MOOLAPATHAI, KORANAMPATTI(PO),","KONGANAPURAM(VIA), EDAPPADI(TK), SALEM(DT)-637 102.",SALEM,Salem,637102
839,Tamil Nadu,GANGAA POLYTECHNIC COLLEGE KANAKAGIRI,"NH-47 SANKARI MAIN ROAD,","KAKAKAGIRI COLONY, KAKAPALAYAM POST",SALEM,Salem,637504
840,Tamil Nadu,"GARBBA RASHAMBIGAI FERTILITY CENTRE (P) LTD., (Inst. Code - 429), CHENNAI","no.4, 6th cross street, united india colony,",kodambakkam,chennai,Chennai,600024
841,Tamil Nadu,Gem Gates Arts & Science College,"kothampadi,kalpaganur(po),","kothampadi,kalpaganur(po)",Attur(tk),Salem,636109
842,Tamil Nadu,"GEM HOSPITAL & RESEARCH CENTRE PVT. LTD., (Inst. Code - 421), COIMBATORE","45, Pankaja Mill Road, Ramanathapuram,",NA,Coimbatore,Coimbatore,641045
843,Tamil Nadu,"GEM INSTITUTE OF NURSING EDUCATION AND RESEARCH (Inst. Code - 332), COIMBATORE","4/146, PEEDAMPALLI ONDIPUDUR VIA COIMBATORE.",TAMILNADU,COIMBATORE,Coimbatore,641016
844,Tamil Nadu,GGR College of Engineering,"Chennai - Bangalore Highway , Pillaiyarkuppam,","Perumugai Post, Vellore",Vellore,Vellore,632009
845,Tamil Nadu,"GIRIVAASAN POLYTECHNIC COLLEGE PAPPURAPATTY, DHARMAPURI","Pachanampatti Village, Selliampatti post,","Papparapatti Road,",Dharmapuri.,Dharmapuri,636809
846,Tamil Nadu,Girivasan College of Education,"2/969 - A.V.S.K.Bharath Building, Sakthi Colony,","Nelli Nagar, Kumarasamypet Post,",Dharmapuri.,Dharmapuri,636703
847,Tamil Nadu,"GLOBAL COLLEGE OF NURSING (Inst. Code - 311), KANYAKUMARI","EDAVILAGAM, NATTALAM,MARTHANDAM, KANYA KUMARI DISTRICT.",NA,MARTHANDAM,Kanniyakumari,629195
848,Tamil Nadu,"GLOBAL HOSPITALS & HEALTH CITY (Inst. Code - 382), CHENNAI",GLOBAL COLLEGE OF ALLIED HEALTH SCIENCES,"439, CHERAN NAGAR, PERUMBAKKAM",CHENNAI -600100,Chennai,600100
849,Tamil Nadu,"GLOBAL HOSPITALS & HEALTH CITY (Inst. Code - 512), CHENNAI",GLOBAL HOSPITAL AND HEALTH CITY,"439, CHERAN NAGAR, PERUMBAKKAM",CHENNAI - 600100,Chennai,600100
850,Tamil Nadu,Global Institute of Engineering and Technology,"#257/1, Banglore - Chennai Highway,","Melvisharam,",Vellore,Vellore,632509
851,Tamil Nadu,GMS MAVMM POLYTECHNIC COLLEGE NAICKEN PATTI,Naickenpatti,Alagarkovil,Madurai - 625 301,Madurai,625301
852,Tamil Nadu,Gnanam School of Business,Mary's Nagar,Trichy-Thanjavur Expressway,Sengipatti - 613 402,Thanjavur,613402
853,Tamil Nadu,GNANAM TEACHER TRAINING INSTITUTE TIRUCHIRAPALLI,"NO-10, JEEVA STREET","ARUL NAGAR, PONMALAIPATTI",TRICHY-620004,Tiruchirappalli,620004
854,Tamil Nadu,Gnanamani College of Education,"NH-7.A.K,SAMUTHIRAM",PACHAL(PO),NAMAKKAL,Namakkal,637018
855,Tamil Nadu,Gnanamani College of Engineering,"N H 7 A.K. SAMUTHIRAM,",PACHAL (PO),NAMAKKAL,Namakkal,637018
856,Tamil Nadu,Gnanamani College of Technology,NH-7 A.K Samuthiram,Pachal Post,Namakkal,Namakkal,637018
857,Tamil Nadu,Gnanamani Institute of Management Studies,"NH 7, A.K.Samuthiram",Pachal Post,Namakkal,Namakkal,637018
858,Tamil Nadu,GNANODAYA TEACHER TRAINING INSTITUTE ST.THOMAS MOUNT CHENNAI,"1/60, Polwells Road,","St.Thomas Mount,",Chennai,Kancheepuram,600016
859,Tamil Nadu,Gobi Arts & Science College,KARATTADIPALAYAM,KARATTADIPALAYAM - 638453,GOBICHETTIPALAYAM,Erode,638453
860,Tamil Nadu,Gojan School of Business and Technology,"80 Feet Road,Edapalayam",Redhills,Chennai,Thiruvallur,600052
861,Tamil Nadu,"GOLDEN POLYTECHNIC COLLEGE PALLAKKADU VILLAGE, SALEM","9/366,PALLAKADU",GANGAVALLI,GANGAVALLI,Salem,636105
862,Tamil Nadu,GOMATHI AMBAL POLYTECHNIC COLLEGE MALAIYADIKURICHI,MAAVEERAN POOLITHEVAN NAGAR,MALAIYADIKURICHI - 627 755,SIVAGIRI TK,Tirunelveli,627755
863,Tamil Nadu,Gonzaga College of Arts & Science for women,Kathampallam,Elathagiri,Krishnagiri,Krishnagiri,635108
864,Tamil Nadu,Good Shepherd College of Education,"P. H. Road, Pakkam",Kasua,Tiruvallur Taluk,Thiruvallur,602024
865,Tamil Nadu,Gopal Ramalingam Memorial Engineering College,"Rajeswari Nagar, Panapakkam","Near padappai, Tambaram VIA",Chennai - 601 301,Kancheepuram,601301
866,Tamil Nadu,"GOVERNMENT ARIGNAR ANNA MEMORIAL CANCER HOSPITAL (Inst. Code - 346), KANCHEEPURAM",KARAPETTAI,KANCHEEPURAM,KANCHEEPURAM,Kancheepuram,631552
867,Tamil Nadu,Government Arts & Science College (W),Government Arts & Science College for Women,Bargur - 635 104,Bargur,Krishnagiri,635104
868,Tamil Nadu,"GOVERNMENT ARTS AND SCIENCE COLLEGE FOR WOMEN, DHARMAPURI","GOVERNMENT ARTS AND SCIENCE COLLEGE FOR WOMEN, KARIMANGALAM",NA,KARIMANGALAM,Dharmapuri,635111
869,Tamil Nadu,"GOVERNMENT ARTS AND SCIENCE COLLEGE, HOSUR",Mullainagar,Rayakottai Road,Hosur.,Krishnagiri,635109
870,Tamil Nadu,"GOVERNMENT ARTS AND SCIENCE COLLEGE, KADALADI","Higher Secondary School Campus, Kadaladi(Temporary)",Kadaladi & Taluk,Kadaladi,Ramanathapuram,623703
871,Tamil Nadu,"Government Arts and Science College, Kangeyam",Rajaji Street,Opp. Indian Bank,Kangeyam,Tiruppur,638701
872,Tamil Nadu,"GOVERNMENT ARTS AND SCIENCE COLLEGE, KOMARAPALAYAM",THE PRINCIPAL,GOVERNMENT ARTS AND SCIENCE COLLEGE,KOMARAPALAYAM,Namakkal,638183
873,Tamil Nadu,"Government Arts and Science College, Kovilpatti",govt arts and science college kovilpatti,"krishnanagar, kovilpatti",kovilpatti,Thoothukkudi,628503
874,Tamil Nadu,"GOVERNMENT ARTS AND SCIENCE COLLEGE, MUDUKULATHUR",Higher Secondary School Campus Muthukulathur(Temporary),"Theriruveli Road,Muthukulathur(Permenant)","Muthukulathur,Ranmanad Dist",Ramanathapuram,623704
875,Tamil Nadu,"GOVERNMENT ARTS AND SCIENCE COLLEGE, THIRUVADANAI","Govt. Boys Higher Education School Campus, Thiruvadanai - 623407",NA,Thiruvadanai,Ramanathapuram,623407
876,Tamil Nadu,Government Arts College,Salem Road,Dharmapuri,Dharmapuri,Dharmapuri,636705
877,Tamil Nadu,Government Arts College,"GOVERNMENT ARTS COLLEGE(AUTONOMOUS),","CHERRY ROAD,",SALEM-7.,Salem,636007
878,Tamil Nadu,GOVERNMENT ARTS COLLEGE,MELUR,PIN CODE - 625 106,MADURAI,Madurai,625106
879,Tamil Nadu,Government Arts College for Men,The Principal,GOVT. ARTS COLLEGE (MEN),KRISHNAGIRI,Krishnagiri,635001
880,Tamil Nadu,Government Arts College for Women,Rayakotta Road,Krishnagiri,Krishnagiri,Krishnagiri,635002
881,Tamil Nadu,Government Arts College for Women,Yercaud main road,Gorimedu,SALEM-636008,Salem,636008
882,Tamil Nadu,"Government Arts College for Women, Pudukkottai - 622 001.",Sathyamoorthy Road,Pudukkottai - 622001,Pudukkottai,Pudukkottai,622001
883,Tamil Nadu,"Government Arts College for Women, Ramanathapuram",SIKIL RAJA VEETHI,RAMANATHAPURAM,RAMANATHAPURAM,Ramanathapuram,623501
884,Tamil Nadu,"Government Arts College for Women, Sivaganga",Kangirangal - post,Sivagangai - 630 562.,Sivagangai,Sivaganga,630562
885,Tamil Nadu,"Government Arts College, Aiyar Malai, Kulithalai, Karur - 639 120",Iyer Malai,Kulithalai,Karur - 639120,Karur,639120
886,Tamil Nadu,"Government Arts College, Ariyalur - 621 713.",Government Arts College,Rajaji Nagar,Ariyalur,Ariyalur,621713
887,Tamil Nadu,"Government Arts College, Chidambaram-608 102",C.Mutlur,Chidambaram,Chidambaram,Cuddalore,608102
888,Tamil Nadu,"Government Arts College, Coimbatore",ARTS COLLEGE ROAD,NA,COIMBATORE,Coimbatore,641018
889,Tamil Nadu,"Government Arts College, Karur - 639 005.",Thanthonimalai,Karur-639 005,Karur,Karur,639005
890,Tamil Nadu,"Government Arts College, Kumbakonam - 612 001.","Government Arts college (Autonomous), College Road,",Kumbakonam - 612 001,Kumbakonam,Thanjavur,612002
891,Tamil Nadu,"Government Arts College, Nilgiris",Stone House Hill P.O,NA,Udhagamandalam,The Nilgiris,643002
892,Tamil Nadu,"Government Arts College, Paramakudi",VENTHONI VILLAGE,PARAMAKUDI-623707,PARAMAKUDI,Ramanathapuram,623707
893,Tamil Nadu,"Government Arts College, Tiruchirappalli - 620 022.","Government Arts College, Thuvakudi",Tiruchirappalli,Tiruchirappalli,Tiruchirappalli,620022
894,Tamil Nadu,"Government Arts College, Tiruppur",Elaiamuthur Road,Bodipatty,Udumalpet,Tiruppur,642126
895,Tamil Nadu,"GOVERNMENT AYURVEDA MEDICAL COLLEGE AND HOSPITAL (Inst. Code - 347), KANNIYAKUMARI",Kottar,NA,Nagercoil,Kanniyakumari,629002
896,Tamil Nadu,"GOVERNMENT CHENGALPATTU MEDICAL COLLEGE & HOSPITAL (Inst. Code - 006), KANCHEEPURAM","GST ROAD, CHENGALPATTU - 603 001, KANCHIPURAM DISTRICT, TAMIL NADU",NA,CHENGALPATTU,Kancheepuram,603001
897,Tamil Nadu,"GOVERNMENT CHENGALPATTU MEDICAL COLLEGE & HOSPITAL, COLLEGE OF NURSING (Inst. Code - 348), KANCHEEPURAM","Chengalpattu Medical College, Chengalpattu",Chengalpattu,Chengalpattu,Kancheepuram,603001
898,Tamil Nadu,"Government College for Women, Kumbakonam - 612 001.",INDIRA GANDHI SALAI,NA,KUMBAKONAM - 612 001,Thanjavur,612001
899,Tamil Nadu,Government College of Education for Women,"245, Big Bazar Street","Townhall, Coimbatore 641 001",Coimbatore,Coimbatore,641001
900,Tamil Nadu,Government College of Engineering,"NH 46, Chennai Bangalore Highway,",Bargur - 635104,Krishnagiri,Krishnagiri,635104
901,Tamil Nadu,Government College of Engineering,"NH7, Kanya Kumari Road",Palayankottai,Tirunelveli,Tirunelveli,627007
902,Tamil Nadu,Government College of Engineering,"Government College of Engineering,Salem",Salem-11,Salem,Salem,636011
903,Tamil Nadu,GOVERNMENT COLLEGE OF ENGINEERING DHARMAPURI,"chettikkarai Village , Dharmapuri Tk < Dharmapuri Dt.(Permanent Address)","Chettikkarai Village, Dharmapuri Tk, Dharmapuri Dt. (Permanent Address)",Dharmapuri,Dharmapuri,635704
904,Tamil Nadu,GOVERNMENT COLLEGE OF ENGINEERING SRIRANGAM,SETHURAPATTI VILLAGE,SRIRANGAM TALUK,TRICHIRAPPALI,Tiruchirappalli,620012
905,Tamil Nadu,GOVERNMENT COLLEGE OF ENGINEERING THANJAVUR,Gandarvakottai road,Sengipatti,Thanjavur,Thanjavur,613402
906,Tamil Nadu,"GOVERNMENT COLLEGE OF ENGINEERING, BODINAYAKKANUR",MELACHOKKANATHAPURAM,NA,BODINAYAKKANUR,Theni,625582
907,Tamil Nadu,"GOVERNMENT COLLEGE OF PHYSIOTHERAPY (Inst. Code - 037), TIRUCHIRAPALLI",periamilaguparai,collector office road,trichy,Tiruchirappalli,620001
908,Tamil Nadu,Government College of Technology,Thadagam Road,NA,Coimbatore,Coimbatore,641013
909,Tamil Nadu,"GOVERNMENT DHARMAPURI MEDICAL COLLEGE (Inst. Code - 244), DHARMAPURI","NETHAJI BYE PASS ROAD, DHARMAPURI.","NETHAJI BYE PASS ROAD, DHARMAPURI.",DHARMAPURI,Dharmapuri,636701
910,Tamil Nadu,"GOVERNMENT HOMOEOPATHIC MEDICAL COLLEGE & HOSPITAL (Inst. Code - 016), MADURAI","MARAVANKULAM, TIRUMANGALAM-625 706",NA,TIRUMANGALAM,Madurai,625706
911,Tamil Nadu,"GOVERNMENT INSTITUTE OF REHABILITATION AND MEDICINE (Inst. Code - 036), CHENNAI",KK nagar,chennai 83,chennai,Chennai,600083
912,Tamil Nadu,"GOVERNMENT KANYAKUMARI MEDICAL COLLEGE (Inst. Code - 087), KANYAKUMARI","DEAN, KANYAKUMARI GOVT. MEDICAL COLLEGE, ASARIPALLAM","DEAN, KANYAKUMARI GOVT. MEDICAL COLLEGE, ASARIPALLAM",NAGERCOIL,Kanniyakumari,629201
913,Tamil Nadu,"GOVERNMENT KILPAUK MEDICAL COLLEGE (Inst. Code - 004), CHENNAI",Poonamallee High Road,Kilpauk,Chennai,Chennai,600010
914,Tamil Nadu,"Government Law College, Chengalpattu",THIRUMANI ROAD,NGGO NAGER,CHENGALPATTU-1,Kancheepuram,603001
915,Tamil Nadu,"Government Law College, Coimbatore",Maruthamalai Main Road,Bharathiyar University Post,Coimbatore,Coimbatore,641046
916,Tamil Nadu,"Government Law College, Madurai",Dr. Thangaraj salai,K.K. Nagar,Madurai,Madurai,625020
917,Tamil Nadu,"Government Law College, Tirunelveli",Thiruchendur Road,TIRUNELVELI,TIRUNELVELI,Tirunelveli,627011
918,Tamil Nadu,"Government Law College, Vellore",GANDHINAGAR WEST,KATPADI,VELLORE,Vellore,632006
919,Tamil Nadu,"GOVERNMENT MOHAN KUMARAMANGALAM MEDICAL COLLEGE (Inst. Code - 010), SALEM",Salem Steel Plant Road,Salem - 636030,Salem,Salem,636030
920,Tamil Nadu,"GOVERNMENT MOHAN KUMARAMANGALAM MEDICAL COLLEGE, COLLEGE OF NURSING, (Inst. Code - 401), SALEM",Salem Steel Plant Road,S Kollapatti,Salem,Salem,636030
921,Tamil Nadu,GOVERNMENT POLYTECHNIC COLLEGE,KARUMANDICHELLI PALAYAM,PERUNDURAI TALUK,ERODE,Erode,638053
922,Tamil Nadu,"Government polytechnic college , Cheyyar",PIANGINAR,CHEYYAR,CHEYYAR,Tiruvannamalai,606407
923,Tamil Nadu,"GOVERNMENT POLYTECHNIC COLLEGE BOOMANDAHALLI VILLAGE, DHARMAPURI","BOOMANDAHALLI (VILLAGE), BAISUHALLI (PO),",PALACODE (TK),DHARMAPURI - 635205,Dharmapuri,635205
924,Tamil Nadu,GOVERNMENT POLYTECHNIC COLLEGE COIMBATORE,CIVIL AERODROME POST,AVINASHI ROAD,COIMBATORE,Coimbatore,641014
925,Tamil Nadu,"GOVERNMENT POLYTECHNIC COLLEGE KANIYALAMPATTI, KARUR","GOVERNMENT POLYTECHNIC COLLEGE KANIYALAMPATTI, KARUR",KANIYALAMPATTI POST,KARUR - 621 301,Karur,621301
926,Tamil Nadu,GOVERNMENT POLYTECHNIC COLLEGE KATTINAYANAPPALLI,CHENNAI SALAI,KATTINAYANAPALLI (PO),KRISHANGIRI,Krishnagiri,635001
927,Tamil Nadu,"GOVERNMENT POLYTECHNIC COLLEGE KEELAKANAVAI, PERAMBALUR",KEELAKANAVAI POST,VELLUR VILLAGE,PERAMBALUR,Perambalur,621104
928,Tamil Nadu,"GOVERNMENT POLYTECHNIC COLLEGE KOTTUR, THENI",Dharmaapuri Road,Kottur,Theni,Theni,625534
929,Tamil Nadu,"GOVERNMENT POLYTECHNIC COLLEGE MELUR, MADURAI",MELUR-SIVAGANGAI ROAD,KATTAKALAPPATTI VILLAGE,"AMBALAKARANPATTY, MELUR",Madurai,625109
930,Tamil Nadu,GOVERNMENT POLYTECHNIC COLLEGE NAGERCOIL,Konam,Nagercoil-629004,Nagercoil,Kanniyakumari,629004
931,Tamil Nadu,GOVERNMENT POLYTECHNIC COLLEGE OORVANI,AVUDAIYARKOIL ROAD,NA,ARANTHANGI - 614616,Pudukkottai,614616
932,Tamil Nadu,GOVERNMENT POLYTECHNIC COLLEGE PURASAWALKAM OTTERI,SUBBARAYAN MAIN ROAD,NAMMALWARPET,CHENNAI,Chennai,600012
933,Tamil Nadu,"GOVERNMENT POLYTECHNIC COLLEGE PWD CAMPUS, THIRUVARUR","KORUKKAI,PAMANI ROAD",THIRUTHURAIPOONDI(T.K.),THIRUTHURAIPOONDI,Thiruvarur,614711
934,Tamil Nadu,GOVERNMENT POLYTECHNIC COLLEGE THOOTHUKUDI,Palayamkottai Road,Third Mile,Thoothukudi,Thoothukkudi,628008
935,Tamil Nadu,GOVERNMENT POLYTECHNIC COLLEGE TRICHY THUVAKUDIMALAI,"THUVAKUDIMALAI,TRICHY 22",NA,TRICHIRAPALLI,Tiruchirappalli,620022
936,Tamil Nadu,GOVERNMENT POLYTECHNIC COLLEGE UDHAGAMANDALAM,FINGER POST P.O.,UDHAGAMANDALAM-643 006.,UDHAGAMANDALAM,The Nilgiris,643006
937,Tamil Nadu,"GOVERNMENT POLYTECHNIC COLLEGE, THIRUVANNAMALAI",KARAPATTU,NA,THIRUVANNAMALAI,Tiruvannamalai,606705
938,Tamil Nadu,"GOVERNMENT POLYTECHNIC COLLEGE, USILAMPATTI",UTHAPPANAICKANUR,USILAMPATT(TK),MADURAI,Madurai,625537
939,Tamil Nadu,"GOVERNMENT POLYTEHCNIC COLLEGE NO.27 THIRUKOILUR, VILLUPURAM","KANDACHIPURAM MAIN ROAD,",ARAGANDANALLUR (PO) 605 752,THIRUKOILUR(Taluk),Viluppuram,605752
940,Tamil Nadu,"GOVERNMENT SIDDHA MEDICAL COLLEGE (Inst. Code - 014), PALAYAMKOTTAI,TIRUNELVELI","No:2,Langarkana Street,","Tiruvandram Road,Palayamkottai",Tirunelveli,Tirunelveli,627002
941,Tamil Nadu,"GOVERNMENT SIDDHA MEDICAL COLLEGE (Inst. Code - 015), CHENNAI",Arignar Anna Govt Hospital of Indian Medicine Campus,Arumbakkam,Chennai,Chennai,600106
942,Tamil Nadu,GOVERNMENT TEACHER TRAINING INSTITUTE FOR BOYS JOHILPATTI VIRUDHUNAGAR,GOVERNMENT TEACHER TRAINING INSTITUTE,"JOHILPATTI, KALKURICHI POST, PIN 626104",JOHILPATTI,Virudhunagar,626104
943,Tamil Nadu,GOVERNMENT TEACHER TRAINING INSTITUTE FOR WOMEN CHINNADHARAPURA KARUR,"CHINNATHARAPURAM,",KATTAMPUTHUR(PO),CHINNATHARAPURAM,Karur,639202
944,Tamil Nadu,GOVERNMENT TEACHER TRAINING INSTITUTE FOR WOMEN COIMBATORE,RAJA STREET,NA,COIMBATORE,Coimbatore,641001
945,Tamil Nadu,GOVERNMENT TEACHER TRAINING INSTITUTE FOR WOMEN RANIPET VELLORE,"DISTRICT MUNSIF COURT ROAD,RANIPET - 632401",NA,RANIPET,Vellore,632401
946,Tamil Nadu,GOVERNMENT TEACHER TRAINING INSTITUTE FOR WOMEN ROYAPETTAH CHENNAI,"No.6,WHITES ROAD,ROYAPETTAH,CHENNAI -14.",NA,CHENNAI,Chennai,600014
947,Tamil Nadu,GOVERNMENT TEACHER TRAINING INSTITUTE FOR WOMEN THANJAVUR,EAST MAIN STREET,ARANMANAI VALAGAM,THANJAVUR,Thanjavur,613001
948,Tamil Nadu,GOVERNMENT TEACHER TRAINING INSTITUTE GANGAVALLI SALEM,VEERAGANUR MAIN ROAD,GANGAVALLI POST,GANGAVALLLI,Salem,636105
949,Tamil Nadu,GOVERNMENT TEACHER TRAINING INSTITUTE SAMUGARAENGAPURAM TIRUNELVELI,Government Teacher Training Institute,Samugarengapuram,Vallioor,Tirunelveli,627112
950,Tamil Nadu,"GOVERNMENT TECHNICAL TRAINING CENTRE GUINDY, CHENNAI","100 Feet Road, SIDCO Industrial Estate, Guindy",CHENNAI,Chennai,Chennai,600032
951,Tamil Nadu,"Government Thirumagal Mill's College,Gudiyattam-632602",Gandhi Nagar,Kondasamudhiram Panchayat,Gudiyattam,Vellore,632602
952,Tamil Nadu,"GOVERNMENT UNANI MEDICAL COLLEGE (Inst. Code - 017), CHENNAI","3rd Avenue,Anna Nagar,Chennai-40","Arumbakkam,Chennai-106",Chennai,Chennai,600106
953,Tamil Nadu,"GOVERNMENT YOGA AND NATUROPATHY COLLEGE, ARINGNAR ANNA GOVT. HOSPITAL OF INDIAN MEDICINE CAMPUS (Inst. Code - 159), CHENNAI",ARIGNAR ANNA GOVT.HOSPITAL OF INDIAN MEDICINE CAMPUS,ARUMBAKKAM,CHENNAI 600 106,Chennai,600106
954,Tamil Nadu,"Govindammal Aditanar College, Tiruchendur - 628 215, Tuticorin Dist",Tirunelveli Road,Tiruchendur,Tirucheudur,Thoothukkudi,628215
955,Tamil Nadu,GOVT POLYTECHNIC COLLEGE FOR WOMEN -COIMBATORE,BHARATHIYAR ROAD,SIDDHAPUDUR,COIMBATORE,Coimbatore,641044
956,Tamil Nadu,GOVT POLYTECHNIC COLLEGE FOR WOMEN -MADAKKULAM,"TPK ROAD,",MADURAI,MADURAI,Madurai,625011
957,Tamil Nadu,Govt. Arts College Thiruvannamalai-606 603,"Chengam Road,",0,Tiruvannamalai,Tiruvannamalai,606603
958,Tamil Nadu,"Govt. Arts College, Surandai - 627 859",Anaikulam road,surandai,veerakeralampudur,Tirunelveli,627859
959,Tamil Nadu,"Govt., Arts College for Women, Nilakottai","Noothalapuram(PO), Nilakkottai 624 202, Dindigul(DT), TamilNadu",-,Dindigul,Dindigul,624208
960,Tamil Nadu,GOVT.SERVICE HOME TAMBARAM TAMBARAM SANIT CHENNAI,"NO.6, HOME ROAD, JUDGE COLONY",TAMBARAM SANATORIUM,CHENNAI,Kancheepuram,600047
961,Tamil Nadu,Grace College of Education,Andiyan Kattu Vilai,Padanthalumoodu 629163,Kanyakumari HQ Nagercoil,Kanniyakumari,629163
962,Tamil Nadu,Grace College of Education,"Grace Nagar, Bhavani - Kavindapadi Rd,","Elavamalai Po,",Erode,Erode,638316
963,Tamil Nadu,"GRACE COLLEGE OF NURSING (Inst. Code - 538), KANYAKUMARI","Andiyankattuvilai, Padanthalumoodu","Andiyankattuvilai, Padanthalumoodu",Kaliakkavilai,Kanniyakumari,629194
964,Tamil Nadu,GRACE TEACHER TRAINING INSTITUTE ANDAVASI THIRUVANNAMALAI,VISAMANGALAM VILLAGE,NEDUNGUNAM,VANDAVASI,Tiruvannamalai,606807
965,Tamil Nadu,GRACE TEACHER TRAINING INSTITUTE KALIAKKAVILAI KANYAKUMARI,Andian katthuvilai,Padanthalumoodu,Kanyakumari HQ Nagercoil,Kanniyakumari,629153
966,Tamil Nadu,Greentech College of Engineering for Women,"240/3, Appamasamudram Village",Narasingapuram P.O,Attur Taluk,Salem,636108
967,Tamil Nadu,GRT Institute of Engineering and Technology,GRT Mahalakshmi Nagar,"Chennai - Tirupathi Highroad, Tiruttani",Tiruttani,Thiruvallur,631209
968,Tamil Nadu,GUDIYATTAM POLYTECHNIC COLLEGE KAKATHOPPU VILLAGE,KAKATHOPPU,KELMUTTUKUR POST,GUDIYATTAM,Vellore,635806
969,Tamil Nadu,GURU NANAK COLLEGE,"Velachery Main Road,",Velachery,Chennai - 600042,Chennai,600042
970,Tamil Nadu,GURU RAAGAVINDRA POLYTECHNIC COLLEGE VEPPOOR VILLAGE,VEPPOOR VILLEGE,GUDIYATTAM,VELLORE,Vellore,635803
971,Tamil Nadu,GURU SHREE SHANTHI VIJAI JAIN COLLEGE FOR WOMEN,NO-96,VEPERY HIGH ROAD,CHENNAI,Chennai,600007
972,Tamil Nadu,Guruvayurappan Institute of Management,Coimbatore - Palakkad Highway,Navakkarai - 641105,Coimbatore,Coimbatore,641105
973,Tamil Nadu,"H.H. The Rajah's College, Pudukkottai - 622 001.",MADURAI ROAD,PUDUKKOTTAI,PUDUKKOTTAI,Pudukkottai,622001
974,Tamil Nadu,H.K.R.H.COLLEGE,Kombai Road,NA,Uthamapalayam,Theni,625533
975,Tamil Nadu,HAJI S.M.S. SHAIK JALALUDEEN TEACHER TRAINING INSTITUTE THANJAVUR,PATTUKKOTTAI ROAD,ADIRAMPATTINAM,PATTUKKOTTAI,Thanjavur,614701
976,Tamil Nadu,HAJI SHEIK ISMAIL ENGINEERING COLLEGE,ESANOOR,KEELAIYUR POST,NAGAPATTINAM,Nagapattinam,611103
977,Tamil Nadu,HAJI SHEIK ISMAIL POLYTECHNIC COLLEGE KEEZHAIYUR,Esanoor,Keezhaiyur-post,Nagapattinam,Nagapattinam,611103
978,Tamil Nadu,Hallmark Business School,"PIRATTIYUR - ALLITHURAI ROAD, SANTHAPURAM","SOMARASEMPETTAI POST, SRIRANGEM TALUK",TIRUCHIRAPPALLI,Tiruchirappalli,620102
979,Tamil Nadu,Happy Valley Business School,Velandhavalam Road,"Veerapanur, Pichanur Post",Coimbatore,Coimbatore,641105
980,Tamil Nadu,Harur Muthu Arts & Science College for Women,"Muthu gounder colony, harur",NA,salem,Dharmapuri,636903
981,Tamil Nadu,"HI-TECH POLYTECHNIC COLLEGE SAMUGARANGAPURAM, TIRUNELVELI",RADHAPURAM TALUK,SAMUGARANGAPURAM,TIRUNELVELI,Tirunelveli,627112
982,Tamil Nadu,"HINDU MISSION COLLEGE OF NURSING (Inst. Code - 551), CHENNAI",103 G S T ROAD,"Tambaram West, Tambaram",Chennai,Chennai,600045
983,Tamil Nadu,"HINDUSHTAN POLYTECHNIC COLLEGE OTHAKKALMANDAPAM, COIMBATORE","HINDUSTHAN POLYTECHNIC COLLEGE,","OTHAKKALMANDAPAM(P.O),",COIMBATORE-32,Coimbatore,641032
984,Tamil Nadu,HINDUSTAN COLLEGE OF ARTS AND SCIENCE,"Rajiv Gandhi Salai,","Padur, Kelambakkam,",Chennai - 603 103.,Chennai,603103
985,Tamil Nadu,HINDUSTAN INSTITUTE OF ENGINEERING TECHNOLOGY ALANDUR,"Navalur Road, Vellarithangal Village,","Serapanancheri Post, Near Padappai",KANCHEEPURAM,Kancheepuram,601301
986,Tamil Nadu,"Hindustan Institute of Technology and Science, Kancheepuram","Padur, Kelambakkam,","Chennai - 603 103, India",Chennai,Kancheepuram,603103
987,Tamil Nadu,Hindusthan College of Arts and Science,"Hindusthan Gardens,behind nava India, Coimbatore-28",NA,Coimbatore,Coimbatore,641028
988,Tamil Nadu,Hindusthan College of Education,Hindusthan Gardens,Behind NavaIndia,Coimbatore,Coimbatore,641028
989,Tamil Nadu,Hindusthan College of Engineering and Technology,OTHAKKALMANDAPAM POST,COIMBATORE,COIMBATORE,Coimbatore,641032
990,Tamil Nadu,Hindusthan Institute of Technology,"POLLACHI MAIN ROAD, MALUMICHAMPATTI",OTHAKKALMANDAPAM POST,COIMBATORE,Coimbatore,641032
991,Tamil Nadu,"HOLLY CROSS TEACHER TRAINING INSTITUTE, SAMUGARENGAPURAM, THIRUNELVELI",Holy cross nagar.duraikudieruppu,"samugarengapuram,Radhapuram Tk.",627112,Tirunelveli,627112
992,Tamil Nadu,Holy Angels College of Education for Women,Jadayampalayam 641 302,NA,NA,Coimbatore,641302
993,Tamil Nadu,Holy Angels School of Business (New),"NH-45, CHENNAI-TRICHY NATIONAL HIGHWAYS",SIRUVACHUR,PERAMBALUR,Perambalur,621113
994,Tamil Nadu,HOLY ANGELS TEACHER TRAINING INSTITUTE FOR WOMEN JADAYAMPALAYAM METTUPALAYAM COIMBATORE,JADAYAM PALAYAM 641302,NA,METTUPALAYAM,Coimbatore,641302
995,Tamil Nadu,"Holy Cross College of Arts &Science for Women,Molakarampatti-632 521","Molakkarampatti Road, Tirupattur-635 602.",NA,Tirupattur Town,Vellore,635602
996,Tamil Nadu,Holy Cross College of Education,THEPPAKULAM,TIRUCHIRAPALLI,THIRUCHIRAPALLI,Tiruchirappalli,620002
997,Tamil Nadu,"Holy Cross College, Nagercoil - 629 004.","Roch Nager, Nagercoil - 629 004.","Roch Nager, Nagercoil - 629 004.",Nagercoil,Kanniyakumari,629004
998,Tamil Nadu,"Holy Cross College, Tiruchirappalli - 620 002.","PRINCIPAL,HOLY CROSS COLLEGE(AUTONOMOUS)",TIRUCHIRAPPALLI -620002,TIRUCHIRAPPALLI,Tiruchirappalli,620002
999,Tamil Nadu,"Holy Cross Home Science College, 52, New Colony, Tuticorin - 628 003.","52,New Colony",Thoothukudi,Thoothukudi,Thoothukkudi,628003
1000,Tamil Nadu,Holy Trinity College of Education,"Melpalai, Edaicode.p.o",Pin-629152,Kuzhithurai,Kanniyakumari,629152
1001,Tamil Nadu,Holycross Engineering Colleges,"7/131,Holycross Nagar,Vagaikulam Srivaikundam Express Road","Thanoothu Village, Srivaikundam Taluk",Thoothukudi,Thoothukkudi,628851
1002,Tamil Nadu,Home Science College and Research Institute,Home Science College and Research Institute,Tamil Nadu Agricultural University,Madurai,Madurai,625104
1003,Tamil Nadu,Horticultural College and Research Institute for Women,Navalur Kuttapaatu,NA,Tiruchirappalli,Tiruchirappalli,620009
1004,Tamil Nadu,"Horticultural College and Research Institute, Coimbatore",Tamil Nadu Agricultural University,Lawley Road,Coimbatore,Coimbatore,641003
1005,Tamil Nadu,"Horticultural College and Research Institute, Theni",Horticultural College and Research Institute,Horticultural College and Research Institute,Periyakulam East - 625 604,Theni,625604
1006,Tamil Nadu,HOSUR INSTITUTE OF TECHNOLOGY AND SCIENCE,"Errandapalli village, Beerpalli PO,",Ramapuram via,Krishnagiri-635115,Coimbatore,635115
1007,Tamil Nadu,HTP College of Education,"193,Amman Nagar",Ammampalayam Post,Attur,Salem,636141
1008,Tamil Nadu,"I M S SCHOOL OF NURSING, NAGERCOIL","404A1, KP Road, Nagercoil 629001",NA,NA,Kanniyakumari,629001
1009,Tamil Nadu,I R T SCHOOL OF NURSING ERODE,IRT-Perundurai Medical College Campus,Sanatorium Post,Perundurai,Erode,638053
1010,Tamil Nadu,I.F.E.T. College of Engineering,"IFET Nagar, Gangarampalayam",Valavanur (Post),Villupuram,Viluppuram,605108
1011,Tamil Nadu,"I.R.T. PERUNDURAI MEDICAL COLLEGE & RESEARCH CENTRE (Inst. Code - 013), ERODE",PERUNDURAI SANATORIUM,PERUNDURAI,ERODE,Erode,638053
1012,Tamil Nadu,"Idaya College of Arts &Science for Women,Pudupalayam,Chengam-606 705","Idaya College of Arts &Science for Women,Pudupalayam,Chengam-606 705","daya College of Arts &Science for Women,Pudupalayam,Chengam-606 705",Tiruvannamalai,Tiruvannamalai,606705
1013,Tamil Nadu,"Idhaya College for Women, Sarugani",AROCKIA NAGAR,SARUGANI,SIVAGANGA,Sivaganga,630411
1014,Tamil Nadu,"Idhaya College of Women, Sakkottai, Kumbakonam 612 001.",P.Box.No: 66,"Mariamman Koil Street,",Kumbakonam.,Thanjavur,612001
1015,Tamil Nadu,Idhaya Engineering College for Women,Nainarpalayam Road,Chinnasalem,Villupuram,Viluppuram,606201
1016,Tamil Nadu,Idhayaam College of Education,Kannanur,Thuraiyur,Thuraiyur- 621206,Tiruchirappalli,621206
1017,Tamil Nadu,"Imayam Arts &Science college,Green Land, kanavaipudur village,NEW Town Post,Vaniyambadi Road,hengam-606 701","Imayam Arts &Science college,Green Land, kanavaipudur village,NEW Town Post,Vaniyambadi Road,hengam-606 701",0,Vaniyambadi,Vellore,635752
1018,Tamil Nadu,"Imayam College of Arts & Science, Thuraiyur- 621 206.",Vadakkuvelli Village,Kannanur (post),Thuraiyur,Tiruchirappalli,621206
1019,Tamil Nadu,Imayam College of Education,"Vadakkuveli Village,","KannanurPost,",Thuraiyur-621206,Tiruchirappalli,621206
1020,Tamil Nadu,Imayam College of Engineering,Kannanur (P.O),Thuraiyur (T.K),Thuraiyur,Tiruchirappalli,621206
1021,Tamil Nadu,Imayam Institute of Agriculture and Technology,Kannanur,Thuraiyur,Tiruchirappalli,Tiruchirappalli,621206
1022,Tamil Nadu,IMAYAM POLYTECHNIC COLLEGE KANNANUR,KANNANUR POST,THURAIYUR TALUK,TRICHY DISTRICT,Tiruchirappalli,621206
1023,Tamil Nadu,"IMAYAN TEACHER TRAINING INSTITUTE, TRICHY","vadakuli,thuraiur",trichy,thuraiyur,Tiruchirappalli,621206
1024,Tamil Nadu,"Immaculate college for Women,Viriyur,devapandelam,Post,SankarapuramTaluk-606 402","Viriyur Post, Devapandalam Via, Sangarapuram (TK)",Villupuram Dt,Sangarapuram,Viluppuram,606402
1025,Tamil Nadu,IMMACULATE SCHOOL OF NURSING SIVGANGAI,St.Joseph's Hospital Campus - Puliyal,Devakottai - Via,Sivaganga,Sivaganga,630312
1026,Tamil Nadu,Immanuel Arasar B.Ed. College of Education,Edavilagam,Nattalam - 629 165,Marthandam,Kanniyakumari,629165
1027,Tamil Nadu,Immanuel Arasar J.J.College of Engineering,"Edavilagam, Nattalam, Marthandam","Marthandam, K.K.Dist - 629 195",Nagercoil,Kanniyakumari,629195
1028,Tamil Nadu,"IMMANUVEL ARASAR TEACHER TRAINING INSTITUTE, , KANYAKUMARI",Edavilagam,Nattalam - 629 165,Marthandam,Kanniyakumari,629165
1029,Tamil Nadu,Indhira College of Education,"No.1, VGR Garden, VGR Nagar",Pandur,Thiruvallur District - 631 203,Thiruvallur,631203
1030,Tamil Nadu,INDHIRA GANDHI TEACHER TRAINING INSTITUTE INDHIRA GANDHI MEMORIAL MATRIC,"Ramamoorthi Nagar, D. Kalipalayam",NA,Dharapuram,Tiruppur,638661
1031,Tamil Nadu,"INDIA HEART FOUNDATION (UNIT OF VENKATESWARA HOSPITALS) (Inst. Code - 364), CHENNAI",36-A Chamiers Road,nandanam,Chennai,Chennai,600035
1032,Tamil Nadu,"Indian Arts &Science college,Kariyandal -Kondam-606 802",kariyandhal - kondam,Tiruvannamalai Taluk,Tiruvannamalai,Tiruvannamalai,606802
1033,Tamil Nadu,Indian College of Education,Opposite to VIT,Katpadi - Thiruvalam Rd,Vellore - 14,Vellore,632014
1034,Tamil Nadu,"INDIAN INSTITUTE OF CROP PROCESSING TECHNOLOGY, THANJAVUR","MINISTRY OF FOOD PROCESSING INDUSTRIES, GOVERNMENT OF INDIA",PUDUKKOTAI ROAD,"THANJAVUR, 613 005",Thanjavur,613005
1035,Tamil Nadu,"INDIAN INSTITUTE OF HANDLOOM TECHNOLOGY, SALEM",FOULKES COMPOUND,THILLAI NAGAR,SALEM,Salem,636001
1036,Tamil Nadu,"Indian Institute of Information Technology, Design & Manufacturing, Kancheepuram",Melakkottaiyur,Off Vandalur- Kelambakkam Road,Chennai-600127,Kancheepuram,600127
1037,Tamil Nadu,"INDIAN INSTITUTE OF INFORMATION TECHNOLOGY, SRIRANGAM",BIT Campus,NA,NA,Tiruchirappalli,620024
1038,Tamil Nadu,"INDIAN INSTITUTE OF MANAGEMENT, TIRUCHIRAPALLI",THANJAVORE ROAD,THUVAKUDI,TRICHY,Tiruchirappalli,620015
1039,Tamil Nadu,"Indian Institute of Technology, Chennai",IIT Madras Campus,NA,Chennai,Chennai,600036
1040,Tamil Nadu,"INDIRA COLLEGE OF NURSING (Inst. Code - 237), THIRUVALLUR","NO.1, V G R GARDENS, V G R NAGAR, PANDUR - 631 203, THIRUVALLUR DIST","NO.19, GOVINDAN STREET, AYYAVOO COLONY, AMINJIKARAI, CHENNAI- 29",CHENNAI,Thiruvallur,631203
1041,Tamil Nadu,"INDIRA COLLEGE OF NURSING (Inst. Code - 316), TIRUCHIRAPALLI","TRICHY-CHENNAI MAIN ROAD,KONALAI(PO),","MANNACHANALLUR(TK),","KONALAI,TIRUCHIRAPPALLI(DT)-620 105",Tiruchirappalli,621105
1042,Tamil Nadu,"Indira Gandhi -Jayanthi women's College,Krishaveni Nagar,Kilgudalur,Melpaddi(Post),Tindivanam-604 307","KRISHNAVENI NAGAR, KILGUDALORE VILLAGE,","MELPETTAI POST, TINDIVANAM T.K.",VILLUPURAM DIST.,Viluppuram,604307
1043,Tamil Nadu,Indira Gandhi College of Engineering and Technology for Women,Chengalpattu-Kancheepuram High Road,"Athur Post,Chengalpattu,Kanchipuram District",Chengalpattu,Kancheepuram,603101
1044,Tamil Nadu,Indira Gandhi College of Special Education,"177,Holycross Campus, Thadagam Road,",Kanuvai,Coimbatore - 641108,Coimbatore,641108
1045,Tamil Nadu,Indira Institute of Engineering and Technology,"No:1, VGR Gardens, VGR Nagar",Pandur,NA,Thiruvallur,631203
1046,Tamil Nadu,INDIRA TEACHERS TRAINING INSTITUTE THIRUVALLUR,"NO.1.V.G.R.GARDENS, V.G.R.NAGAR, PANDUR","NO.1.V.G.R.GARDENS, V.G.R.NAGAR,PANDUR",THIRUVALLUR,Thiruvallur,631203
1047,Tamil Nadu,"Indo-American College,Cheyyar-604407","Perungalathur Village ,Panchayat",Cheyyar,Cheyyar,Tiruvannamalai,604407
1048,Tamil Nadu,Indra Ganesan College of Engineering,Manikandam,Tiruchirappalli-12,Tiruchirappalli,Tiruchirappalli,620012
1049,Tamil Nadu,INDRA GANESAN TEACHER TRAINING INSTITUE TIRUCHIRAPALLI,"MADURAI MAIN ROAD, MANIKANDAM, TRICHY - 12",620012,TIRUCHIRAPPALLI,Tiruchirappalli,620012
1050,Tamil Nadu,Infant Jesus College of Engineering,"Kamaraj Nagar, Tirunelveli - Thoothukudi Highway (NH7A)","Keelavallnadu, Ellanayakkanpatti post, Tiuvaikundam (TK)",Thoothukudi,Thoothukkudi,628851
1051,Tamil Nadu,INFANT JESUS POLYTECHNIC COLLEGE K KALLIKUDI,TRICHY - DINDUGUL ROAD,NA,TRICHY,Tiruchirappalli,620009
1052,Tamil Nadu,"INFANT JESUS TEACHER TRAINING INSTITUTE, MULAGUMOODU, KANYAKUMARI","Colachel Road, Mulagumoodu",Mulagumoodu,Nagercoil,Kanniyakumari,629167
1053,Tamil Nadu,Info Institute of Engineering,"N.H.209, SATHY ROAD, KOVILPALAYAM",SARKARSAMAKULAM,COIMBATORE,Coimbatore,641107
1054,Tamil Nadu,INSTITUTE FOR FINANCIAL MGT. AND RESEARCH,24 Kothari road,Nungambakkam,Chennai,Chennai,600006
1055,Tamil Nadu,INSTITUTE OF CERAMIC TECHNOLOGY VRIDHACHALAM,CERAMIC ALADI ROAD,VRIDHACHALAM,VRIDHACHALAM,Cuddalore,606001
1056,Tamil Nadu,INSTITUTE OF CHEMICAL TECHNOLOGY RAJA ANNAMALAI PURAM,"Rajiv Gandhi IT Corridar Road, C.I.T.Campus",Tharamani,Chennai,Chennai,600113
1057,Tamil Nadu,INSTITUTE OF CO-OPERAGIVE MANAGEMENT,"Kusavankundu Road, Chinnaudiappu, P.T.C. Post",Madurai - 625 022,Madurai,Madurai,625022
1058,Tamil Nadu,Institute of Education,"POTHAVUR VILLAGE, INNAMPULLIUR POST","SRIRANGAM(TK),TRICHY(DT)-639103",TRICHY,Tiruchirappalli,639103
1059,Tamil Nadu,INSTITUTE OF ENGINEERING TECHNOLOGY,"363, Arcot Road",Kodambakkam,Chennai,Chennai,600024
1060,Tamil Nadu,INSTITUTE OF GANDHIAN STSUDIES & RESEARCH,Gandhi Museum,Tamukkam,Madurai,Madurai,625020
1061,Tamil Nadu,"INSTITUTE OF HOTEL MANAGEMENT CATERING TECHNOLOGY AND APPLIED NUTRITIION, TARAMANI, CHENNAI",IV CROSS STREET,"CIT CAMPUS, TTTI TARAMANI PO",CHENNAI,Chennai,600113
1062,Tamil Nadu,INSTITUTE OF LEATHER TECHNOLOGY -,C I T CAMPUS,THARAMANI,CHENNAI,Chennai,600113
1063,Tamil Nadu,"INSTITUTE OF OPHTHALMOLOGY, JOSEPH EYE HOSPITAL (Inst. Code - 041), TIRUCHIRAPALLI",P.O.Box.No. 138,MELAPUDUR,TIRUCHIRAPPALLI,Tiruchirappalli,620001
1064,Tamil Nadu,INSTITUTE OF PRINTING TECHNOLOGY KALIKUNDRAM,C.I.T. CAMPUS,THARAMANI,CHENNAI,Chennai,600113
1065,Tamil Nadu,Institute of Road and Transport Technology,SRI VASAVI COLLEGE POST,ERODE,ERODE,Erode,638316
1066,Tamil Nadu,INSTITUTE OF TEXTILE TECHNOLOGY CHENNAI,Tharamani,NA,Chennai,Chennai,600113
1067,Tamil Nadu,INSTITUTE OF TOOL ENGINEERING ADIYANUTHU,SOUNDARA RAJA MILLS ROAD,NEAR SIDCO INDUSTRIAL ESTATE,DINDIGUL,Dindigul,624003
1068,Tamil Nadu,"INTERNATIONAL CENTRE FOR CARDIO THERACIC AND VASCULAR DISEASES, Dr.K.M.CHERIAN HEART FOUNDATION, FRONTIER LIFE PVT.,LTD., (Inst. Code - 363), CHENNAI","R 30 C, Ambattur Industrial Estate Road",Mogappair,chennai,Chennai,600101
1069,Tamil Nadu,IRT POLYTECHINC COLLEGE BARGUR BALLINAYANAPALLI,CHENNAI BANGALORE HIGH WAY,ORAPPAM POST ELATHAGIRI VIA,KRISHNAGIRI TK & DT.,Krishnagiri,635108
1070,Tamil Nadu,IRT POLYTECHNIC COLLEGE -MUNNEERPALLAM,TRIVANDRUM ROAD,"KONGANTHANPARAI POST,",TIRUNELVELI,Tirunelveli,627007
1071,Tamil Nadu,IRT POLYTECHNIC COLLEGE NEMILICHERY,BHARATHA MADA STREET,"BHARATHIPURAM, CHROMPET",CHENNAI,Kancheepuram,600044
1072,Tamil Nadu,"IRUTHAYA ANDAVAR TEACHER TRAINING INSTITUTE, KARRUPPUR, TANJAVUR","45 KARUPPUR,",MARUDHANALLUR POST,KUMBAKONAM,Thanjavur,612402
1073,Tamil Nadu,"ISHWAR INSTITUTE OF PROSTHETICS & ORTHOTICS (A UNIT OF INTERNATIONAL SOCIETY FOR HUMAN WELFARE & REHABILITATION) (Inst. Code - 533), CHENNAI","AA 23, 3rd Street, 3rd Main Road",Annanagar,Chennai,Chennai,600040
1074,Tamil Nadu,"Islahiya Arabic College, Anbu Nagar, Airport, Tiruchirappalli - 620 007.","Anbu Nagar,",Airport,Tiruchirappalli,Tiruchirappalli,620007
1075,Tamil Nadu,"Islamiah college(autonomous),New town,Vaniyambadi-635 752",New Town,NA,Vaniyambadi,Vellore,635752
1076,Tamil Nadu,"IslamiahWomen'SCollege,!0,Bye-Pass Road,NewTown,Vaniyambadi-635752",#10 Bye Pass Road,"New Town,",vaniyambadi,Vellore,635752
1077,Tamil Nadu,"ITHAYA JYTHOI COLLEGE OF NURSING (Inst. Code - 469), TIRUNELVELI",Ithaya Jyothi College of Nursing,Caussanelpuram,Tirunelveli,Tirunelveli,627007
1078,Tamil Nadu,J C T TEACHER TRAINING INSTITUTE SHANTHI NAGAR HOSUR,"UMA ESTATE, K.P DAM ROAD",AVALAPALLI (PO),HOSUR,Krishnagiri,635109
1079,Tamil Nadu,J E I Mathaajee College of Engineering,Vishakandikuppam Village,Siruvakkam Post,Kanchipuram,Kancheepuram,631552
1080,Tamil Nadu,J J TEACHER TRAINING INSTITUTE J J NAGAR SIVAPURAM NAMASAMUDRAM,J.J.NAGAR,SIVAPURAM,PUDUKKOTTAI,Pudukkottai,622422
1081,Tamil Nadu,J K COLLEGE OF ARCHITECTURE,"NH - 7, MADURAI ROAD, BEGAMPUR POST , DINDIGUL - 624002.","NH - 7, MADURAI ROAD, BEGAMPUR POST , DINDIGUL - 624002.",DINDIGUL,Dindigul,624002
1082,Tamil Nadu,"J K K MUNIRAJA INSTITUTE OF HEALTH SCIENCES, COLLEGE OF PHARMACY (Inst. Code - 649)","T N PALAYAM PO, GOBICHETTIPALAYAM TK ERODE DT TAMILNADU PIN:638506",NA,NA,Erode,638506
1083,Tamil Nadu,J K TEACHER TRAINING INSTITUTE KUNNAKURUMBI ARANTHANGI,KUNNAKURUMBI,KUNNAKURUMBI,ARANTHANGI,Pudukkottai,614616
1084,Tamil Nadu,J N N Institute of Engineering,"""Ushaa Garden"", 90, Kannigaipair,","Uthukottai Taluk,",Thiruvallur,Thiruvallur,600053
1085,Tamil Nadu,"J R POLYTECHNIC COLLEGE, TIRUCHIRAPPALLI",SOORAKUDIPATTI VILLAGE,NAGAMANGALAM POST ALUNDUR,TIRUCHIRAPPALLI 620012,Tiruchirappalli,620012
1086,Tamil Nadu,"J V COLLEGE OF NURSING (Inst. Code - 319), CHENNAI","16, TAYLOR'S ESTATE, Ist STREET,","KODAMBAKKAM,",CHENNAI,Chennai,600024
1087,Tamil Nadu,J.A.S TEACHER TRAINING INSTITUTE CHINNA VADAMPATTI,"79, ATHIPALAYAM ROAD",CHINNAVEDAMPATTI,COIMBATORE,Coimbatore,641049
1088,Tamil Nadu,"J.J. College of Arts & Science, Namanasamuthiram, Pudukkottai - 622 404.",J.J.Nagar,Sivapuram,Pudukkottai,Pudukkottai,622404
1089,Tamil Nadu,J.J. College of Education,J.J. NAGAR,SIVAPURAM - POST,PUDUKKOTTAI 622 422,Pudukkottai,622422
1090,Tamil Nadu,J.J. College of Education,Poolangulathupatti,Ammapettai,Tiruchirappalli,Tiruchirappalli,620009
1091,Tamil Nadu,J.J. College of Engineering and Technology,AMMAPETTAI,POOLANGULATHUPATTI POST,TIRUCHIRAPPALLI,Tiruchirappalli,620009
1092,Tamil Nadu,J.J. POLYTECHNIC COLLEGE AMMAPETTAI,"AMMAPETTAI, POOLANGULATHUPATTI POST",NA,TRICHY,Tiruchirappalli,620009
1093,Tamil Nadu,J.K. College of Education,ARANTHANGI,ARANTHANGI,ARANTHANGI,Pudukkottai,614624
1094,Tamil Nadu,"J.K. COLLEGE OF NURSING AND PARAMEDICAL (Inst. Code - 052), COIMBATORE","S.F.No.90 kamaraj Road, Near Varadarajapuram ESI hospial",Uppilipalayam,Coimbatore,Coimbatore,641015
1095,Tamil Nadu,"J.K.K MUNIRAJAH MEDICAL RESEARCH FOUNDATION, ANNAI J.K.K. SAMPOORANI AMMAL COLLEGE OF NURSING (Inst. Code - 068), NAMAKKAL",ETHIRMEDU,VALAYAKARANUR POST,KOMARAPALAYAM,Namakkal,638183
1096,Tamil Nadu,J.K.K Munirajah School of Architecture,T.N.PALAYAM (PO),NA,GOBICHETTIPALAYAM (TK),Erode,638506
1097,Tamil Nadu,J.K.K Nataraja College of Arts & Science,Natarajapuram,"NH-47, Salem Main Road",Komarapalayam,Namakkal,638183
1098,Tamil Nadu,"J.K.K NATARAJAH DENTAL COLLEGE & HOSPITAL (Inst. Code - 022), NAMAKKAL","NATARAJAPURAM, NH-544 (SALEM TO COIMBATORE)",KUMARAPALAYAM,KUMARAPALAYAM,Namakkal,638183
1099,Tamil Nadu,"J.K.K. MUNIRAJAH MEDICAL RESEARCH FOUNDATION, ANNAI J.K.K. SAMPOORANI AMMAL COLLEGE OF PHARMACY (Inst. Code - 082), ETHIRUMEDU",ETHIR MEDU,VALAIYAKARANUR POST,KOMARAPALAYAM,Namakkal,638183
1100,Tamil Nadu,"J.K.K. MUNIRAJAH MEDICAL RESEARCH FOUNDATION, COLLEGE OF PHYSIOTHERAPY (Inst. Code - 103), NAMAKKAL",Ehimedu vattamalai komarapalaym,NA,komarapalayam,Namakkal,638183
1101,Tamil Nadu,"J.K.K. NATARAJAH COLLEGE OF PHARMACY (Inst. Code - 032), SALEM","Natarajapuram, NH-544 (Salem to Coimbatore)",Komarapalayam,Komarapalayam,Salem,638183
1102,Tamil Nadu,"J.K.K.MUNIRAJAH MEDICAL RESEARCH FOUNDATION, COLLEGE OF OCCUPATIONAL THERAPY (Inst. Code - 276), NAMAKKAL","Ethiermedu, Vattamalai, Komarapalayam",NA,Komarapalayam - 638 183,Namakkal,638183
1103,Tamil Nadu,J.K.K.Nattraja College of Engineering & Technology,"NH-544,SALEM TO COIMBATORE,NATARAJAPURAM",KUMARAPALAYAM,NAMAKKAL,Namakkal,638183
1104,Tamil Nadu,"J.M. CHARITABLE TRUST (Inst. Code - 437), KANYAKUMARI","BEJAN SINGH EYE HOSPITAL COMPLEX,","VETTOORNIMADAM, NAGERCOIL - 629 003",NAGERCOIL,Kanniyakumari,629003
1105,Tamil Nadu,"J.P. College of Arts and Science, Ayikudy - 627 852, Tenkasi","College Road, Ayikudi - 627852, Tenkasi","College Road, Ayikudy - 627 852",Rural,Tirunelveli,627852
1106,Tamil Nadu,"J.P. COLLEGE OF EDUCATION , TIRUNELVELI","NO.283, 287/3, COLLEGE ROAD",AYIKUDI,TENKASI,Tirunelveli,627852
1107,Tamil Nadu,J.P.College of Engineering,COLLEGE ROAD,AYIKUDI,TENKASI,Tirunelveli,627852
1108,Tamil Nadu,J.S.J.V.College of Education,"Jayaram Nagar,",Chellankuppam,Cuddalore,Cuddalore,607003
1109,Tamil Nadu,"J.S.S. INSTITUTE OF NATUROPATHY AND YOGIC SCIENCES (Inst. Code - 132), OOTACAMUND, COIMBATORE","Palakkad Main Road, Navakkarai,",NA,Coimbatore,Coimbatore,641105
1110,Tamil Nadu,JAI RUPA TEACHER TRAINING INSTITUTE TIRUPPUR,"Thottiapalayam, Kathankanni - post",Kangayam - Tk,Tiruppur,Tiruppur,641604
1111,Tamil Nadu,Jai Shree Venkateswara College of Arts & Science,"Attukarampatti(vill),Sogathur(po),pennagaram main Road, Dharmapuri-09",NA,NA,Dharmapuri,636809
1112,Tamil Nadu,Jai Sri Venkateswara College of Education,"Penakaram Main Road,","Aattukarampatti, Sogathur (po),",NA,Dharmapuri,636809
1113,Tamil Nadu,"JAINEE COLLEGE OF EDUCATION , DINDIGUL",Dindigul - Theni Road,"Aathupatti Privu, N. Panjampatti P O., Veerakkal BPO",Dindigul 624 303,Dindigul,624303
1114,Tamil Nadu,JAINEE COLLEGE OF ENGINEERING AND TECHNOLOGY,"Dindigul-Theni Main Road,VeerakalB.P.O,N.Panjampatti(PO),Dindigul",NA,Dindigul,Dindigul,624303
1115,Tamil Nadu,"JAINEE COLLEGE OF NURSING (Inst. Code - 229), DINDIGUL",DINDIGUL - THENI ROAD,AATHUPATTI PRIVU NEAR VAKKAMPATTI,DINDIGUL 624 303,Dharmapuri,624303
1116,Tamil Nadu,Jairam Arts & Science College,Chinnathirupathy,NA,Salem,Salem,636008
1117,Tamil Nadu,Jairam College of Education,"Near Mahamariamman Temple, Salem bye pass Road, N-H-7,",LNS(PO),Karur,Karur,639002
1118,Tamil Nadu,"Jairams Arts & Science College, NH7, Karur-Madurai By-Pass Road, Aattamparappu, Kakavadi (P.O), Karur - 639 003.","NH7, Karur-Madurai By-Pass Road, Aattamparappu, Kakavadi (P.O), Karur - 639 003.",NA,NA,Karur,639003
1119,Tamil Nadu,Jairupa College of Education,"Thottiapalayam, Kathankanni-post",Kangayam-Tk,Tiruppur,Erode,641604
1120,Tamil Nadu,JAIRUPAA COLLEGE OF ENGINEERING,THOTTIAPALAYAM,"KATHANKANNI(PO),KANGAYAM(TK)",TIRUPPUR,Tiruppur,641604
1121,Tamil Nadu,"Jamal Mohamed College, Tiruchirappalli - 620 020.","No.7, Race Course Road",Khaja Nagar,Tiruchirappalli,Tiruchirappalli,620020
1122,Tamil Nadu,James college of Education,"MANANVILAI,","NEAR KARUNGAL,",KAPPIYARAI P.O,Kanniyakumari,629156
1123,Tamil Nadu,James College of Engineering and Technology,"JAMESPURAM, NAVALCAUD, EASANTHIMANGALAM,",NEAR NAGERCOIL,NAGERCOIL,Kanniyakumari,629852
1124,Tamil Nadu,"Jamia Darussalam Arabic College,Oomerabad",Jamia Darussalam Arabic College,"Main Road,",OOMERABAD. Pin: 635 808.,Vellore,635808
1125,Tamil Nadu,Jansons Institute of Technology,"Karumathampatti,",Coimbatore - 641659,COIMBATORE,Coimbatore,641659
1126,Tamil Nadu,Jansons School of Business,Karumathampatty,Karumathampatty post,Coimbatore,Tiruppur,641659
1127,Tamil Nadu,Jawahar Engineering College,Sabarmathi 54 KK Road Kaverirangan Nagar Saligramam,NA,Chennai,Chennai,600093
1128,Tamil Nadu,Jawahar School of Architecture Planning and Design,"""Sabarmathi"", No:54, K.K.Road, Kaverirangan Nagar",Saligramam (Near Vadapalani),Chennai,Chennai,600093
1129,Tamil Nadu,"Jawahar Science College,Block -14,Neyveli-607 803",Block-14,Neyveli - 607 803,Neyveli Township,Cuddalore,607803
1130,Tamil Nadu,Jawaharlal Institute of Technology,"""Jawahar Gardens"", Kaliapuram",Thirumalayampalayam (Post) - 641 105,Coimbatore,Coimbatore,641105
1131,Tamil Nadu,"Jawaharlal Nehru College for Women,Pali Village,Ulunderpet Taluk",Pali,Ulundurpet,Villupuram,Viluppuram,606104
1132,Tamil Nadu,Jay Shriram Group of Institutions,"DHARAPURAM ROAD, AVINASHIPALAYAM",NA,NA,Tiruppur,638660
1133,Tamil Nadu,JAYA COLLEGE OF ARTS AND SCIENCE,M.T.H ROAD,THIRUNINRAVUR,CHENNAI,Chennai,602024
1134,Tamil Nadu,Jaya College of Education,"No.29, Annai Indira Nagar,",Tiruninravur,Chennai,Chennai,602024
1135,Tamil Nadu,"JAYA COLLEGE OF PARAMEDICAL SCIENCES, COLLEGE OF PHARMCY (Inst. Code - 224), CHENNAI",C.T.H.ROAD,THIRUNINRAVUR,CHENNAI,Chennai,602024
1136,Tamil Nadu,"JAYA COLLEGE OF PARAMEDICAL SCIENCES, COLLEGE OF PHYSIOTHERAPY (Inst. Code - 202), CHENNAI","MTH ROAD,",THIRUNINRAVUR,CHENNAI,Chennai,602024
1137,Tamil Nadu,Jaya Engineering College,"C.T.H. ROAD, PRAKASH NAGAR",THIRUNINRAVUR - 602024,CHENNAI,Thiruvallur,602024
1138,Tamil Nadu,JAYA POLYTECHNIC COLLEGE -NADUKUTHAGAI,PRAKASH NAGAR,NA,THIRUNINRAVUR,Thiruvallur,602024
1139,Tamil Nadu,Jaya Suriya Engineering College,Redhills Thiruvallur High Road,"Koduveli, Chennai - 600 055",Chennai,Thiruvallur,600055
1140,Tamil Nadu,JAYAGOVIND HARIGOPAL AGARWAL AGARSEN COLLEGE,"No.1, Manjambakkam Road",Madhavaram,Chennai,Chennai,600060
1141,Tamil Nadu,Jayalakshmi Institute of Technology,Thoppur,Dharmapuri,Dharmapuri,Dharmapuri,636352
1142,Tamil Nadu,Jayalakshmi Narayanaswami College of Education,"74/48, Bajanai Kovil street, Pallipattu,","Tharamani Post, Chennai",Chennai,Chennai,600113
1143,Tamil Nadu,JAYAM ARTS AND SCIENCE COLLEGE (CO-ED),"Hogenakkal Main Road,","Nallanur, Sigaralahalli(PO),Pennagaram (TK)",Dharmapuri,Dharmapuri,636813
1144,Tamil Nadu,Jayam College of Education,KILPENNATHUR,KILPENNATHUR,TIRUVANNAMALAI,Tiruvannamalai,604601
1145,Tamil Nadu,Jayam College of Engineering and Technology,NALLANUR,DHARMAPURI,DHARMAPURI,Dharmapuri,636813
1146,Tamil Nadu,"JAYAM PARAMEDICAL SCIENCES (MVK NURSING HOME) (Inst. Code - 497), THANJAVUR","NO 13/54 RAJAPPA NAGAR,I STREET,MEDICAL COLLEGE ROAD,THANJAVUR.",NA,THANJAVUR,Thanjavur,613007
1147,Tamil Nadu,JAYAM POLYTECHNIC COLLEGE NALLANUR,"NALLANUR (VILL),","PENNAGARAM ROAD,",DHARMAPURI,Dharmapuri,636813
1148,Tamil Nadu,JAYAM SCHOOL OF NURSING THANJAVUR,"NO.13/54,RAJAPPA NAGAR,I STREET,MEDICAL COLLEGE RAOD,THANJAVUR-7",NA,Thanjavur,Thanjavur,613007
1149,Tamil Nadu,JAYAM TEACHER TRAINING INSTITUTE KILPENNATHUR,KILPENNATHUR,KILPENNATHUR,KILPENNATHUR,Tiruvannamalai,604601
1150,Tamil Nadu,Jayamatha Engineering College,Thirurajapuram,Muppandal,Aralvaimozhi,Kanniyakumari,629301
1151,Tamil Nadu,Jayanthi College of Education,"Jayanthi Gardens,","Arulpuram,",Tirupur Dt - 641 605.,Coimbatore,641605
1152,Tamil Nadu,JAYANTHI PADMANABA TEACHER TRAINING INSTITUTE SRISUSHNAM,46/16 North car street,srimushnam,srimushnam,Cuddalore,608703
1153,Tamil Nadu,JAYANTHI TEACHER TRAINING INSTITUTE TIRUPUR,Jayanthi Gardens,Arulpuram,Tirupur,Tiruppur,641605
1154,Tamil Nadu,Jayaraj Annapackiam CSI College of Engineering,MARGOSCHIS NAGAR,NAZARETH,NAZARETH,Thoothukkudi,628617
1155,Tamil Nadu,JAYARAJ ANNAPACKIAM CSI POLYTECHNIC COLLEGE NAZARETH,MARGOSCHIS NAGAR,NAZARETH 628 617,NAZARETH,Thoothukkudi,628617
1156,Tamil Nadu,Jayaram College of Engineering and Technology,Karatampatti - Pagalavadi,Thuraiyur,Tiruchirappalli,Tiruchirappalli,621014
1157,Tamil Nadu,JAYARAM POLYTECHNIC COLLEGE KARATTAMPATTY-PAGALAVADI,"KARATTAMPATTY,","PAGALAVADI-Po,",THURAIYUR - Tk.,Tiruchirappalli,621014
1158,Tamil Nadu,Jayasanthi B.Ed. College,"sanathikalmedu, p.k.puthur(po)","Guruvareddiyur, Anthiyur(TK)",Anthiyur,Erode,638504
1159,Tamil Nadu,JAYASHANTHI TEACHER TRAINING INSTITUTE BHAVANI,"Sanathikkal Medu, P.K.Pudur (PO) Guruvareddiyur","Sanathikkal Medu, P.K.Pudur (PO) Guruvareddiyur",Bhavani,Erode,638504
1160,Tamil Nadu,JCT College of Engineering and Technology,"Velanthavalam Highway,",Pichanur,Coimbatore,Coimbatore,641105
1161,Tamil Nadu,"JEEVA COLLEGE OF NURSING (Inst. Code - 467), KRISHNAGIRI","PULIYENCHRI(VILL),O),VEEPANAPULLI(UNION),KRISHNAGIRI(DT)","PULIYENCHRI(VILL),BEEMADAPULLI(PO),VEEPANAPULLI(UNION),KRISHNAGIRI(DT)",KRISHNAGIRI,Krishnagiri,635001
1162,Tamil Nadu,Jeevan College of Education,"Vinmathee Nagar, Trichy-Dindigul Main Road","Muthapudaiyanpatty (Po),",Manapparai - 621 306,Tiruchirappalli,621306
1163,Tamil Nadu,"JEEVAN POLYTECHNIC COLLEGE, MANAPPARAI","VINMATHEE NAGAR,TRICHY DINDIGUL MAIN ROAD,MUTHAPAPUDAIYAN PATTY(PO)",MANAPPARAI-621306,TRICHY,Tiruchirappalli,621306
1164,Tamil Nadu,JEEVAN TEACHER TRAINING INSTITUTE MANAPPARI,"VINMATHEE NAGAR, TRICHY MAIN ROAD,","MUTHAPUDAIYANPATTI POST,",MANAPPARAI - 621306,Tiruchirappalli,621306
1165,Tamil Nadu,"JEEVAS POLYTECHNIC COLLEGE, COIMBATORE","383/1 MYLERIPALAYAM VILLAGE, ARISIPALAYAM (PO)",OTHAKKAL MANDAPAM,COIMBATORE,Coimbatore,641032
1166,Tamil Nadu,JENNEYS ACADEMYOF TOURISM AND HOTEL MANAGEMENT K- KALLIKUDI,"2/67 Manigandam Road,",Ramjee Nagar,Tiruchirappalli,Tiruchirappalli,620009
1167,Tamil Nadu,"JENNYS COLLEGE OF NURSING (Inst. Code - 457), TIRUCHIRAPALLI","2/67 Manigandam Road, Ramjee Nagar, Trichy-09",NA,Trichy,Tiruchirappalli,620009
1168,Tamil Nadu,Jeppiaar Engineering College,Rajiv Gandhi salai,Jeppiaar Nagar,Chennai,Kancheepuram,600119
1169,Tamil Nadu,Jerusalem College of Engineering,Velachery-Tambaram Main Road,"Narayanapuram, Pallikkaranai,",Chennai-600 100,Kancheepuram,600100
1170,Tamil Nadu,JESI ADAM TEACHER TRAINING INSTITUTE ANNAMANGALAM,"Selcrim Land,",Annamangalam - Post,Veppanthattai - Taluk,Perambalur,621102
1171,Tamil Nadu,JESUS CHRIST TEACHER TRAINING INSTITUTE PIDAMANERI,"CHRIST GARDEN,COLLECTORS BUNGLOW BACK SIDE,VETRILAIKARAN PALLAM",NA,DHARMAPURI,Dharmapuri,636807
1172,Tamil Nadu,JEYA POLYTECHNIC COLLEGE,Sakkammalpuram,Servaikaranmadam,Thoothukudi,Thoothukkudi,628103
1173,Tamil Nadu,"Jeyaraj Annapackiyam College for Women, Periyakulam",Thamaraikulam,Periyakulam,Theni,Theni,625601
1174,Tamil Nadu,"JEYARAM TEACHER TRAINING INSTITUTE, TRICHY",KARATTAMPATTI,PAGALAVADI - POST,THURAIYUR -TALUK,Tiruchirappalli,621014
1175,Tamil Nadu,JKK Munirajah College of Technology,"THUKKANAIKEN PALAYAM, GOBICHETTYPALAYAM",NA,ERODE,Erode,638506
1176,Tamil Nadu,Joe Suresh Engineering College,Mundradaippu,0,Mundradaippu,Tirunelveli,627152
1177,Tamil Nadu,JOHN BOSCO ARTS AND SCIENCE COLLEGE,"post box .12, Tiruvallur High Road,near Tiruvallur Railway Station",Tiruvallur District-602001,chennai,Chennai,602001
1178,Tamil Nadu,John Bosco Engineering College,Near Tiruvallur Railway Station,Tiruvallur,Chennai,Thiruvallur,602001
1179,Tamil Nadu,JOHN BOSCO POLYTECHNIC COLLEGE TIRUVALLUR,THIRUVALLUR RAILWAY STATION,THIRUVALLUR,CHENNAI,Thiruvallur,602001
1180,Tamil Nadu,JOHN TEACHER TRAINING INSTITUTE KULITALAI,"SIVAYAM, SIVAYAM-PO, KULITHALAI-TK, KARUR-DT, 639120,","SIVAYAM, SIVAYAM-PO, KULITHALAI-TK, KARUR-DT, 639120,",KULITHALAI,Karur,639120
1181,Tamil Nadu,"Joseph Arts &Science College,Thirunavallur-607204",Thirunavalur,Thirunavalur & Post - 607 204,Villupuram,Viluppuram,607204
1182,Tamil Nadu,JOSEPH CHELLAMUTHU TEACHER TRAINING INSTITUTE KEERAMBUR,"NO-4, ARPUTHA NAGAR",KEERAMBUR- NAMAKKAL,NAMAKKAL,Namakkal,637207
1183,Tamil Nadu,"Jothi's Vallimalai Road, Katpadi-632 007","No. 113 , Vallimalai Road , Katpadi ,","28,Lakshmana Mudali St., Sainathapuram, VELLORE - 632 001",Vellore,Vellore,632007
1184,Tamil Nadu,"JP PARAMEDICAL INSTITUTE (Inst. Code - 599), CUDDALORE",46/16 NORTH CAR STREET,NA,SRIMUSHNAM,Cuddalore,608703
1185,Tamil Nadu,"JPKM, SCHOOL OF NURSING, VELLORE","12, Annai Theresa 4th Street,","Phase-3, Sathuvachari,",Vellore,Vellore,632009
1186,Tamil Nadu,JRS College of Education,SELCRIM LAND,ANNAMANGALAM,PERAMBALUR,Perambalur,621102
1187,Tamil Nadu,JSR College of Education,AGRAHARAKKANNADIPUTHUR VILLAGE,MADATHUKULAM (POST),MADATHUKULAM (TALUK),Coimbatore,642113
1188,Tamil Nadu,JSS College of Pharmacy,Rocklands,Post Box No.20,Udhagamandalam,The Nilgiris,643001
1189,Tamil Nadu,JUSTICE BASHER AHMED SAYEED COLLEGE FOR WOMEN,"No.56, K.B.Dasan Road,",Teynampet,Chennai,Chennai,600018
1190,Tamil Nadu,K A R POLYTECHNIC COLLEGE -,"M.C.ROAD, SOLUR VILLAGE",AMBUR,AMBUR,Vellore,635814
1191,Tamil Nadu,"K E T POLYTECHNIC COLLEGE, KRISHNAGIRI","CHINNAPANAMUTLU VILLAGE, ANCHOOR POST",THIRUVANNAMALAI ROAD N.H-66,KRISHNAGIRI,Krishnagiri,635203
1192,Tamil Nadu,K L NAGASAMY MEMORIAL POLYTECHNIC COLLEGE VIRAGANOOR POST,K.L.NAGASWAMY MEMORIAL POLYTECHNIC COLLEGE,"KOZHIMEDU, VIRAGANOOR POST, MADURAI -625 009.",MADURAI - 625 009,Madurai,625009
1193,Tamil Nadu,K R SCHOOL OF NURSING COIMBATORE,Periyanaicken palayam,NA,coimbatore,Coimbatore,641020
1194,Tamil Nadu,K S R College of Engineering,K.S.R. Kalvi Nagar,Thokkavadi Post,Tiruchengode,Namakkal,637215
1195,Tamil Nadu,K S R POLYTECHNIC COLLEGE THOKKAVADI,KSR KALVI NAGAR,TIRUCHENGODE,NAMAKKAL,Namakkal,637215
1196,Tamil Nadu,K S RENGASAMY INSTITUTE OF TECHNOLOGY THOKKAVADI,"K S R KALVI NAGAR, THOKKAVADI,",TIRUCHENGODE - (TK),TIRUCHENGODE - 637 215,Namakkal,637215
1197,Tamil Nadu,K. Nanjappa Gownder College of Education,"Akshaya Nagar,","Seelapadi Post,",Dindigul,Dindigul,624005
1198,Tamil Nadu,"K.A.P. VISWANATHAM GOVERNMENT MEDICAL COLLEGE (Inst. Code - 134), TIRUCHIRAPALLI",PERIAMILAGUPARAI,TIRUCHIRAPALLI 1,TIRUCHIRAPALLI,Tiruchirappalli,620001
1199,Tamil Nadu,K.E.C. College of Education,TINDIVANAM ROAD,CHINNAKANGEYANUR VILLAGE,TIRUVANNAMALAI,Tiruvannamalai,606611
1200,Tamil Nadu,K.G. College of Arts and Science,KGISL CAMPUS,SARAVANAMPATTI,COIMBATORE-641035.,Coimbatore,641035
1201,Tamil Nadu,"K.G. COLLEGE OF NURSING (Inst. Code - 119), COIMBATORE",K.G HOSPITAL,ARTS COLLEGE ROAD,COIMBATORE-641018,Coimbatore,641018
1202,Tamil Nadu,"K.G. COLLEGE OF PHYSIOTHERAPY (Inst. Code - 144), COIMBATORE","NO.5, GOVERNMENT ARTS COLLEGE ROAD, COIMBATORE-641018",NA,COIMBATORE-641018,Coimbatore,641035
1203,Tamil Nadu,"K.G. HOSPITAL AND POST GRADUATE MEDICAL INSTITUTE (Inst. Code - 374), COIMBATORE",K.G COLLEGE OF ALLIED HEALTH SCIENCE,"K.G HOSPITAL,ARTS COLLEGE ROAD",COIMBATORE,Coimbatore,641018
1204,Tamil Nadu,K.J.N. Educational College,usha garden,"90, Kannigaipair",Uthukottai,Chennai,601101
1205,Tamil Nadu,"K.K. COLLEGE OF PHARMACY (Inst. Code - 056), CHENNAI",1/161 SANKARALINGANAR ROAD,GERUGAMBAKKAM,CHENNAI,Chennai,600128
1206,Tamil Nadu,K.K.C. College of Engineering and Technology (New),T.PALUR ROAD,KARADIKULAM POST,JAYANKONDAM,Ariyalur,621802
1207,Tamil Nadu,K.K.S . MANI TEACHER TRAINING INSTITUTE KANNAMANGALAM VELLORE,"No.78, CC ROAD, VALLAM, KANNAMANGALAM VIA",VELLORE TALUK,VELLORE,Vellore,632311
1208,Tamil Nadu,K.K.S. Mani College of Education,"NO.78 C.C. ROAD,VALLAM,","KANNAMAGALAM VIA,",VELLORE,Vellore,632311
1209,Tamil Nadu,K.K.S.MANI POLYTECHNIC COLLEGE VALLAM,"NO: 78 C.C. ROAD VALLAM VILL & POST,KANNAMANGALAM (VIA), VELLORE TK & DT.","NO:78 C.C. ROAD, VALLAM VILL&POST,KANNAMANGALAM VIA VELLORE TK.&DIST.",VELLORE,Vellore,632311
1210,Tamil Nadu,K.L.N. B.Ed College,Kozhimedu,Viraganoor Post,Madurai,Madurai,625009
1211,Tamil Nadu,"K.L.N. College of Engineering Pottapalayam, Sivagangai Dist",Madurai - Nedunkulam Road,Pottapalayam - 630612,NA,Sivaganga,630612
1212,Tamil Nadu,"K.L.N. College of Information Technology, Pottapalayam, Sivagangai Dist","Madurai, Nedungulam, Kusavapatti Road, Pottapalayam Post",Pottapalayam - 630612,12 Kms from Madurai City,Sivaganga,630612
1213,Tamil Nadu,K.M. College of Education,"24 A, South Mada street,","Near krishnan koil,",Krishnagiri Dt - 635 001.,Krishnagiri,635001
1214,Tamil Nadu,"K.M. COLLEGE OF PHARMACY (Inst. Code - 029), MADURAI","Melur road,",Uthangudi,Madurai,Madurai,625107
1215,Tamil Nadu,"K.M.C.H. COLLEGE OF NURSING (Inst. Code - 078), COIMBATORE",KMCH CAMPUS,AVINASHI ROAD,COIMBATORE,Coimbatore,641014
1216,Tamil Nadu,"K.M.C.H. COLLEGE OF OCCUPATIONAL THERAPY (Inst. Code - 117), COIMBATORE",KMCH CAMPUS,AVINASHI ROAD,COIMBATORE,Coimbatore,641014
1217,Tamil Nadu,"K.M.C.H. COLLEGE OF PHARMACY (Inst. Code - 114), COIMBATORE",KALAPPATTI ROAD,NA,COIMBATORE,Coimbatore,641048
1218,Tamil Nadu,"K.M.C.H. COLLEGE OF PHYSIOTHERAPY (Inst. Code - 100), COIMBATORE",KMCH CAMPUS,AVINASHI ROAD,COIMBATORE,Coimbatore,641014
1219,Tamil Nadu,K.M.G. College of Education,Valparai Main Road,Angalakurichi,Pollachi,Coimbatore,642007
1220,Tamil Nadu,K.M.G. College of Education,"No.1, Railway station Rd, Ammanankuppam","Gudiyattam, Vellore District - 635 803",Gudiyattam,Vellore,635803
1221,Tamil Nadu,K.M.G. POLYTECHNIC COLLEGE ANGALA KURICHI,VALPARAI MAIN ROAD ANGALAKURICHI POLLACHI(T.K),NA,COIMBATORE,Coimbatore,642007
1222,Tamil Nadu,"K.M.G.college of ARTS&SCIENCE ,R.S.ROAD,Ammananguppam,Gudiyatham-635 803","RAILWAY STATION ROAD, AMMANANKUPPAM, GUDIYATTAM","VELLORE DISTRICT, TAMILNADU",GUDIYATTAM,Vellore,635803
1223,Tamil Nadu,K.N.S.K. College of Engineering and Technology,"PCP Nagar, Therekalputhoor",Thirupathisaram Post,Nagercoil,Kanniyakumari,629901
1224,Tamil Nadu,"K.N.SUBBARAJ MEMORIAL COLLEGE OF EDUCATION , THOOTHUKKUDI",KALAIYUR ROAD,ETTAYAPURAM,THOOTHUKUDI,Thoothukkudi,628902
1225,Tamil Nadu,K.P. NATIONAL COLLEGE OF ARTS & SCIENCE,"AANAA PIRIVU, KONNAMPATTI",BATLAGUNDU,DINDIGUL,Dindigul,624202
1226,Tamil Nadu,K.R TEACHER TRAINING INSTITUTE FOR WOMEN K.R NAGAR VEDASANDUR,"NH-7, K.R.Nagar",Vedasandur,Dindigul,Dindigul,624710
1227,Tamil Nadu,"K.R.College of Arts & Science, K.R. Nagar, Kovilpatti - 628 503.",K R NAGAR,K R NAGAR POST,KOVILPATTI - 628 503,Thoothukkudi,628503
1228,Tamil Nadu,K.R.N. TEACHER TRAINING INSTITUTE SANKARAN KOVIL,"Perumalpatti, Karivalam via.,","Sankarankoil Tk.,",627753,Tirunelveli,627753
1229,Tamil Nadu,K.Ramakrishnan College of Engineering,SAMAYAPURAM,KARIYAMANICKAM ROAD,TRICHY,Tiruchirappalli,621112
1230,Tamil Nadu,K.Ramakrishnan College of Technology(New),"Kariamanickam Road, Samayapuram",Tiruchirappalli,Tiruchirappalli,Tiruchirappalli,621112
1231,Tamil Nadu,K.S. College of Education,Opp. Periyar University,Kottagoundampattty,Salem,Salem,636011
1232,Tamil Nadu,K.S. Maniam College of Education,K.S.Maniam College of Education,"Irukkur -Po,637204",Paramathi Velur,Namakkal,637204
1233,Tamil Nadu,K.S.G. College of Arts and Science,S.F.No.: 93 KAMARAJ ROAD,UPPILIPALAYAM POST,COIMBATORE - 641 015,Coimbatore,641015
1234,Tamil Nadu,K.S.K College of Engineering and Technology (New),"Thanjavur Main Road, Ammapettai","Darasuram Post, Kumbakonam - 612 702.",Thanjavur,Thanjavur,612702
1235,Tamil Nadu,K.S.K TEACHER TRAINING INSTITUTE KUMBAKONAM,Thanjavur Main Road,Darasuram(Po),Kumbakonam,Thanjavur,612702
1236,Tamil Nadu,K.S.K. College of Education,Thanjavur Main Road,"Ammapet, Darasuram (po)",Kumbakonam 612 702,Thanjavur,612702
1237,Tamil Nadu,"K.S.M. POLYTECHNIC COLLEGE PAPAMADAI, SIVAGANGAI",PAPAMADAI,RAJAGAMBEERAM POST,MANAMADURAI,Sivaganga,630609
1238,Tamil Nadu,K.S.MANIAM INSTITUTE OF TEACHER TRAINING CENTRE MOHANUR ROAD,"valasupalayam,irrukkur po, p velur tk, nammakkal dt,","valasupalayam,irrukkur po, p velur tk, nammakkal dt,",namakkal,Namakkal,637204
1239,Tamil Nadu,K.S.R Arts & Science College (Autonomous),K.S.R Kalvi Nagar,NA,Tiruchengode,Namakkal,637215
1240,Tamil Nadu,K.S.R. College of Arts & Science for Women,K.S.R. Kalvi Nagar,NA,Tiruchengode,Namakkal,637215
1241,Tamil Nadu,"K.S.R.INSTIUTE OF DENTAL SCIENCE AND RESEARCH (Inst. Code - 196), NAMAKKAL",KSR KALVI NAGAR,KUCHIPALAYAM POST,TIRUCHENGODE,Namakkal,637215
1242,Tamil Nadu,"K.S.Raja Arts &Science College for Women,Cherapperattai-604 210","CHELLAPPERATTI, GINGEE T.K, VILLUPURAM DISTRICT",(VIA) CHELLAPPERATTI 604210,GINGEE,Viluppuram,604210
1243,Tamil Nadu,K.S.Rangasamy College of Technology,"K.S.R.Kalvi Nagar, Thokkavadi,",Tiruchengode 637 215,NAMAKKAL,Namakkal,637215
1244,Tamil Nadu,KA SO KA POLYTECHNIC COLLEGE,K.K.C Kalvi Valagam,KArdikulam -PO,Jayankondam,Ariyalur,621802
1245,Tamil Nadu,Kaamadhenu Arts and Science College,"Kamadhenu Nagar, D.G Pudur (PO), Sathyamangalam",NA,Erode,Erode,638503
1246,Tamil Nadu,"Kachiyappa Munivar Tamizhiyal Kalloori, Umaiyalpuram Village, Sevanthilingapuram (P.O), Musiri (Tk), Tiruchirappalli (Dt.) - 621 211",Umaiyalpuram Village,Seventhilingapuram,Musiri,Tiruchirappalli,621202
1247,Tamil Nadu,Kailash Womens College,Periyasoragai PO,Nangavalli,Salem 636502,Salem,636502
1248,Tamil Nadu,KALAI BHARATHI TEACHER TRAINING INSTITUTION SHOLINGHUR,"SHOLINGHUR TO WALAJA ROAD, PADMAPURAM","ERUMBI POST, PALLIPET TK,THIRUVALLUR DIST-632302",SHOLINGHUR,Thiruvallur,632302
1249,Tamil Nadu,"Kalai Kaviri College of Fine Arts, 18 Benwells Road, Tiruchirappalli - 620 001",KALAI KAVIRI COLLEGE OF FINE ARTS,"18 Benwells road,",Cantonement,Tiruchirappalli,620001
1250,Tamil Nadu,Kalaibharathi B.Ed College,"sholinghur to walajah Rd, Padmapuram,","Pallipet Tk, Erumbi Post",Sholinghur,Thiruvallur,631302
1251,Tamil Nadu,Kalaignar Karunanidhi Institute of Technology,Kannampalayam Post,Kannampalayam,Coimbatore,Coimbatore,641402
1252,Tamil Nadu,Kalaimagal College of Education,Namagiripet,Rasipuram,Namakkal,Namakkal,637406
1253,Tamil Nadu,"Kalaimahal College of Arts and Science, Sembanarkoil, Tharangambadi Taluk, Naagappatinam - 609 309.",Sembanarkoil Post - 609 309.,Tharangambadi Taluk,Sembanarkoil,Nagapattinam,609309
1254,Tamil Nadu,Kalaimahal College of Education,"1/96, Main Road,","Sembanar Koil,",Nagapattinam - 609 309,Nagapattinam,609309
1255,Tamil Nadu,"KALAIMAHAL TEACHER TRAINING INSTITUTE, NAGAPATINAM","1/152,Main Road,Sembanarkoil",Tharangambadi Tk,Sembanarkoil,Nagapattinam,609309
1256,Tamil Nadu,KALAIVANAR N S K POLYTECHNIC COLLEGE CHENBAGARAMANPUTHOOR,VOC NAGER,CHENBAGARAMANPUTHOOR,NAGERCOIL,Kanniyakumari,629304
1257,Tamil Nadu,Kalaivani College of Education,SALEM MAIN ROAD,PORPADAKURICHI,KALLAKURICHI TALUK,Viluppuram,606202
1258,Tamil Nadu,Kalaivani College of Education,"Near L&T By-pass, Palathurai Road,","Madukkarai,",Coimbatore,Coimbatore,641105
1259,Tamil Nadu,Kalaivani College of Technology,"1/2A-1, ALAGU NACHIAMMAN KOVIL ROAD","PALATHURAI(PO), MADUKKARAI",COIMBATORE,Coimbatore,641105
1260,Tamil Nadu,"KALAPANDIAN POLYTECHNIC COLLEGE SILLAMARATHUPATTI, THENI",PERUMALGOWNDANPATTI ROAD,SILLAMARATHUPATTI,BODINAYAKANUR,Theni,625528
1261,Tamil Nadu,"Kalasalingam Academy of Research and Higher Education, Srivilliputhrur",Anand Nagar,Krishnankoil-626126,Srivilliputtur,Virudhunagar,626126
1262,Tamil Nadu,Kalasalingam Institute of Technology,Anand Nagar,Krishnankovil,Srivilliputtur,Virudhunagar,626126
1263,Tamil Nadu,Kaliammal College of Education,"S.F No. 305/1, KARUR - COVAI ROAD",PAVITHRAM POST,KARUR,Karur,639002
1264,Tamil Nadu,KALIMAHAL TEACHER TRAINING INSTITUTE FOR WOMAN SEMBANARKOIL THARANGAMBADI,"1/152, MAIN ROAD",NA,SEMBANARKOIL,Nagapattinam,609309
1265,Tamil Nadu,Kamadhenu College of Arts & Science,A.H.ROAD,NEAR GOWRI SPINNING MILLS,DHARMAPURI,Dharmapuri,636705
1266,Tamil Nadu,"KAMALA COLLEGE OF NURSING, SALEM","22/44, Venkata Rao Road","Near EB Office,",Salem,Salem,636001
1267,Tamil Nadu,Kamalam College of Arts and Science,"S.F. NO.:61/A ,KONGALNAGARAM ROAD(OPP. POWER HOUSE)","Pollachi - Udumalai Road, Anthiyur, Udumalpet(T.k)",Udumalpet,Tiruppur,642122
1268,Tamil Nadu,"KAMALAM VISWANATHAN COLLEGE OF PHYSIOTHERAPY (Inst. Code - 174), TIRUCHIRAPALLI","46,Singarathope,",Trichy,Trichy,Tiruchirappalli,620008
1269,Tamil Nadu,"KAMALATCHI PANDURANGAN COLLEGE OF PHARMACY (Inst. Code - 115), TIRUVANNAMALAI",Ayyampalayam,NA,Tiruvannamalai,Tiruvannamalai,606601
1270,Tamil Nadu,Kamaraj College of Engineering and Technology,S.P.G.Chidambara Nadar - C.Nagammal Campus,S.P.G.C.Nagar,S.P.G.C.Nagar,Virudhunagar,626001
1271,Tamil Nadu,"Kamaraj College, Tiruchendur Road, Tuticorin - 628 003.","482, TIRUCHENDUR ROAD",NA,THOOTHUKUDI,Thoothukkudi,628003
1272,Tamil Nadu,KAMARAJ POLYTECHNIC COLLEGE NEENDAKARAI-A,PAZHAVILAI,PAZHAVILAI POST OFFICE,NAGERCOIL,Kanniyakumari,629501
1273,Tamil Nadu,KAMARAJ SECONDARY GRADE TEACHER TRAINING INSTITUTE KALASAPAKKAM POLUR,KALASAPAKKAM,POLUR TK,TIRUVANNAMALAI,Tiruvannamalai,606751
1274,Tamil Nadu,Kamarajar College of Education,Bommaikuttaimedu,Sellappampatti POST,Namakkal,Namakkal,637019
1275,Tamil Nadu,"KAMATCHI POLYTECHNIC COLLEGE POTHAVUR, TRICHY",THOGAMALAI MAIN ROAD OPP NRCB VASANTHA NAGAR,POTHAVUR TRICHY-639103,TIRUCHIRAPALLI,Tiruchirappalli,639103
1276,Tamil Nadu,Kamban College of Arts and Science,"Palladam-Pollachi Main Road,Sulthanpet(Po)",Sulur(Tk).,Coimbatore(Dt),Coimbatore,641669
1277,Tamil Nadu,"Kamban college of Arts and Science for women,Mathur.-606603",Thenmathur,velunagar,Tiruvannamalai,Tiruvannamalai,606603
1278,Tamil Nadu,Kanchi College of Education,Karaipettai,NA,Kanchipuram,Kancheepuram,631552
1279,Tamil Nadu,"KANCHI KAMAKOTI CHILDS TRUST HOSPITAL (Inst. Code - 409), CHENNAI","12-A, Nageswara Road,","Nungambakkam,",CHENNAI - 600 034,Chennai,600034
1280,Tamil Nadu,Kanchi Pallavan Engineering College,KOLIVAKKAM,IYYENGARKULAM POST,KANCHIPURAM,Kancheepuram,631502
1281,Tamil Nadu,KANCHI SHRI KAMATCHI AMMAN TEACHERS TRAINING INSTITUTE MANGAI KOOT ROAD,MATHUR VILLAGE POST,MANGAL KOOTROAD,CHEYYAR,Tiruvannamalai,631701
1282,Tamil Nadu,KANCHI SHRI KRISHNA COLLEGE OF ARTS AND SCIENCE,"Kilambi, Krishnapuram Post, Kancheepuram",NA,Kanchipuram,Chennai,631551
1283,Tamil Nadu,Kandaswami Kandars College,PARAMATHI VELUR,NA,NAMAKKAL,Namakkal,638182
1284,Tamil Nadu,Kandhaswamy College of Education,"Kuttikenathur Road, Pallakkapalayam,Sankari West Post, Thiruchencode Taluk, Namakkal District - 637 303.",NA,Namakkal,Namakkal,637303
1285,Tamil Nadu,KANIKAI MATHA TEACHER TRAINING INSTITUTE NARASINGAPURAM POST KONDARASAMPALAYAM DHARAPURAM,NARASINGAPURAM POST KONDARASAMPALAYAM DHARAPURAM,NA,Dharapuram,Tiruppur,638657
1286,Tamil Nadu,"KAPI POLYTECHNIC COLLEGE GANDHIGRAM MAMA, DINDIGUL",Gandhi gram mama Dr G Ramachandran Nagar,Palayankottai Post,Sempatty via,Dindigul,624007
1287,Tamil Nadu,"KARAIKUDI INSTITUTE OF TECHNOLOGY AND KARAIKUDI INSTITUTE OF MANAGEMENT, KARAIKUDI",KIT & KIM Technical Campus,"Managiri (POST), Thalakkavur",Karaikudi,Sivaganga,630307
1288,Tamil Nadu,KARIGIRI SCHOOL OF NURSING VELLORE,School of Nursing,"S.I.H- R and L.C , Karigiri - 632106",Vellore,Vellore,632106
1289,Tamil Nadu,"KARPAGA VINAYA INSTITUTE OF MEDICAL SCIENCES & RESEARCH CENTRE (Inst. Code - 490), KANCHEEPURAM","G S T ROAD, CHINNAKOLAMBAKKAM","PADALAM VIA, PALAYANOOR POST",MADURANTHAGAM,Kancheepuram,603308
1290,Tamil Nadu,Karpaga Vinayaga College of Engineering and Technology,"G.S.T Road, Palayanoor Post,",Maduranthagam Taluk,Kancheepuram,Kancheepuram,603308
1291,Tamil Nadu,"KARPAGA VINAYAGA COLLEGE OF NURSING (Inst. Code - 288), PUDUKKOTTAI","J.J.NAGAR,SIVAPURAM(PO) PUDUKKOTTAI",NA,PUDUKKOTTAI,Pudukkottai,622422
1292,Tamil Nadu,"KARPAGA VINAYAGA COLLEGE OF NURSING (Inst. Code - 378), KANCHEEPURAM","G.S.T Road, Chinnakolambakkam,Palayanoor post, Madurantakam Tk, Kancheepuram Dt",NA,Kancheepuram,Kancheepuram,603308
1293,Tamil Nadu,Karpaga Vinayaga Institute of Management,"J.J. Nagar, Sivapuram",NA,Pudukkottai,Pudukkottai,622422
1294,Tamil Nadu,"KARPAGA VINAYAGA INSTITUTE OF MEDICAL SCIENCES AND RESEARCH CENTRE (Inst. Code - 336), KANCHEEPURAM","G S T ROAD,CHINNAKOLAMBAKKAM","PALAYANOOR POST,PADALAM VIA",MADHURANTHAGAM,Kancheepuram,603308
1295,Tamil Nadu,"KARPAGA VINYAKA INSTITUTE OF DENTAL SCIENCES (Inst. Code - 272), KANCHEEPURAM","G.ST. ROAD, CHINNAKOLAMBAKKAM,",MADHURANTHAKAM TK,MADHURANTHAKAM,Kancheepuram,603308
1296,Tamil Nadu,"Karpagam Academy of Higher Education, Coimbatore","Pollachi Main Road, Eacharani Post,Coimbatore - 641021",Tamil Nadu,Coimbatore,Coimbatore,641021
1297,Tamil Nadu,Karpagam College of Engineering,"758, 759, 760",OTHAKKAL MANDAPAM,COIMBATORE - 641032,Coimbatore,641032
1298,Tamil Nadu,"KARPAGAM COLLEGE OF PHARMACY (Inst. Code - 225), COIMBATORE","S.F.762,Othakalmandapam",Othakalmandapam post,Coimbatore,Coimbatore,641032
1299,Tamil Nadu,"KARPAGAM FACULTY OF MEDICAL SCIENCES & RESEARCH (Inst. Code - 536), COIMBATORE",POLLACHI MAIN ROAD,OTHAKKALMANDAPAM,COIMBATORE,Coimbatore,641032
1300,Tamil Nadu,Karpagam Institute of Technology,"S.F.No.247,248, L&T Bypass road,Seerapalayam Village,","Bodipalayam Post,Coimbatore - 641 105",Coimbatore,Coimbatore,641105
1301,Tamil Nadu,"KARPAGAM NURSING COLLEGE (Inst. Code - 286), COIMBATORE","S.F.No.770,763,Othakkalmandapam,Coimbatore",NA,Coimbatore,Coimbatore,641032
1302,Tamil Nadu,KARPAGAM POLYTECHNIC COLLEGE SEERAPALAYAM,POLLACHI MAIN ROAD,EACHANARI (P.O),COIMBATORE,Coimbatore,641021
1303,Tamil Nadu,KARTHIKEYA POLYTECHNIC COLLEGE KANNUDAYANPATTI,0,0,MANAPPARAI,Tiruchirappalli,621306
1304,Tamil Nadu,"KARTHIKEYAN COLLEGE OF NURSING (Inst. Code - 624), Nagapattinam","Door No 23118/8.9, Puthur Velankanni Main Road,",Anthanapettai,Nagapattinam,Nagapattinam,611002
1305,Tamil Nadu,KARTHIKEYAN TEACHER TRAINING INSTITUTE ANTHANAPETTAI,DOOR NO 23118/8.9,"VELANGANNI MAIN ROAD, PUTHUR",NAGAPATTIANAM,Nagapattinam,611002
1306,Tamil Nadu,"Karunya Institute of Technology and Sciences, Coimbatore",Karunya Nagar,NA,Coimbatore,Coimbatore,641114
1307,Tamil Nadu,KARUNYAA TEACHER TRAINING INSTITUTE KUMPINIPET,135 Thandalam Kumpinipet Post,NA,Arakkonam,Vellore,631003
1308,Tamil Nadu,Karuppannan Mariappan College,Chettiarpalayam,"Kangayam Road, Muthur",Tirupur,Erode,638105
1309,Tamil Nadu,Karur College of Engineering,"SANJAY NAGAR, KARUR ERODE MAIN ROAD","ATHUR POST, KARUR-639 008.",KARUR,Karur,639008
1310,Tamil Nadu,Kasthooribha Gandhi College of Education,1/220-A Nethaji Road,Masakalipatty-PO,Rasipuram-TK,Namakkal,637401
1311,Tamil Nadu,KASTURBA GANDHI SCHOOL OF NURSING VILLAPURAM,Kandachipuram via,malavanthangal,villupuram,Viluppuram,605701
1312,Tamil Nadu,Kasturi College of Education,"29A, Kasturi Estate,","Suguna Puram, Kuniamuthur Post",Coimbatore,Coimbatore,641008
1313,Tamil Nadu,Kasturiba Gandhi Jal (Spain) College of Education for Women,"Kasturba Nilayam, Malavanthangal-B.P.O.","(Via)Kandachipuram-S.O.-605701,",Villupuram District.,Viluppuram,605701
1314,Tamil Nadu,Kathir College of Arts and Science,"""Wisdom Tree"" Avinashi Road,",Neelambur,Coimbatore,Coimbatore,641062
1315,Tamil Nadu,Kathir College of Engineering,"Wisdom Tree, Avinashi Road",Neelambur,Coimbatore,Coimbatore,641062
1316,Tamil Nadu,Kaveripakkam college of Arts and Science CollegeKaveripakkam-632 508,ATHIPET PANCHAYAT,THIRUPPARKADAL ROAD,KAVERIPAKKAM - 632 508,Vellore,632508
1317,Tamil Nadu,"KAVERY MEDICAL CENTRE AND HOSPITAL (Inst. Code - 445), TRICHY","No.1, K.C Road, Tennur",NA,Tiruchirappalli,Tiruchirappalli,620017
1318,Tamil Nadu,KAVITHAS COLLEGE OF ARTS AND SCIENCE (CO-EDUCATION),"VAIYAPPAMALAI (PO),",TIRUCHENGODE (TK),NAMAKKAL (DT),Namakkal,637410
1319,Tamil Nadu,Kaypeeyes College of Arts and Science,CORSLEY HILL,COONOOR ROAD,KOTAGIRI,The Nilgiris,643217
1320,Tamil Nadu,KCG College of Technology,Rajiv Gandhi Salai,"Karapakkam, Chennai - 600097",Chennai,Kancheepuram,600097
1321,Tamil Nadu,KCS KASI NADAR COLLEGE OF ARTS AND SCIENCE,"No:96,ELLAYA MUDALI STREET,R.K.NAGAR",NA,CHENNAI,Chennai,600021
1322,Tamil Nadu,KEC TEACHER TRAINING INSTITUTE CHINNAKANGEYANUR VILLAGE TINDIVANAM ROAD,TINDIVANAM ROAD,CHINNAKANGEYANUR VILL,TIRUVANNAMALAI,Tiruvannamalai,606611
1323,Tamil Nadu,KEERAI THAMIL SELVAN TEACHER TRAINING INSTITUTE SATHIYAMANGALAM,"KTS NAGAR, SATHIYAMANGALAM",PUDUKKOTTAI - 622 501,PUDUKKOTTAI,Pudukkottai,622501
1324,Tamil Nadu,"KEERAI THAMILSELVAN COLLEG OF NURSING (Inst. Code - 322), PUDUKOTTAI","KTS NAGAR,SATHIYAMANGALAM",PUDUKKOTTAI - 622 501.,PUDUKKOTTAI - 622 501.,Pudukkottai,622501
1325,Tamil Nadu,Keerrai Thamil Selvan College of Education for Women,"Kts Nagar, Sathiyamangalam,",Pudukkotai - 622 501,Pudukottai,Pudukkottai,622501
1326,Tamil Nadu,Keins College of Education for Women,Asirnagar,Thalapathisamudram post,vallioor,Tirunelveli,627101
1327,Tamil Nadu,KENNEDY TEACHER TRAINING INSTITUTE VANIYAMBADI,"S.N.Palayam Village, Agaramcheri Post,","Bangalore Road, Ambur Taluk,",Vellore,Vellore,635804
1328,Tamil Nadu,"KEVI TEACHER TRAINING INSTITUTE, OMALUR , SALEM","678, Saminaickenpatti post,","Oppsite to Govt. Engg. College, Omalur Tk",Salem,Salem,636011
1329,Tamil Nadu,Kevi Womens College of Education,"Saminackenpatti, Opposite to Govt","Engineering College, Salem - 636 011.",Salem - 636 011.,Salem,636011
1330,Tamil Nadu,KGISL Institute of Information Management,"KGiSL Campus, Thudiyalur Road",Saravanampatti,Coimbatore,Coimbatore,641035
1331,Tamil Nadu,KGiSL Institute of Technology,"365, KGISL Campus",Saravanampatty,Coimbatore,Coimbatore,641035
1332,Tamil Nadu,"Khadir Mohideen College, Adirampattinam - 614 701.",East Coast Road,Adirampattinam - 614701,Thanjavur,Thanjavur,614701
1333,Tamil Nadu,King College of Arts & Science for Women,Nallur,N. Puduppatti Post,Namakkal,Namakkal,637020
1334,Tamil Nadu,King College of Education,NALLUR,N.PUDUPATTI POST,NAMAKKAL - 637 020.,Namakkal,637020
1335,Tamil Nadu,King College of Technology,Nallur,N.Pudupatty (Po.),Namakkal,Namakkal,637020
1336,Tamil Nadu,"KING INSTITUTE OF PREVENTIVE MEDICINE & RESEARCH (Inst. Code - 405), CHENNAI",TVK INDUSTRIAL ESTATE,GUINDY,CHENNAI,Chennai,600032
1337,Tamil Nadu,"KIng Nandivarman college of Arts & Science,Thellar- 604406",TINDIVANAM - VANDAVASI ROAD,THELLAR,THELLAR,Tiruvannamalai,604406
1338,Tamil Nadu,Kings College of Engineering,"Punalkulam,",Gurungalam (Post),Gandarvakottai (TK),Pudukkottai,613303
1339,Tamil Nadu,Kings Engineering College,IRUNGATTUKOTTAI,SRIPERUMPUDHUR,CHENNAI,Kancheepuram,602117
1340,Tamil Nadu,Kingston Engineering College,"CHITTOOR MAIN ROAD, CHRISTIANPET VILLAGE","METTUKULAM, PANCHAYAT, KATPADI",VELLORE,Vellore,632059
1341,Tamil Nadu,"KMC COLLEGE OF NURSING (Inst. Code - 553), TRICHY","155 Tanjore Main road,Varaganeri.",NA,Trichy,Tiruchirappalli,620008
1342,Tamil Nadu,"KMC SPECIALITY HOSPITALS (I) LTD., (Inst. Code - 355) TRICHY","No. 6, ROAD ROAD, CANTONMENT",NA,TIRUCHIRAPPALLI,Tiruchirappalli,620001
1343,Tamil Nadu,"KNOWLEDGE BUSINESS SCHOOL, SALEM","KIOT CAMPUS, KAKAPALAYAM",SALEM,SALEM,Salem,637504
1344,Tamil Nadu,Knowledge Institute of Technology,"KIOT Campus, NH-47,",KAKAPALAYAM P.O.,SALEM,Salem,637504
1345,Tamil Nadu,KODAIKANAL CHRISTIAN COLLEGE,PARADISE HILL,PRAKASAPURAM,KODAIKANAL,Dindigul,624104
1346,Tamil Nadu,KOLANDHAVEL TEACHER TRAINING INSTITUTE THIPPAMPATTI POLLACHI,POLLACHI UDUMALAI MAIN ROAD,THIPPAMPATTY - 642 107,POLLACHI,Coimbatore,642107
1347,Tamil Nadu,"KONAGAR NADU NURSING AND INSTITUTE OF MEDICAL TECHNOLOGY, THANJAVUR","sri balasubramaniyan nagar,",Ammachathiram,Thiruvidaimaruthur,Thanjavur,612103
1348,Tamil Nadu,KONGHU VELALAR POLYTECNIC COLLEGE PATTAKARNPALAYAM,SULLIPALAYAM (POST),THUDUPPATHI (VIA),PERUNDURAI,Erode,638057
1349,Tamil Nadu,Kongu Arts and Science College,Nanjanapuram,Kathirampatti (PO),Erode - 638 107,Erode,638107
1350,Tamil Nadu,"Kongu College of Arts & Science, Deeran Chinnamalai Nagar, Karur - 639 006.",Dheeran Chinnamalai Nagar,"Karur-Salem Bye Pass Road, Vennaimalai Post",Karur,Karur,639006
1351,Tamil Nadu,Kongu Engineering College,PERUNUDURAI RAILWAY STATION ROAD,THOPPU PALAYAM,PERUNDURAI,Erode,638052
1352,Tamil Nadu,"KONGU HI-TEK POLYTECHNIC COLLEGE, KARUR","NH-7, KARUR - MADURAI, PUNGAMBADI WEST,","ARAVAKURICHI TALUK,",KARUR,Karur,639201
1353,Tamil Nadu,KONGU POLYTECHNIC COLLEGE PERUNDURAI,"THOPPUPALAYAM,","PERUNDURAI, ERODE - 638052",ERODE,Erode,638052
1354,Tamil Nadu,Kongunadu Arts and Science College,G. N. MILLS POST,NA,COIMBATORE,Coimbatore,641029
1355,Tamil Nadu,Kongunadu College of Education,"Bangalore Main Road,","Jagir Ammapalayam, Mamangam",Salem,Salem,636302
1356,Tamil Nadu,Kongunadu College of Education,"Kongunadu College of Education,",Velagoundampatti - 637212.,Namakkal.,Namakkal,637212
1357,Tamil Nadu,Kongunadu College of Education,Namakkal-Trichy Main Road,"Tholurpatti Post, Thottiam Taluk",Trichy,Tiruchirappalli,621215
1358,Tamil Nadu,Kongunadu College of Education for Women,"Bangalore Main Road,","Jagir Ammapalayam, Mamangam",Salem,Salem,636302
1359,Tamil Nadu,Kongunadu College of Engineering and Technology,Namakkal - Trichy Main Road,Tholurpatti Post,Thottiam Taluk,Tiruchirappalli,621215
1360,Tamil Nadu,"KONGUNADU COLLEGE OF NURSING (Inst. Code - 312), COIMBATORE","64, 11th Street, Tatabad,",NA,Coimbatore,Coimbatore,641012
1361,Tamil Nadu,"KONGUNADU POLYTECHNIC COLLEGE D.GUDALORE, DINDIGUL",D.GUDALORE,"Palayam Via,",Vedasandur Talk,Dindigul,624620
1362,Tamil Nadu,KONGUNADU POLYTECHNIC COLLEGE THOLURPATTI,NAMAKKAL-TRICHY MAIN ROAD,THOLURPATTI,THOTTIAM,Tiruchirappalli,621215
1363,Tamil Nadu,Koottalumoodu Arulmigu Bhadreshwari Devasthanam College of Education,Painkulam P.O,Kottalumoodu,Marthandam,Kanniyakumari,629173
1364,Tamil Nadu,KOTTAI MARIYAMMAN POLYTECHNIC COLLEGE MINNAMPALLI,"KARIPATTI(VIA),",SALEM-636 106,SALEM,Salem,636106
1365,Tamil Nadu,Kovai Kalaimagal College of Arts and Science,"Vellimalaipattinam,","Narasipuram (Post), Thondamuthur (via)",Coimbatore,Coimbatore,641109
1366,Tamil Nadu,"KOVAI MEDICAL CENTER AND HOSPITAL LIMITED (Inst. Code - 461), COIMBATORE","Post Box No 3209, Avanashi Road,","Aerodrome Post, Coimbatore-641014",Coimbatore,Coimbatore,641014
1367,Tamil Nadu,"KOVAI MEDICAL CENTRE AND HOSPITAL LTD., (Inst. Code - 443), COIMBATORE","The Dean, Kovai Medical Center and Hospital",Avinashi Road,Coimbatore,Coimbatore,641014
1368,Tamil Nadu,Koviloor Andavar College of Physical Education,"396-397, NORTH EAST STREET",KOVILOOR MADALAYAM,KOVILOOR,Sivaganga,630307
1369,Tamil Nadu,KPR Institute of Engineering and Technology,ARASUR,COIMBATORE,COIMBATORE,Coimbatore,641407
1370,Tamil Nadu,"Krishanasamy college of Science,Arts &Management for women,Nellikuppam High oad,S.Kumarapuram-","Nellikuppam High Road,S.Kumarapuram",NA,Cuddalore,Cuddalore,607109
1371,Tamil Nadu,"KRISHNA ARTS AND SCIENCE COLLEGE, KATTINAYANAPALLI",kattinayanapalli,kattinayanapalli,krishnagiri,Krishnagiri,635001
1372,Tamil Nadu,Krishna College of Education,Kattinayanapalli Village,Krishnagiri,Krishnagiri,Krishnagiri,635001
1373,Tamil Nadu,Krishna College of Education for Women,"Sathinaickanpalayam Village, Elayampalayam -637205, Tiruchengode","Sathinaickanpalayam Village, Elayampalayam -637205, Tiruchengode",Tiruchengode,Namakkal,637205
1374,Tamil Nadu,"KRISHNA HOSPITAL AND RESEARCH FOUNDATION (Inst. Code - 456), CUDDALORE","No.17A,Hospital Road,",NA,Cuddalore,Cuddalore,607001
1375,Tamil Nadu,KRISHNA HOSPITAL SCHOOL OF NURSING CUDDALORE,"KRISHNA HOSPITAL AND RESEARCH FOUNDATION, 17A, HOSPITAL ROAD, NELLIKUPPAM MAIN ROAD,CUDDALORE-607 001.","KRISHNA HOSPITAL SCHOOL OF NURSING CUDDALORE, NELLIKUPPAM MAIN ROAD, THOTTAPATTU VILLAGE,CUDDALORE-607 006.",CUDDALORE,Cuddalore,607109
1376,Tamil Nadu,KRISHNA TEACHER TRAINING INSTITUE PEYGOPURAM,MEYYUR VILLAGE AND POST,TIRUVANNAMALAI 606 753,TIRUVANNAMALAI,Tiruvannamalai,606753
1377,Tamil Nadu,KRISHNA TEACHER TRAINING INSTITUTE KATTINAYANAPALLI,KATTINAYANAPALLI (VIL),KRISHNAGIRI,KRISHNAGIRI,Krishnagiri,635001
1378,Tamil Nadu,Krishnasree College of Education for Women,"Sathinaickanpalayam village,","Elayampalayam -637 205,",Tiruchengode,Namakkal,637205
1379,Tamil Nadu,Krishnaswamy College of Engineering,"Nellikuppam Main Road,",S.Kumarapuram,Cuddalore,Cuddalore,607109
1380,Tamil Nadu,KRISHNASWAMY MEMORIAL POLYTECHNIC COLLEGE SKUMARAPURAM,"NELLIKUPPAM MAIN ROAD,",T.KUMARAPURAM,CUDDALORE,Cuddalore,607109
1381,Tamil Nadu,KRP College of Education,PACHAMPALAYAM,PADAIVEEDU POST,SANKARI WEST 637303,Namakkal,637303
1382,Tamil Nadu,KRS College of Engineering,ELANGADU,VANDAVASI.,NA,Tiruvannamalai,604408
1383,Tamil Nadu,KSR College of Education,KSR Kalvinagar,Tiruchengode Taluk,Namakkal - 637 215,Namakkal,637215
1384,Tamil Nadu,"KSR INSTITUTE FOR ENGINEERING AND TECHNOLOGY, NAMAKKAL","KSR KALVI NAGAR, TIRUCHENGODE - 637 215",NA,TIRUCHENGODE,Namakkal,637215
1385,Tamil Nadu,KTVR Knowledge Park for Engineering & Technology,MADDAMPALAYM,METTUPALAYAM ROAD,COIMBATORE,Coimbatore,641031
1386,Tamil Nadu,"KUMAR EDUCATIONAL INSTITUTE (Inst. Code - 510), CUDDALORE","1/119,DEVANKUDI ROAD, KARUVEPPILANKURICHI",NA,VRIDHACHALAM,Cuddalore,606110
1387,Tamil Nadu,Kumaraguru college of Technology,CHINNAVEDAMPATTI POST,NA,COIMBATORE - 641 049.,Coimbatore,641049
1388,Tamil Nadu,KUMARAN ASHARAM MEDICAL TRUST TTI THANJAVUR,THAMARANKOTTAI VILLAGE,PATTUKKOTTAI TALUK,PATTUKKOTTAI,Thanjavur,614613
1389,Tamil Nadu,"KUMARAN COLLEGE OF MEDICAL SCIENCES & RESEARCH INSTITUTE, VELLORE","No:112, Katpadi Road,","Gandhi Nagar,",Vellore 632 006.,Vellore,632001
1390,Tamil Nadu,KUMARAN INSTITUTE OF TECHNOLOGY,NEAR NANDIAMBAKKAM RAILWAY STATION,NANDIAMBAKKAM,CHENNAI - 600120,Chennai,600120
1391,Tamil Nadu,"KUMARAN POLYTECHNIC COLLEGE ARIYUR, PATTUKKOTTAI","ARIYUR,",MATHIYANALLUR(PO),PUDUKKOTTAI,Pudukkottai,622101
1392,Tamil Nadu,KUMARAN POLYTECHNIC COLLEGE THENMATHUR,"Velu nagar,Thenmathur",Tiruvannamalai,Tiruvannamalai,Tiruvannamalai,606603
1393,Tamil Nadu,"KUMARAN POLYTECHNIC COLLEGE, KNAKKAR STREET, PONNERI","KANAKKAR STREET, KANIYAMBAKKAM",DEVADHANAM POST,MINJUR,Thiruvallur,601203
1394,Tamil Nadu,KUMARARANI MEENA MUTHIAH COLLEGE OF ARTS AND SCIENCE,"No : 4, Crescent Avenue Road","Gandhi Nagar, Adyar",Chennai - 20,Chennai,600020
1395,Tamil Nadu,Kumutha College of Education,"GANDHIPURAM NORTH, NAMBIYUR - 638458","GOBI TALUK, ERODE DISTRICT",ERODE,Erode,638458
1396,Tamil Nadu,KUMUTHA TEACHER TRAINING INSTITUTE K.A. JANAGARTHINAM NAMBIYUR,"GANDHIPURAM NORTH,NAMIYUR-638458","GOBI TALUK, ERODE DISTRICT",GOBICHETTIPALAYAM,Erode,638458
1397,Tamil Nadu,"Kundavai Naachiyaar Government College for Women, Thanjavur - 613 007.","Kunthavai Naachiyaar Govt. Arts College for Women (Autonomous),",Thanjavur- 613 007.,Thanjavur,Thanjavur,613007
1398,Tamil Nadu,KUNDAVAII SCHOOL OF NURSING THANJAVUR,528-B,EAST MAIN STREET,THANJAVUR,Thanjavur,613001
1399,Tamil Nadu,"Kurinji College of Arts & Science, Green Ways Road, Tiruchirappalli - 620 002.",Green Ways Roads,AnanthaFairlands,Tiruchirappalli,Tiruchirappalli,620002
1400,Tamil Nadu,Kurinji College of Engineering and Technology,"Vengaikurichi Village, Trichy - Dindigul NH Road,",Malaiyadipatty (Po),Manapparai - 621 307,Tiruchirappalli,621307
1401,Tamil Nadu,KV Institute of Management and Information Studies,"545, Sathy Main Road,","Kurumbapalayam,",Coimbatore,Coimbatore,641107
1402,Tamil Nadu,L N GOVT COLLEGE,"44,T.H. Road, Ponneri-601 204",NA,Thiruvallur,Chennai,601204
1403,Tamil Nadu,LADY DOAK COLLEGE,Lady Doak College Road,Tallakulam,Madurai 625 002,Madurai,625002
1404,Tamil Nadu,LAKSHIMI AMMAL SCHOOL OF NURSING KANCHEEPURAM,"NO.17A Varadhanar street,chengalpattu.","NO.17A Varadhanar street,chengalpattu.",chengalpattu,Kancheepuram,603001
1405,Tamil Nadu,Lakshmi Ammal College of Education,"17A, Varadhanar St, Vedhachalam Nagar",Chengalpattu - 603 001,Chengalpattu.,Kancheepuram,603001
1406,Tamil Nadu,Lakshmi Ammal College of Education,Tindivanam Road,"Sirunathur, Kilpennathur Union",Tiruvannamalai,Tiruvannamalai,604601
1407,Tamil Nadu,LAKSHMI AMMAL TEACHER TRAINING INSTITUTE TINDIVANAM ROAD,TINDIVANAM ROAD,SIRUNATHUR,TIRUVANNAMALAI,Tiruvannamalai,604601
1408,Tamil Nadu,"LAKSHMI AMMAL TEACHER TRAINING INSTITUTE, , KANCHIPURAM","35,varadhanar st,chengalpattu","35,varadhanar st,chengalpattu",chengalpattu,Kancheepuram,603001
1409,Tamil Nadu,Lakshmi Chand Rajani College of Engineering and Technology,0,0,Tiruvallur,Thiruvallur,631204
1410,Tamil Nadu,"Lakshmi College of Education, (Aided)",Gandhigram,NA,Dindigul,Dindigul,624302
1411,Tamil Nadu,LAKSHMI NARAYANA POLYTECHNIC COLLEGE PAGALAHALLI,"Savulur, Pagalahalli(Po), Nallampalli(Via), Dharmapuri(Dt).","Savulur, Pagalahalli(Po), Nallampalli(Via), Dharmapuri(Dt).",Dharmapuri,Dharmapuri,636807
1412,Tamil Nadu,Lakshmi Narayana Visalakshi College of Arts and Science,"L.M.S GARDEN,CHETTIPALAYAM ROAD",PODANUR,COIMBATORE,Coimbatore,641201
1413,Tamil Nadu,"LAKSHMI SUBRAMANIAN POLYTECHNIC COLLEGE MELAKKAL, MADURAI",MELAKKAL,VADIPATTI(TALUK),MADURAI,Madurai,625234
1414,Tamil Nadu,LAKSHMI TEACHER TRAINING INSTUTUTE KOTTAIIUR,vadakudi road,kottaiyur,sivagangai,Sivaganga,630106
1415,Tamil Nadu,LAKSHMIAMMAL POLYTECHNIC COLLEGE NALATTINPUTHUR,K.R. NAGAR,KOVILPATTI - 628503,KOVILPATTI,Thoothukkudi,628503
1416,Tamil Nadu,"LAKSHMINARAYANA SCHOOL OF NURSING, DHARMAPURI",14/1 BYE PASS ROAD,DHARMAPURI,DHARMAPURI,Dharmapuri,636701
1417,Tamil Nadu,LALGUDI CO OPERATIVE POLYTECHNIC COLLEGE LALGUDI,"Ayyan vaikal road,","Angarai village,",Lalgudi,Tiruchirappalli,621703
1418,Tamil Nadu,LALITHAA SCHOOL OF NURSING COIMBATORE,"828-A, CROSS CUT ROAD,",GANDHIPURAM,COIMBATORE,Coimbatore,641012
1419,Tamil Nadu,LATHA MADHAVAN POLYTECHNIC COLLEGE KIDARIPATTI,"LATHA MATHAVAN NAGAR, KIDARIPATTI","ALAGARKOVIL, MELUR TALUK",MADURAI,Madurai,625301
1420,Tamil Nadu,"Latha Mathavan Engineering College, Madurai",KIDARIPATTY POST,"ALAGARKOIL VIA, MELUR TALUK",MADURAI,Madurai,625301
1421,Tamil Nadu,Laxminarayana Arts & Science College for Women,Thokkampatti,Thadangam,Dharmapuri,Dharmapuri,636705
1422,Tamil Nadu,"Lekshmipuram College of Arts & Science, Neyyoor - 629 802.",Door No M.P.22.14,Lekshmipuram,Neyyoor-629802,Kanniyakumari,629802
1423,Tamil Nadu,"LIBERT Y INSTITUTE OF RADIOLOGY & PARA MEDICAL RESEARCH CENTRE (Inst. Code - 494), CHENNAI",NO:530 T.T.K.ROAD,ALWARPET,CHENNAI,Chennai,600018
1424,Tamil Nadu,Lisieux College of Education,"203,viswasapuram,","saravnampatti,p.o.,",coimbatore,Coimbatore,641035
1425,Tamil Nadu,LITTLE FLOWER POLYTECHNIC COLLEGE MOULIVAKKAM,#682 LAWRENCE NAGAR,MOULIVAKKAM,CHENNAI-600 125,Kancheepuram,600125
1426,Tamil Nadu,Lord Jagannath College of Engineering and Technology,"Lord Jegannath College of Engineering and Technology, PSN Nager, Ramanathichanputhur","Kumarapuramthoppur Post, Kanyakumari Dist, Pin - 629402.",Nagercoil,Kanniyakumari,629402
1427,Tamil Nadu,Lord Venkateshwara Engineering College,"PULIYAMPAKKAM ,WALAJABATH ,",KANCHIPURAM,KANCHIPURAM,Kancheepuram,631605
1428,Tamil Nadu,LOURDES MOUNT COLLEGE OF ENGINEERING AND TECHNOLOGY,CHUNDAVILAI,MULLANGANAVILAI,NATTALAM POST,Kanniyakumari,629195
1429,Tamil Nadu,LOYOLA COLLEGE,Loyola College,"Sterling Road, Nungambakkam",Chennai - 600 034,Chennai,600034
1430,Tamil Nadu,LOYOLA COLLEGE OF ARTS AND SCIENCE (CO-ED),"lOYOLA NAGAR, METTALA, OILPATTY","RASIPURAM (TK), NAMAKKAL (DT)",NA,Namakkal,636202
1431,Tamil Nadu,Loyola College of Education,"Loyola College campus, Sterling Road",Nungambakkam,Chennai - 600 034,Chennai,600034
1432,Tamil Nadu,"Loyola College,Olaipadi village,Vettavalam-606 755",Olaipadi Village,Vettavalam,NA,Tiruvannamalai,606754
1433,Tamil Nadu,Loyola Institute of Technology,PALANCHUR,NAZARETHPET POST,CHENNAI - 600 123,Kancheepuram,600123
1434,Tamil Nadu,Loyola Institute of Technology and Science,"Loyola Nagar, Thovalai - Rajavoor Road,","Thovalai Po - 629 302, Kanyakumari Dist.,",Nagercoil,Kanniyakumari,629302
1435,Tamil Nadu,Loyola-ICAM College of Engineering and Technology,Loyola College Campus,Nungambakkam,Chennai,Chennai,600034
1436,Tamil Nadu,LRG Government Arts College for Women,"Palladam Road, Tiruppur","Palladam Road, Tiruppur",Tiruppur,Tiruppur,641604
1437,Tamil Nadu,M A M POLYTECHNIC COLLEGE -,Trichy - Chennai Trunk Road,"Siruganur, Tiruchirappalli",Tiruchirappalli,Tiruchirappalli,621105
1438,Tamil Nadu,M A R POLYTECHNIC COLLEGE BOOTHAKUDI,"TRICHY - VIRALIMALAI MAIN ROAD, BOOTHAGUDI VILLAGE, RASANAYAKKANPATTY - PO,","ILLUPPUR - TK, PUDUKKOTTAI - DT",NA,Pudukkottai,621316
1439,Tamil Nadu,M E T TEACHER TRAINING INSTITUTE CHENBAGARAMANPUTHUR,"13/142B, Mogals Garden, Poigai Dam Road",Chenbagaramanputhur - 629 304,NA,Kanniyakumari,629304
1440,Tamil Nadu,M G R INST OF HOTEL MANAGEMENT AND CATERING TECHNOLOGY AMBATTUR,Lakshmi Nagar 1st Main Road,"Sridevi Garden, Valasaravakkam",Chennai,Chennai,600087
1441,Tamil Nadu,M K RAMAN TEACHER TRAINING INSTITUTE CHIDAMBARAM,VALAYAMADEVI,NA,CHIDAMBARAM,Cuddalore,608704
1442,Tamil Nadu,"M M INSTITUTE OF MEDICAL SCIENCES, SCHOOL OF NURSING, TIRUPPUR","ANNA NAGAR, MADUKKARAI, COIMBATORE - 641105",NA,COIMBATORE,Coimbatore,641105
1443,Tamil Nadu,M S P V N LAKSHMITHAIAMMAL POLYTECHNIC COLLEGE KEELAPAVOOR,"50/12, MAIN ROAD,",SIVAGAMIPURAM (AT),PAVOORCHATRAM,Tirunelveli,627808
1444,Tamil Nadu,M S Polytechnic College,"Kurunthirakottai Road,",Rajendrapuram,Aranthangi,Pudukkottai,614624
1445,Tamil Nadu,M. DURAI TEACHER TRAINING INSTITUTE VANDAVASI,MELMARUVATHUR SAALAI,CHENNAVARAM VILLAGE,VANDAVASI TALUK,Tiruvannamalai,604408
1446,Tamil Nadu,M. Kumarasamy College of Education,"Dheeran Chinnamalai Nagar,",Vennaimalai - Post 639006,Karur,Karur,639006
1447,Tamil Nadu,M. Shanthi College of Education,CMS NAGAR,ERNAPURAM POST,NAMAKKAL,Namakkal,637003
1448,Tamil Nadu,"M.A. CHIDAMBARAM COLLEGE OF NURSING (Inst. Code - 050), CHENNAI","TTTI Post, VHS Campus, Adyar",Rajiv Gandhi Salai,Chennai,Chennai,600113
1449,Tamil Nadu,M.A.M College of Education,Trichy - Chennai Trunk Road,Siruganur,Tiruchirappalli,Tiruchirappalli,621105
1450,Tamil Nadu,M.A.M. B. School(New),TRICHY-CHENNAI TRUNK ROAD,SIRUGANUR,TIRUCHIRAPPALLI,Tiruchirappalli,621105
1451,Tamil Nadu,M.A.M. College of Engineering,Trichy-Chennai Trunk Road,Siruganur,Tiruchirappalli,Tiruchirappalli,621105
1452,Tamil Nadu,M.A.M. College of Engineering and Technology,TRICHY CHENNAI TRUNK ROAD,SIRUGANUR,TIRUCHIRAPPALLI,Tiruchirappalli,621105
1453,Tamil Nadu,"M.A.M. COLLEGE OF NURSING (Inst. Code - 475), THIRUCHIRAPPALLI",TRICHY-CHENNAI TRUNK ROAD,SIRUGANUR,TIRUCHIRAPPALLI,Tiruchirappalli,621105
1454,Tamil Nadu,M.A.M. School Architecture (New),Trichy-Chennai Trunk Road,"Siruganur, Tiruchirappalli-621 105",Tiruchirappalli,Tiruchirappalli,621105
1455,Tamil Nadu,M.A.M. School of Engineering (New),Trichy-Chennai Trunk Road,"Siruganur,Tiruchirappalli",Tiruchirappalli,Tiruchirappalli,621105
1456,Tamil Nadu,M.A.R. College of Engineering and Technology,"Viralimalai Main Road,Boothakudi,","Rasanaikenpatty (Post),Illupur (Taluk)-621 316",Viralimalai,Pudukkottai,621316
1457,Tamil Nadu,M.Durai College of Education,Melmaruvathur Salai,Chennavaram,Vandavasi-604408,Tiruvannamalai,604408
1458,Tamil Nadu,M.E.T. College of Education,"13/142, Mogals Garden, Poigai Dam Road",Chenbagaramanputhur,Nagercoil,Kanniyakumari,629304
1459,Tamil Nadu,M.E.T. Engineering College,"Mogals Garden, Poigai Dam Road,","Chenbagaramanputhoor, Kanya kumari District - 629 401",Nagercoil,Kanniyakumari,629304
1460,Tamil Nadu,M.G.R College,Dr.M.G.R NAGAR,HOSUR,HOSUR,Krishnagiri,635109
1461,Tamil Nadu,"M.G.R. Educational and Research Institute, Chennai","Periyar E.V.R. Salai,",Maduravoyal,Chennai,Thiruvallur,600095
1462,Tamil Nadu,M.G.R. GOVERNMENT FILM AND TELEVISION INSTITUTE KANAGAM,M.G.R.GOVERNMENT FILM AND TELEVISION INSTITUTE,"CIT CAMPUS, TARAMANI,",Chennai,Chennai,600113
1463,Tamil Nadu,"M.I.E.T. Arts College, Gundur, Tiruchirappalli - 620 007.",GUNDUR,NA,TIRUCHIRAPPALLI,Tiruchirappalli,620007
1464,Tamil Nadu,M.I.E.T. Engineering College,Trichy-Pudukkotai Main Road,Gundur,Trichy,Tiruchirappalli,620007
1465,Tamil Nadu,M.I.T. POLYTECHNIC COLLEGE NAVAPATTY,"CAUVERY CROSS, NAVAPATTY(PO)",METTUR BHAVANI ROAD,METTUR DAM- 636 452,Salem,636452
1466,Tamil Nadu,"M.K. EDUCATIONAL INSTITUTE (Inst. Code - 511), ARIYALUR","PERIYAR NAGAR,SENDURAI",NA,SENDURAI,Ariyalur,621714
1467,Tamil Nadu,"M.K. UNIVERSITY COLLEGE, ALAGARKOIL ROAD",ALAGARKOIL ROAD,MADURAI,MADURAI,Madurai,625002
1468,Tamil Nadu,"M.K. UNIVERSITY EVENING COLLEGE, GOVT. HR. SECY. SCHOOL CAMPUS",Govt. Boys Hr. Sec. School,Periyakulam Road,Theni,Theni,625531
1469,Tamil Nadu,"M.K. UNIVERSITY EVENING COLLEGE, PALANI",KENNEDY MATRIC SCHOOL,PALANI,Palani,Dindigul,624601
1470,Tamil Nadu,"M.K. UNIVERSITY EVENING COLLEGE, PERIYAKULAM",VM.BOYS. HR. SEC. SCHOOL CAMPUS,THENKARAI,PERIYAKUALAM,Theni,625601
1471,Tamil Nadu,"M.K. UNIVERSITY EVENING COLLEGE, TELC","60, MENGLES ROAD",NA,DINDIGUL,Dindigul,624002
1472,Tamil Nadu,M.K.Raman College of Education,Valayamadevi & (Po),Pinnalur (Via),Chidambaram (Tk),Cuddalore,608704
1473,Tamil Nadu,"M.KUMARASAMY COLLEGE OF ENGINEERING, KARUR","THALAVAPALAYAM,",PUNJAITHOTTAKURICHI (VILLAGE),KARUR,Karur,639113
1474,Tamil Nadu,"M.M.E.S. Women's Arts &Science College,Hakeem Nagar,Melvisharam-632 509",Hakeem Nagar,NA,MELVISHARAM,Vellore,632509
1475,Tamil Nadu,"M.N. COLLEGE OF OPTOMETRY (Inst. Code - 373), CHENNAI","NO.779, T.H.ROAD","TONDIARPET,",CHENNAI,Chennai,600019
1476,Tamil Nadu,M.N.S.K. College of Engineering,VALLATHIRAKKOTTAI POST,PUDUKKOTTAI,PUDUKKOTTAI,Pudukkottai,622305
1477,Tamil Nadu,M.P.Nachimuthu M.Jaganathan Engineering College,M.P.Nachimuthu M.Jaganathan Engineering college,Sudhanandhen Kalvi Nagar,Chennimalai,Erode,638112
1478,Tamil Nadu,"M.R. Government Arts College, Mannargudi - 614 001.","Principal M.R.Govt Arts College,Mannargudi,Pin-614001",-,Town,Thiruvarur,614001
1479,Tamil Nadu,M.R.K. Institute of Technology,NATTARMANGALAM VILLAGE,KATTUMANNARKOIL,CHIDAMBARAM,Cuddalore,608301
1480,Tamil Nadu,"M.R.K.College of Arts & Science,pazhzchanallurANDPost,Kattumannarkudi-608 301",PAZHANCHANALLUR POST,KATTUMANNARKOIL TALUK,CHIDAMBARAM,Cuddalore,608301
1481,Tamil Nadu,M.S.S.WAKF BOARD COLLEGE,"100 FEET ROAD,","K.K.NAGAR,",MADURAI,Madurai,625020
1482,Tamil Nadu,"M.V. HOSPITAL FOR DIABETES & PROF.M.VISWANATHAN DIABETES RESEARCH CENTRE (Inst. Code - 523), CHENNAI","No 4 West Madha Road, Royapuram,Chennai 13","No 4 West Madha Road, Royapuram,Chennai 13",Chennai,Chennai,600013
1483,Tamil Nadu,"M.V. HOSPITAL FOR DIABETES (P) LTD., & PROF. M. VISWANATHAN DIABETES RESEARCH CENTRE (Inst. Code - 477), CHENNAI","No 4 West Madha Road, Royapuram,Chennai 13","No 4 West Madha Road, Royapuram,Chennai 13",Chennai,Chennai,600013
1484,Tamil Nadu,"M.V.M.Govt.,Arts College for Women, Dindigul",Angu Nager,Dindigul,Dindigul,Dindigul,624001
1485,Tamil Nadu,"M/s SALEM POLYCLINIC , (Inst. Code - 626), Salem","250, OMALUR ROAD,",SALEM,SALEM,Salem,636006
1486,Tamil Nadu,Maamallan Institute of Technology,"Jeppiaar Maamallan Nagar, Vadamangalam",Sriperumpudhur,Chennai,Kancheepuram,602108
1487,Tamil Nadu,MADHA ARTS AND SCIENCE COLLEGE,ERANDAMKATTALAI,SADHANANTHAPURAM,CHENNAI,Chennai,600122
1488,Tamil Nadu,Madha College of Education,"No.2 ,Madha Nagar, Kundrathur,",Chennai - 600 069.,Chennai,Chennai,600069
1489,Tamil Nadu,"MADHA COLLEGE OF NURSING (Inst. Code - 156), CHENNAI","Madha Nagar, Somangalam Road, Kunrathur, Chennai","Madha Nagar, Somangalam Road, Kunrathur, Chennai",Chennai,Chennai,600069
1490,Tamil Nadu,"MADHA COLLEGE OF PHYSIOTHERAPY (Inst. Code - 148), CHENNAI","MADHA NAGAR,SOMONGALAM ROAD",KUNDRATHUR,CHENNAI,Chennai,600069
1491,Tamil Nadu,"MADHA DENTAL COLLEGE AND HOSPITA (Inst. Code - 268)L, CHENNAI",MADHA NAGAR,KUNDRATHUR,CHENNAI-600 069,Chennai,600069
1492,Tamil Nadu,Madha Engineering College,"SOMANGALAM ROAD, MADHA NAGAR,","KAVANOOR,KUNDRATHUR,","CHENNAI, 600 069",Kancheepuram,600069
1493,Tamil Nadu,Madha Institute of Engineering & Technology,"Erankattalai,sadhanandapuram",Thandalam post,Chennai,Kancheepuram,600122
1494,Tamil Nadu,MADHA INSTITUTE OF TEACHER TRAINING KUNRUTHUR,"Madha Nagar, Kundrathur,",Chennai - 600 069,Chennai,Kancheepuram,600069
1495,Tamil Nadu,"MADHA MEDICAL COLLEGE AND HOSPITAL (Inst. Code - 464), KANCHEEPURAM","KUNDRATHUR MAIN ROAD, KOVUR",THANDALAM,CHENNAI,Kancheepuram,600122
1496,Tamil Nadu,MADRAS CHRISTIAN COLLEGE,Tambaram East,NA,Chennai,Chennai,600059
1497,Tamil Nadu,"MADRAS ENT RESEARCH FOUNDATION (P) LTD., (Inst. Code - 402), CHENNAI","NO.1 FIRST CROSS STREET, OFF II MAIN ROAD",RAJA ANNAMALAIPURAM,CHENNAI - 600028,Chennai,600028
1498,Tamil Nadu,Madras Institute of Technology Campus,CHROMPET,0,CHENNAI,Chennai,600044
1499,Tamil Nadu,"MADRAS MEDICAL COLLEGE & GOVT. GENERAL HOSPITAL (Inst. Code - 395), CHENNAI","EVR PERIYAR SALAI, PARK TOWN, CHENNAI - 600 003",NA,CHENNAI,Chennai,600003
1500,Tamil Nadu,"MADRAS MEDICAL COLLEGE & HOSPITAL (Inst. Code - 001), CHENNAI","EVR Periyar Salai, Park Town, Chennai 600003.",NA,Chennai,Chennai,600003
1501,Tamil Nadu,"MADRAS MEDICAL COLLEGE, COLLEGE OF NURSING (Inst. Code - 163), CHENNAI","COLLEGE OF NURSING, MADRAS MEDICAL COLLEGE CHENNAI, CHENNAI","COLLEGE OF NURSING, MADRAS MEDICAL COLLEGE CHENNAI, CHENNAI",Chennai,Chennai,600003
1502,Tamil Nadu,"MADRAS MEDICAL COLLEGE, COLLEGE OF PHARMACY (Inst. Code - 184), CHENNAI","No.1 EVR Periyar salai, Park Town, Chennai-03",NA,Chennai-03,Chennai,600003
1503,Tamil Nadu,MADRAS SCHOOL OF SOCIAL WORK,"32 CASA MAJOR ROAD,","EGMORE,",CHENNAI,Chennai,600008
1504,Tamil Nadu,"Madras University, Chennai","Chepauk Campus, Chennai-600005",Tamil Nadu,chennai,Chennai,600005
1505,Tamil Nadu,"Madras Veterinary College, Chennai - 7",Vepery High Road,Vepery,Chennai - 600 007,Chennai,600007
1506,Tamil Nadu,MADURA COLLEGE,TPK ROAD,VIDYA NAGAR,MADURAI,Madurai,625011
1507,Tamil Nadu,"MADURAI APOLLO COLLEGE OF NURSING (Inst. Code - 359), MADURAI","Eliyarpathy Village, Thiruparankundram Union, Madurai South Taluk",Madurai - 625 022,Madurai,Madurai,625022
1508,Tamil Nadu,MADURAI GANDHI NMR SUBBARAMAN COLLEGE FOR WOMEN,"4A TEPPAKULAM, ANUPANADI ROAD",NA,MADURAI,Madurai,625009
1509,Tamil Nadu,"Madurai Institute of Engineering and Technology, Sivagangai",Madurai - Nedunkulam Raod,Manamadurai Taluk,Pottapalayam,Sivaganga,630612
1510,Tamil Nadu,MADURAI INSTITUTE OF SOCIAL SCIENCE COLLEGE,"9, Alagar Koil Road",Madurai,Madurai,Virudhunagar,625002
1511,Tamil Nadu,"MADURAI KAMARAJ UNIVERSITY COLLEGE, AUNDIPATTI",MADURAI-THENI MAIN ROAD,OPPOSITE TO AUNDIPATTI TALUK OFFICE,AUNDIPATTI,Theni,625512
1512,Tamil Nadu,"MADURAI KAMARAJ UNIVERSITY COLLEGE, SATTUR","3/830, S R Naidu Nagar",NA,Sattur,Virudhunagar,626203
1513,Tamil Nadu,"MADURAI KAMARAJ UNIVERSTIY COLLEGE, KOTTUR",Dharmapuri Road,Kottur,NA,Theni,625534
1514,Tamil Nadu,"Madurai Kamraj University, Madurai",Palkalai Nagar,Madurai,Madurai,Madurai,625021
1515,Tamil Nadu,"MADURAI MEDICAL COLLEGE & HOSPITAL (Inst. Code - 003), MADURAI",Panagal Road,"Collector's Office Road,",Madurai,Madurai,625020
1516,Tamil Nadu,"MADURAI MEDICAL COLLEGE, COLLEGE OF NURSING (Inst. Code - 275), MADURAI","College of Nursing, Madurai Medical College, Madurai.","College of Nursing, Government Rajaji Hospital, Goripalayam, Madurai",Madurai,Madurai,625020
1517,Tamil Nadu,"MADURAI MEDICAL COLLEGE, COLLEGE OF PHARMACY (Inst. Code - 185), MADURAI",MADURAI MEDICAL COLLEGE,PANAGAL ROAD,MADURAI - 625020,Madurai,625020
1518,Tamil Nadu,MADURAI SCHOOL OF MANAGEMENT,"NH - 7, Madurai - Dindigul Four Lane road,",T.Vadippatti,Madurai - 625 218,Madurai,625218
1519,Tamil Nadu,"Madurai Sivakasi Nadar Pioneer Meenaksmi Women college, Poovanthi","Madurai Sivakasi Nadars Pioneer Meenakshi Women's College,Poovanthi - 630 611",NA,NA,Sivaganga,630611
1520,Tamil Nadu,Magna College of Engineering,"Redhills - Tiruvallur High Road,",Magaral,Chennai - 600 055.,Thiruvallur,600055
1521,Tamil Nadu,Maha Bharathi Engineering College,A.VASUDEVANUR,CHINNASALEM,KALLAKURICHI,Viluppuram,606201
1522,Tamil Nadu,Mahakavi Bharathiyar College of Engineering and Technology,"Thalayani road,","kovil nagar, Athuvazhi","Vasudevanallur,",Tirunelveli,627760
1523,Tamil Nadu,MAHALAKSHMI COLLEGE OF ARTS AND SCIENCE,"No:1, MAHALASHMI NAGAR,","PARUTHIPATTU,AVADI,CHENNAI-71",CHENNAI,Chennai,600071
1524,Tamil Nadu,Mahalakshmi Engineering College (New),"TRICHY - SALEM HIGHWAY, THUDAIYUR POST",MANNACHANALLUR TK,TRICHY,Tiruchirappalli,621213
1525,Tamil Nadu,MAHAMUTH AMMAL TEACHER TRAINING INSTITUTE ARIYUR ANNAVASAL ROAD,"Ariyur, Annavasal Road, Pudukkottai",NA,NA,Pudukkottai,622101
1526,Tamil Nadu,Maharaja Arts and Science College,Neelambur,Arasur (Post),Coimbatore,Coimbatore,641407
1527,Tamil Nadu,Maharaja Co-Education Arts and Science College,Erode road,Perundurai,Erode,Erode,638052
1528,Tamil Nadu,Maharaja Engineering College,Palankarai Village,Avinashi (T.K),Tiruppur,Tiruppur,641654
1529,Tamil Nadu,Maharaja Engineering College for Women,Erode Road,Perundurai - 638 052,Perundurai,Erode,638052
1530,Tamil Nadu,Maharaja Institute of Technology,Arasur,Arasur(po),Coimbatore - 641407,Coimbatore,641407
1531,Tamil Nadu,"MAHARAJA POLYTECHNIC COLLEGE ARALIPATTI VILAKKU, SIVAGANGAI","ARALIPPATY VILLAKU, S. V. MANGALAM",THIRUPPATHUR-TK,THIRUPPATHUR,Sivaganga,630501
1532,Tamil Nadu,Maharaja Prithvi Engineering College,"Palanakarai Village,",Avinashi,Tirupur,Tiruppur,641654
1533,Tamil Nadu,Maharani Arts and Science Women's College,NANJIYAMPALAYAM,DHARAPURAM,DHARAPURAM,Tiruppur,638657
1534,Tamil Nadu,Maharani College of Education,"1/74, Nanjiyampalayam , Dharapuram- 638657",Tirupur Dist,Dharapuram,Erode,638657
1535,Tamil Nadu,"MAHARANI NURSING COLLEGE (Inst. Code - 340), DHARAPURAM","1/74, NANJIYAMPALAYAM","TIRUPPUR MAIN ROAD, DHARAPURAM- 638657",TIRUPPUR,Dharmapuri,638657
1536,Tamil Nadu,MAHARANI POLYTECHNIC COLLEGE NANJIYAMPALAYAM,"1/74, NANJIYAMPALAYAM DHARAPURAM",TIRUPUR DIST,DHARAPURAM,Tiruppur,638657
1537,Tamil Nadu,MAHARANI TEACHER TRAINING INSTITUTE MANJIYAMPALAYAM DHARAPURAM,"1/74, NANJIYAMPALAYAM DHARAPURAM",NANJIYAMPALAYAM DHARAPURAM,Dharapuram,Tiruppur,638657
1538,Tamil Nadu,MAHARISHI VIDYAMANDIR TEACHER TRAINING INSTITUTE KK NAGAR,MAHARISHI VIDYALAYA SALAI,K K NAGAR,MADURAI,Madurai,625020
1539,Tamil Nadu,Mahath Amma Institute of Engineering and Technology,"N.M. Nagar, Sithannavasal Road, Ariyur",Mathiyanaloor - Post,Pudukkottai,Pudukkottai,622101
1540,Tamil Nadu,MAHATH AMMA POLYTECHNIC COLLEGE ARIYUR,ARIYUR ANNAVASAL ROAD,PANAMPPATTI,PUDUKKOTTAI,Pudukkottai,622101
1541,Tamil Nadu,"Mahatma Arts and Science College, Ariyur Village, Iluppur Taluk, Pudukkottai District-622 101.","Ariyur Village, Annavasal Road","Mathiyanallur Post, Illuppur Taluk",Pudukkottai,Pudukkottai,622101
1542,Tamil Nadu,Mahatma College of Education,"Ariyur, Annavasal road,",Mathiyanallur (post),Pudukkottai,Pudukkottai,622101
1543,Tamil Nadu,"Mahatma Gandhi College of Arts & Science, V.R.Naidu Nagar.","V R Naidu Nagar, Solaiseri ,Reddiapatti Post","Karivalam Vanda Nallur (Via),Sankarankovil Taluk",Sankarankovil,Tirunelveli,627753
1544,Tamil Nadu,Mahatma Gandhi College of Education,"V.R.Naidu Nagar, Solaiseri, Reddiapatti (Po),","Sankarankovil (Tk),",Tirunelveli,Tirunelveli,627753
1545,Tamil Nadu,MAHATMA GANDHI TEACHER TRAINING INSTITUTE NORTH STREET SOLAISERI REDDIAPATTI SANKARANKOIL,"V R NAIDU NAGAR, SOLAISERI",REDDIYAPATTI PO -627753,SANKARANKOVIL,Tirunelveli,627753
1546,Tamil Nadu,MAHATMA TEACHER TRAINING INSTITUTE ARIYUR,"Ariyur, Annavasal Road, Pudukkottai",NA,NA,Pudukkottai,622101
1547,Tamil Nadu,Mahendhira College of Education,"Kalippatti,",Tiruchengode,Namakkal,Namakkal,637501
1548,Tamil Nadu,MAHENDHIRA TEACHER TRAINING INSTITUTE TIRUCHENGODE,KUMARAMANGALAM,TIRUCHENGODE,TIRUCHENGODE,Namakkal,637205
1549,Tamil Nadu,Mahendhra College of Education,Kumaramangalam,Kumaramangalam P.O.,Tiruchengode,Namakkal,637205
1550,Tamil Nadu,Mahendra Arts & Science college,Kalippatti Po.,Tiruchengode Tk.,Namakkal,Namakkal,637501
1551,Tamil Nadu,Mahendra College of Education,SALEM- ATTUR MAIN ROAD,MINNAMPALLI 636 106.,SALEM,Salem,636106
1552,Tamil Nadu,Mahendra College of Engineering,"MAHENDRA SALEM CAMPUS,","MINNAMPALLI (PO), VAZHAPADI (TK),",SALEM -636 106,Salem,636106
1553,Tamil Nadu,Mahendra Engineering College,"Salem - Tiruchengode Highway, Mahendhirapuri","Mallasamudram West, Tiruchengode Taluk",Namakkal,Namakkal,637501
1554,Tamil Nadu,Mahendra Engineering College for Women,"KUMARAMANGALAM PO, NAMAKKAL MAIN ROAD,","TIRUCHENGODE TK, NAMAKKAL DT-637 205.",NAMAKKAL,Namakkal,637205
1555,Tamil Nadu,Mahendra Institute of Engineering and Technology,"Mahendrapuri, Mallasamudram West, Vadugampalayam Po,",Tiruchengode Tk.,Namakkal Dt.,Namakkal,637503
1556,Tamil Nadu,Mahendra Institute of Technology,Mahendrapuri.,"Mallasamudram,",Thiruchengode,Namakkal,637503
1557,Tamil Nadu,MAHENDRA POLYTECHNIC COLLEGE VADUGAPALAYAM,"MAHENDHIRAPURI,VADUGAPALAYAM PO,","TIRUCHENGODE TK,",NAMAKKAL DT - 637503,Namakkal,637503
1558,Tamil Nadu,MAHENDRA TEACHER TRAINING INSTITUTE ATTAYAMPATTI THIRUCHENGODU,"KALIPPATTI (PO),","TIRUCHENGODE(TK),",NAMAKKAL,Namakkal,637501
1559,Tamil Nadu,MAHENDRA TEACHER TRAINING INSTITUTE VALAPADI,SALEM-ATTUR MAIN ROAD,MINNAMPALLI 636106,SALEM,Salem,636106
1560,Tamil Nadu,Mailam Engineering College,Mailam Post,Tindivanam Taluk,Villupuram,Viluppuram,604304
1561,Tamil Nadu,MAISURII WOMENS COLLEGE OF ARTS AND SCIENCE,"NH-47, KANAKAGIRI",KAKAPALAYAM POST,SALEM,Salem,637504
1562,Tamil Nadu,"Malankara Catholic College, Mariagiri, Kaliakkavillai, Kanyakumari Dist.","Mariagiri,",Kaliakkavilai,NA,Kanniyakumari,629153
1563,Tamil Nadu,MALOLAN COLLEGE OF ARTS AND SCIENCE,Mocheri Road,Madurantakam,Chennai,Chennai,603306
1564,Tamil Nadu,Mangalam College of Education,"9/343, MANGALAM NAGAR",BHAVANI MAIN ROAD,ANTHIYUR,Erode,638501
1565,Tamil Nadu,MANGALAM TEACHER TRAINING INSTITUTE BHUVANAGIRI CHIDAMBARAM,"MAIN ROAD, BHUVANAGIRI",NA,CHIDAMBARAM,Cuddalore,608601
1566,Tamil Nadu,MANGALAM TEACHER TRAINING INSTITUTE MANGALAM NAGAR ANTHIYUR,"9/343, MANGALAM NAGAR",BHAVANI MAIN ROAD,ANTHIYUR,Erode,638501
1567,Tamil Nadu,MANGALAM TEACHER TRAINING INSTITUTE VICTORY AVENUE THIRUMULLAIVOYAL,"359/E, victory Avenue, Thirumullaivoyal, chennai-62",NA,NA,Thiruvallur,600062
1568,Tamil Nadu,MANGAYARKARASI ARTS & SCIENCE COLLEGE FOR WOMEN,7-1-139 Mangayarkarasi nagar,Paravai,Madurai,Madurai,625402
1569,Tamil Nadu,Mangayarkarasi College of Education,Mangayarkarasi College of Education,"Mangayarkarasi Nagar, Paravai, Madurai - 625402.",Madurai,Madurai,625402
1570,Tamil Nadu,MANGAYARKARASI COLLEGE OF ENGINEERING,"7-1-139 First St Mangayarkarasi Nagar, Paravai, Madurai 625 402",NA,Madurai,Madurai,625402
1571,Tamil Nadu,MANGAYARKARASI TEACHER TRAINING INSTITUTE MANGAYARKARASI PARAVI,7-1-139 MANGAYARKARASI NAGAR,PARAVAI,MADURAI,Madurai,625402
1572,Tamil Nadu,MANICKAM TEACHER TRAINING INSTITUTE CHARLES NAGAR SHESAIYA ROAD,"M R M NAGAR,",SIVAPURAM (PO),THIRUMAYAM (TK) Pudukkottai Dt-622 422,Pudukkottai,622422
1573,Tamil Nadu,"MANNAI NARAYANASAMY COLLEGE OF NURSING (Inst. Code - 339), THANJAVUR",THANDANKORAI,MATHUR,THANJAVUR,Thanjavur,614206
1574,Tamil Nadu,MANNAR TIRUMALAI NAICKER COLLEGE,PASUMALAI,NA,MADURAI,Madurai,625004
1575,Tamil Nadu,"Manonmaniam Sundaranar University College, Govindaperi.",Thiruviruthan pulli post,"Cheranmahadevi, Between Cheranmahadevi to Kalakad",Tirunelveli,Tirunelveli,627414
1576,Tamil Nadu,"Manonmaniam Sundaranar University College, Nagampatti,",Nagampatti,Pasuvanthanai Via,Ottapidaram Tk,Thoothukkudi,627000
1577,Tamil Nadu,"Manonmaniam Sundaranar University College, Panakudi",VET College of Education Campus,Near EB Sub Station,Panagudi,Tirunelveli,627109
1578,Tamil Nadu,"Manonmaniam Sundaranar University College, Puliankudi",H.N.U.C.HR.SEC SCHOOL CAMPUS,T.N.PUTHUKUDI,PULIANGUDI,Tirunelveli,627855
1579,Tamil Nadu,"Manonmaniam Sundaranar University College, Sankarankovil",seevalarayanenthal vilakku,NA,sankarankovil,Tirunelveli,627000
1580,Tamil Nadu,"Manonmaniam Sundaranar University College, Thisayanvillai",BMC Comblex,Tisaiyanvilai,Tisaiyanvilai-627 657,Tirunelveli,627657
1581,Tamil Nadu,"MANONMANIAM SUNDARANAR UNIVERSITY CONSTITUENT COLLEGE, KADAYANALLUR","king universe matric Hr. Sec. School, SF No.471/2, Main road,Kumanthapuram,kadayanallur - 627751.",NA,kadayanallur,Tirunelveli,627751
1582,Tamil Nadu,"MANONMANIAM SUNDARANAR UNIVERSITY CONSTITUENT COLLEGE, KANYAKUMARI","Manonmaniam Sundaranar University Constituent College, Govt primary school campus, Kanyakumari-629702",NA,Kanyakumari,Kanniyakumari,629702
1583,Tamil Nadu,"Manonmaniam Sundaranar University Constituent College, Nagalapuram,","Nagalapuram-Vilathikulam Road (present address), Nagalapuram 628904",Vilathikulam Taluk Thoothukudi dt,Thoothukudi,Thoothukkudi,628904
1584,Tamil Nadu,"Manonmaniam Sundaranar University Constituent College, Sattankulam- 628 704, Thoothukudi Dist.","Ittamozhi Road,",Sathankulam - 628 704,Sathankulam,Thoothukkudi,628704
1585,Tamil Nadu,"Manonmaniam Sundaranar University, Tirunelveli","Abishekapatti, Tirunelveli - 627 012.",NA,TamilNadu,Tirunelveli,627012
1586,Tamil Nadu,"MANORA POLYTECHNIC COLLEGE KOTTAKUDI, PATTUKKOTTAI",KOTTAKUDI VILLAGE,KARKAVAYAL PANCHAYAT,PATTUKKOTTAI,Thanjavur,614602
1587,Tamil Nadu,Mar Chrysostom College of Education,Malankara Avenue,Kirathoor Post,Nagercoil,Kanniyakumari,629160
1588,Tamil Nadu,Mar Ephraem College of Engineering and Technology,MALANKARA HILLS,ELAVUVILAI,MARTHANDAM,Kanniyakumari,629171
1589,Tamil Nadu,MAR GREGORIOS COLLEGE,"BLOCK NO:8, MOGAPPAIR WEST",CHENNAI-600037,CHENNAI,Chennai,600037
1590,Tamil Nadu,"Marappan Lakshiamma arts and Science College,(co-Ed)Kurumber-635652,Tirupattur taluk.","KURUMBERI, TIRUPATTUR","KURUMBERI, TIRUPATTUR",VELLORE,Vellore,635652
1591,Tamil Nadu,Maria College of Engineering and Technology,ATTOOR,THIRUVATTAR POST,THIRUVATTAR,Kanniyakumari,629177
1592,Tamil Nadu,MARIA PRAJESH TEACHER TRAINING INSTITUTE TENNUR,"THOGAIMALAI ROAD, NORTH ARIYAVOOR, TRICHY-9",KULAM ALIGAN NAGAR,TRICHY,Tiruchirappalli,620009
1593,Tamil Nadu,Marthandam College of Engineering and Technology,"P.M. Village Road, Kuttakuzhi,",Veeyannoor Post-629177,NA,Kanniyakumari,629177
1594,Tamil Nadu,MARTHR DEVASAGAYAM TTI UNNAMALAIKADAI,UNNAMALAIKADAI,UNNAMALAIKADAI,MARTHANDAM,Kanniyakumari,629179
1595,Tamil Nadu,"MARTIN HOMOEOPATHY MEDICAL COLLEGE AND HOSPITAL (Inst. Code - 208), COIMBATORE","54, MTP Road,","G.N. Mills Post,",Coimbatore,Coimbatore,641029
1596,Tamil Nadu,MARUDHAM TEACHER TRAINING INSTITUTE VELACHERY,thaaiman trust,"R-62, 2nd Avennue,TNHB ,VELACHERRY,",CHENNAI,Chennai,600042
1597,Tamil Nadu,"marudhar Kesari Jain College for Women,Marudhar Nagar,Chinnakallupalli,Vaniyambadi-635751",Marudhar Nagar,Chinnakallupalli,Vaniyambadi,Vellore,635751
1598,Tamil Nadu,Marudupandiyar College of Education,257/4A Trichy Main Road,Vallam & Post Thanjavur,THANJAVUR,Thanjavur,613403
1599,Tamil Nadu,MARUTAM NELLI POLYTECHNIC COLLEGE DALAVAHALLI,"2/1, Agri Thottam, Pallapatti, Nathahalli (Po.),",Dharmapuri - 636 803,Dharmapuri,Dharmapuri,636803
1600,Tamil Nadu,Maruthi College of Education,Manivizhundan South Post,Attur (Tk),Attur,Salem,633121
1601,Tamil Nadu,Maruthi College of Physical Education,Periyanaickenpalayam,SRKV Post,Coimbatore,Coimbatore,641020
1602,Tamil Nadu,MARUTHI POLYTECHNIC COLLEGE MANIVIZHUNDAN SOUTH,MANIVIZUNDAN SOUTH POST,ATTUR,SALEM,Salem,636121
1603,Tamil Nadu,MARUTHI TEACHER TRAINING INSTITUTE ATTUR,MANIVIZHUNDAN SOUTH POST,ATTUR TK,ATTUR,Salem,636121
1604,Tamil Nadu,"Maruthu Pandiyar College, Vallam (P.O.), Thanjavur - 613 403.",257/4A Trichy Main Road,Vallam post,Thanjavur,Thanjavur,613403
1605,Tamil Nadu,MARY IMMACULATE TEACHER TRAINING INSTITUTE VELLORE TIRUPATTUR,LONDON MISSION ROAD,NA,TIRUPATTUR,Vellore,635601
1606,Tamil Nadu,"MARY MATHA COLLEGE, MADURAI",NALLAKARUPPANPATTY,PERIYAKULAM EAST,THENI,Madurai,625604
1607,Tamil Nadu,"MASS College of Arts and Science, Kumbakonam.","Chennai Salai, kallapuliyur",NA,Kumbakonam,Thanjavur,612501
1608,Tamil Nadu,Mass College of Education,Kallapulyur,"Chennai Salai,",Kumbakonam - 612501,Thanjavur,612501
1609,Tamil Nadu,MASS POLYTECHNIC COLLEGE KALLAPULIYUR,"CHENNAI SALAI, KALLAPULIYUR POST",KUMBAKONAM,KUMBAKONAM,Thanjavur,612501
1610,Tamil Nadu,MASS TEACHER TRAINING SCHOOL DARASURAM KUMBAKONAM,CHENNAI SALAI,KALLAPULIYUR VILLAGE,KUMBAKONAM,Thanjavur,612501
1611,Tamil Nadu,"Matha College of Arts and Science, Manamadurai","ANNAVASAL ROAD, VAANPURAM",MANAMADURAI,MANAMADURAI,Sivaganga,630606
1612,Tamil Nadu,"MATHA COLLEGE OF NURSING (Inst. Code - 096), SIVAGANGA",ANNAVASAL ROAD,VAANPURAM,MANAMADURAI,Sivaganga,623606
1613,Tamil Nadu,Matha College of Teacher Education,Annavasal Road,Vaanpuram,Manamadurai,Sivaganga,630606
1614,Tamil Nadu,MATHA TEACHER TRAINING INSTITUTE THAMARAIPULAM VEDARANIYAM,THAMARAIPULAM,VEDARANIYAM,NAGAPATTINAM,Nagapattinam,614809
1615,Tamil Nadu,MATHA TEACHER TRAINING INSTITUTE VAANPURAM MANAMADURAI,"Vaanpuram, Mamanadurai",NA,Manamadurai,Sivaganga,630606
1616,Tamil Nadu,MATHERI TEACHER TRAINING INSTITUTE BAZAAR STREET KAVERIPAKKAM,NO 66/72 BAZAAR STREET,KAVERIPAKKAM,KAVERIPAKKAM,Vellore,632508
1617,Tamil Nadu,"Mazharul Uloom College,Ambur -635 802",Reddythoupe,NA,Ambur,Vellore,635802
1618,Tamil Nadu,McGan's Ooty School of Architecture,"5/635, Perar, Mynala Post","Kotagiri Road, Ooty.",Ooty,The Nilgiris,643002
1619,Tamil Nadu,MD SATHAK COLLEGE OF ARTS AND SCIENCE,"No. 13, Medavakkam Road",Sholinganallur,Chennai-600 119,Chennai,600119
1620,Tamil Nadu,MD. INST.OF EDUCATION AND TECHNOLOGY GUNDUR,TRICHY-PUDUKKOTTAI ROAD,GUNDUR,TIRUCHIRAPPALLI,Tiruchirappalli,620007
1621,Tamil Nadu,MEASI Academy of Architecture,"Association Gardens, New College Campus, 87, Peters Road",Royapettah,Chennai-600014,Chennai,600014
1622,Tamil Nadu,MEASI College of Education,"2, Demellows Road,",Choolai,Chennai,Chennai,600112
1623,Tamil Nadu,MEASI INSTITUTE OF INFORMATION TECHNOLOGY,"87, PETERS ROAD",ROYAPETTAH,CHENNAI,Chennai,600014
1624,Tamil Nadu,MEASI INSTITUTE OF MANAGEMENT,"ASSOCIATION GARDEN,","87 PETERS ROAD, ROYAPETTAH",CHENNAI,Chennai,600014
1625,Tamil Nadu,"MEDALL HEALTH CARE PVT. LT., (Inst. Code - 575), CHENNAI","67, TNPL Building",Guindy,Chennai,Chennai,600032
1626,Tamil Nadu,"MEDINDIA HOSPITALS (Inst. Code - 448), CHENNAI",83 Valluvarkottam High Road,Nungambakkam,Chennai,Chennai,600034
1627,Tamil Nadu,"MEDISCAN SYSTEMS (Inst. Code - 406), CHENNAI","NO.197, Dr. Natesan Road",Mylapore,Chennai,Chennai,600004
1628,Tamil Nadu,MEENAAKSHI RAMASAMY POLYTECHNIC COLLEGE THATHANUR,"MR kalvi nagar,","Trichy main road,Thathanur (po),Udayarpalayam(TK)-621804.",Ariyalur,Ariyalur,621804
1629,Tamil Nadu,Meenaakshi Ramaswamy Engineering College,"MR KAVI NAGAR, TRICHY MAIN ROAD",THATHANUR,UDAYARPALAYAM,Ariyalur,621804
1630,Tamil Nadu,Meenachi College of Physical Education,"M.R.Kalvi Nagar, Thathanur - 621804",NA,NA,Ariyalur,621804
1631,Tamil Nadu,MEENAKSHI AMMAL ARTS AND SCIENCE COLLEGE,MALLIYANKARANAI,UTHIRAMERUR -603406,"UTHIRAMERUR TALUK, KANCHEEPURAM DISTRICT",Chennai,603406
1632,Tamil Nadu,MEENAKSHI AMMAL TEACHER TRAINING INSTITUTE PERUNKOZHI MALLIANKARANAI UTHIRAMERUR,Meenakshi Ammal Teacher Training Institute Perungozhi- malliankaranai,Meenakshi Ammal Teacher Training Institute Perungozhi - Malliankaranai,Kancheeppuram,Kancheepuram,603406
1633,Tamil Nadu,"Meenakshi B.Ed., College","Mangarai pirivu,","M.Ammapatti post, Palani Road,",Dindigul Dt - 624 622.,Dindigul,624622
1634,Tamil Nadu,"Meenakshi Chandrasekaran College of Arts & Science, Pattukkottai - 614 601.",Thanjavur Main Road,Karambayam,Pattukkottai,Thanjavur,614626
1635,Tamil Nadu,MEENAKSHI COLLEGE FOR WOMEN,"363, Arcot Road","Kodambakkam, Chennai - 24",Chennai,Chennai,600024
1636,Tamil Nadu,Meenakshi College of Engineering,No.12 Venbuliamman Kovil Street,West K.K.Nagar,Chennai,Chennai,600073
1637,Tamil Nadu,MEENAKSHI KRISHNAN POLYTECHNIC COLLEGE PAMMAL,"NO.4, RAMSON GARDEN, SHANKAR NAGAR",PAMMAL,CHENNAI,Kancheepuram,600075
1638,Tamil Nadu,MEENAKSHI MISSION HOSPITAL & RESEARCH CENTRE,Lake Area,Melur Main Road,Madurai,Madurai,625107
1639,Tamil Nadu,"MEENAKSHI MISSION HOSPITAL & RESEARCH CENTRE (Inst. Code - 449), MADURAI",Lake Area,Melur Main Road,Madurai,Madurai,625107
1640,Tamil Nadu,"MEENAKSHI MISSION HOSPITAL & RESEARCH CENTRE (Inst. Code - 542), MADURAI","Dept. Of Pediatric Hematology-Oncology,","Melur road, lake area,",Madurai,Madurai,625107
1641,Tamil Nadu,"MEENAKSHI POLYTECHNIC COLLEGE SFNO.44, DHARMAPURI","S.F.NO 44/2-RAGADAHALLI (PO), BOMMIDI VIA",PAPPIREDDIPATTI (TK),DHARMAPURI,Dharmapuri,635301
1642,Tamil Nadu,"Meenakshi Ramasamy Arts and Science College, Udaiyarpalayam, Ariyalur - 621 804.","Meenakshi Ramasamy Arts and Science College, Udaiyarpalayam, Ariyalur - 621 804.","Meenakshi Ramasamy Arts and Science College, Udaiyarpalayam, Ariyalur - 621 804.",Trichy,Ariyalur,621804
1643,Tamil Nadu,MEENAKSHI RAMASAMY TEACHER TRAINING INSTITUTE THATHANUR UDYARPALYAM,"Trichy Main Road, M.R.Kalvi Nagar",Thathanur,Udayarpalayam,Ariyalur,621804
1644,Tamil Nadu,Meenakshi Sundararajan Engineering College,363 ARCOT ROAD,KODAMBAKKAM,CHENNAI,Chennai,600024
1645,Tamil Nadu,MEENAKSHIAMMAL POLYTECHNIC COLLEGE MALLIYANKARANAI,MALLIYANKARANAI,NA,UTHIRAMERUR,Kancheepuram,603406
1646,Tamil Nadu,"Meenakshri Academy of Higher Education and Research, Chennai","No.12, Vembuliamman Koil Street, K.K.Nagar(Wes),",Chennai-600078,Chennai,Chennai,600078
1647,Tamil Nadu,MEENAMMAL TEACHER TRAINING FOR WOMEN MADURAI NORTH,"146, Lake view Road, Madurai -20.",K.K.Nagar,Madurai,Madurai,625720
1648,Tamil Nadu,MEENATCHI GOVINDARAJAN POLYTECHNIC COLLEGE,"45, NANJIKOTTAI",NA,THANJAVUR,Thanjavur,613006
1649,Tamil Nadu,Meera College of Education,Mottur Road,NA,Sholinghur,Vellore,631102
1650,Tamil Nadu,MEERA TEACHER TRAINING INSTITUTE WALAJA,"MOTTUR ROAD,",NA,SHOLINGHUR,Vellore,631102
1651,Tamil Nadu,"MELMARUVATHUR ADHIPARASAKTHI INSTITUTE OF MEDICAL SCIENCES AND RESEARCH (Inst. Code - 243), KANCHEEPURAM",MELMARUVATHUR POST,MELMARUVATHUR VILLAGE,MELMARUVATHUR,Kancheepuram,603319
1652,Tamil Nadu,"MELMARUVATHUR ADHIPARASAKTHI INSTITUTE OF MEDICAL SCIENCES AND RESEARCH (Inst. Code - 450), KANCHEEPURAM",MELMARUVATHUR,CHEYYUR TALUK,KANCHEEPURAM DISTRICT,Kancheepuram,603319
1653,Tamil Nadu,Menakshi Ramasamy College of Education,M.R KALVI NAGAR,THATHANUR,UDAYARPALAYAM,Ariyalur,621804
1654,Tamil Nadu,Mepco Schlenk Engineering College,Sivakasi,Mepco Engineering College Post,Sivakasi - 626 005.,Virudhunagar,626005
1655,Tamil Nadu,"Mercury college of Arts &Science,Thandalam, KumbinipetPost,Arrakona-631 003m","Thandalam (Village), Kumpinipet pet (Post),",NA,Arakkonam (T.K),Vellore,631003
1656,Tamil Nadu,MERCURY TEACHER TRAINING INSTITUTE ARAKKONAM,Thandalam Village,Kumpinipet Post,Arakkonam,Vellore,631003
1657,Tamil Nadu,MERCY TEACHER TRAINING INSTITUTE CHIDAMBARAM,Elanangur,Nanchallur Post,Chidambaram,Cuddalore,608302
1658,Tamil Nadu,"MERF INSTITUTE OF SPEECH AND HEARING (Inst. Code - 367), CHENNAI","New no. 1 old no. 1/1 South Canal bank road,",mandhavelipakkam,Chennai,Chennai,600028
1659,Tamil Nadu,Merit College of Education,Zameen - Thathanur,Thathanur - 621 804,Udayarpalayam (Tk),Ariyalur,621804
1660,Tamil Nadu,"MERIT COLLEGE OF EDUCATION , TIRUNELVELI","222/4,Kadayam-mukkudal road,Idaikal,",Ambasamudram,Ambasamudram,Tirunelveli,627821
1661,Tamil Nadu,"MERIT POLYTECHNIC COLLEGE, KADAYAM",KADAYAM - MUKKUDAL ROAD,IDAIKAL,AMBASAMUDRAM,Tirunelveli,627821
1662,Tamil Nadu,MERIT TEACHER TRAINING INSTITUE GOMATHI NAGA AMBASAMUDRAM,"1, GOMATHY NAGAR, AMBASAMUDRAM",NA,AMBASAMUDRAM,Tirunelveli,627401
1663,Tamil Nadu,"MESIA PARA MEDICAL COLLEGE, (Inst. Code - 627)","253 PUTHUKKOTTAI ROAD, THANJAVUR, 613005","253 PUTHUKKOTTAI ROAD, THANJAVUR, 613005",THANJAVUR,Thanjavur,613005
1664,Tamil Nadu,"Meston College of Education, (Autonomous)","10, West Cott Road,","Royapettah,",Chennai - 600014.,Chennai,600014
1665,Tamil Nadu,"Michael Institute of Management, Madurai",Keelapanangadi Village,Petchikulam Panchayat,Madurai,Madurai,625017
1666,Tamil Nadu,Michael Job College of Arts and Science for Women,"Ravathur (Post), Irugur (Via)","Near Sulur Boat Lake, Sulur",Coimbatore,Coimbatore,641103
1667,Tamil Nadu,Michael Job Memorial College of Education for Women,Near Sulur Boat Lake,"Ravathur (po), Irugur (via)",Coimbatore -641103,Coimbatore,641103
1668,Tamil Nadu,Minakshee Ramasami College of Education,"M.R.Kalvi Nagar, Thathanur",Udayarpalayam Taluk,Thathanur,Ariyalur,621804
1669,Tamil Nadu,Minerva College of Arts & Science,"KATTAMPATTI,DHORAMANGALAM",JALAKANTAPURAM,SALEM,Salem,636502
1670,Tamil Nadu,"MIOT ACADEMY OF ALLIED HEALTH SCIENCES (Inst. Code - 353), CHENNAI","4/112, Mount Poonamalle High Road",Manapakkam,Chennai,Chennai,600089
1671,Tamil Nadu,"MIOT COLLEGE OF NURSING (Inst. Code - 223), CHENNAI","4/112,mount poonamallee road",manapakkam,Chennai,Chennai,600089
1672,Tamil Nadu,Misrimal Navajee Munoth Jain Engineering College,"Jyothi Nagar, Gurumarudhar Kesari Building",Thoraipakkam,Chennai,Kancheepuram,600097
1673,Tamil Nadu,MISRIMAL NAVAJEE MUNOTH JAIN SCHOOL OF ARCHITECTURE,GURUMARUDHAR KESERI BUILDING,"JYOTHI NAGAR, THORAIPAKKAM",CHENNAI,Chennai,600097
1674,Tamil Nadu,"MMM ACADEMY OF MEDICAL SCIENCES (Inst. Code - 258), CHENNAI","131, Sakthi Nagar,",Nolambur,Chennai,Chennai,600095
1675,Tamil Nadu,"MMM COLLEGE OF HEALTH SCIENCES (Inst. Code - 354), CHENNAI","No. 9 Block No. 11 Kannadasan Salai, Mogappair East",Chennai-600 037,Chennai,Chennai,600037
1676,Tamil Nadu,"MMM COLLEGE OF NURSING (Inst. Code - 291), THIRUVALLUR","NO.131, SAKTHI NAGAR, MOGAPPAIR WEST, NOLAMBUR, CHENNAI-600 095","NO.4A, DR.J.J.NAGAR, MOGAPPAIR EAST, CHENNAI - 600 037",CHENNAI,Thiruvallur,600095
1677,Tamil Nadu,MNSK POLYTECHNIC COLLEGE ALANGUDI,Dhaksinapuram,Vallathirakkottai,Pudukkottai,Pudukkottai,622305
1678,Tamil Nadu,MODERATOR GNANADASAN POLYTECHNIC COLLEGE VADASERY,DISTILLERY ROAD,NAGERCOIL,NAGERCOIL,Kanniyakumari,629001
1679,Tamil Nadu,"Modern Arts and Science College, 35A, Sannathi Street, Jayankondam, - 621 802.","Mahimaipuram, Jayankondam-621802",Udayarpalayam (TK),Jayankondam,Ariyalur,621802
1680,Tamil Nadu,Modern College of Education,"Viruthachalam Rd,Palkalai nagar,","Mahimaipuram, Jayankondam,",Jayankondam,Ariyalur,621802
1681,Tamil Nadu,"MODERN POLYTECHIC COLLEGE, MAHAIMAIPURAM, UDAYARPALAYAM",MAHIMAIPURAM,JAYANKONDAM,JAYANKONDAM,Ariyalur,621802
1682,Tamil Nadu,MODERN TEACHER TRAINING INSTITUTE JAYANKONDAM,MAHIMAIPURAM,UDAYARPALAYAM,ARIYALUR,Ariyalur,621802
1683,Tamil Nadu,"MOHAMED A.J. COLLEGE OF PHYSIOTHERAPY(Inst. Code - 219), CHENNAI","144/1, NUNGAMBAKKAM HIGH ROAD",CHENNAI - 600034,CHENNAI,Chennai,600034
1684,Tamil Nadu,Mohamed Sathak A.J. Academy of Architecture,"34 OLD MAHABALIPURAM ROAD, IT HIGHWAY",EGATTUR,CHENNAI 603 103,Kancheepuram,603103
1685,Tamil Nadu,Mohamed Sathak A.J. College of Engineering,OLD MAHABALIPURAM ROAD,"IT PARK ,SIRUSERI,",CHENNAI,Kancheepuram,603103
1686,Tamil Nadu,"MOHAMED SATHAK A.J. COLLEGE OF NURSING (Inst. Code - 218), CHENNAI","No 34 Rajiv Gandhi Road (OMR), ITHighway,","Siruseri, Egattur, Chennai 603103",Chennai,Chennai,603103
1687,Tamil Nadu,"MOHAMED SATHAK A.J. COLLEGE OF PHARMACY (Inst. Code - 153), CHENNAI",medavakkam high road,sholinganallur,chennai 119,Chennai,600119
1688,Tamil Nadu,"Mohamed Sathak Engineering College, Kilakarai",Sathak Nagar,East Coast Road,Kilakarai,Ramanathapuram,623806
1689,Tamil Nadu,MOHAMED SATHAK POLYTECHNIC COLLEGE MAYAKULAM,CHAIRMAN SATHAK SALAI POST,"EAST COST ROAD, CHINNA MAYAKULAM",KILAKARAI,Ramanathapuram,623806
1690,Tamil Nadu,Mohamed Sathak Teacher Training College,"No.43, Rajiv Gandhi Salai (OMR)",Padur _ 603 103,Kancheepuram,Kancheepuram,603103
1691,Tamil Nadu,"MOHAMMED SATHAK DASTHAGIR TEACHER TRAINING COLLEGE , RAMANATHAPURAM",INSIDE COLLECTORATE COMPLEX,PATTINAMKATHAN POST,RAMANATHAPURAM,Ramanathapuram,623503
1692,Tamil Nadu,Mookambigai College of Engineering,SRINIVASANAGAR,KALAMAVUR - 622 502,PUDUKKOTTAI,Pudukkottai,622502
1693,Tamil Nadu,MOP VAISHNAV COLLEGE FOR WOMEN,"No.20, IV Lane, Nungambakkam High Road,",Nungambakkam,Chennai - 600 005,Chennai,600034
1694,Tamil Nadu,Morappur Kongu Arts & Science College,KONGU NAGAR,MORAPPUR(POST),HARUR (TALUK),Dharmapuri,635305
1695,Tamil Nadu,MORNING STAR POLYTECHNIC COLLEGE ALOOR,CHUNKANKADAI,NA,NAGERCOIL-629 003,Kanniyakumari,629003
1696,Tamil Nadu,Mother Gnanamma Catholic College of Education,Madathattuvillai,Villukupi,Nagercoil,Kanniyakumari,629180
1697,Tamil Nadu,"Mother Gnanamma Women's College of Arts and Science, Varadarajanpet, Jeyankondam Taluk, Ariyalur District",varadarajenpet,varadarajenpet,jeyankondam,Ariyalur,621805
1698,Tamil Nadu,"Mother Terasa College of Arts and Science, Mettusalai, Veerapatti Village, Illupur Post, Pudukkottai - 622 102.",METTUSALAI,ILLUPPUR - 622 102,PUDUKKOTTAI,Pudukkottai,622102
1699,Tamil Nadu,Mother Terasa College of Engineering and Technology,Mettusalai,Illuppur Post,Pudukkottai,Pudukkottai,622102
1700,Tamil Nadu,Mother Teresa College of Education,Mother Teresa College of Education,Mettusalai,Illuppur-622 102,Pudukkottai,622102
1701,Tamil Nadu,Mother Teresa College of Education -1,"Thalayuthu,post",Palani,Dindigul,Dindigul,624618
1702,Tamil Nadu,Mother Teresa College of Education for (w),METTUSALAI,ILLUPPUR-622102,ILLUPPUR,Pudukkottai,622102
1703,Tamil Nadu,MOTHER TERESA POLYTECHNIC COLLEGE ILLUPPUR,METTUSALAI,ILLUPPUR,PUDUKKOTAI,Pudukkottai,622102
1704,Tamil Nadu,"Mother Teresa Women's University College,Kodaikanal",Mother Teresa Women's University College,Attuvampatti,Kodaikanal,Dindigul,624102
1705,Tamil Nadu,"Mother Teresa Women's University, Kodaikanal",Ananthagiri 4th Street,Kodaikanal,Kodaikanal,Dindigul,624101
1706,Tamil Nadu,Mount Zion College of Engineering and Technology,"Pilivalam (PO),","Thirumayam (TK),","Pudukkottai,",Pudukkottai,622507
1707,Tamil Nadu,"MOUNT ZION COLLEGE OF NURSING (Inst. Code - 331), PUDUKKOTTAI",PILIVALAM POST,THIRUMAYAM TALUK,PUDUKKOTTAI,Pudukkottai,622507
1708,Tamil Nadu,"MRK POLYTECHNIC COLLEGE, CUDDALORE","KATTUMANNARLKOIL, CUDDALORE DT.",NATTARMANGALAM,KATTUMANNARLKOIL,Cuddalore,608301
1709,Tamil Nadu,Muna College of Education,"No.22/10, GummathPalli Street,",Parangipettai,Cuddalore-608 502.,Cuddalore,608502
1710,Tamil Nadu,MUNA INSTITUTE OF EDUCATION PARANGIPETTI,10 GUMMATH PALLI STREET,PARANGIPETTAI,PARANGIPETTAI,Cuddalore,608502
1711,Tamil Nadu,MURUGA POLYTECHNIC COLLEGE MELUR,Melur (Po),NA,Kallakurichi (Tk),Viluppuram,606201
1712,Tamil Nadu,MURUGAPPA POLYTECHNIC COLLEGE THIRUMULLAIVOIL,sathyamurthy nagar,avadi,chennai,Thiruvallur,600062
1713,Tamil Nadu,MURUGESAN INSTITUTE OF TECHNOLOGY KARUMAPURAM,"SALEM ATTUR MAIN ROAD, KARUMAPURAM POST, KARIPATTY",SALEM 636 106,SALEM,Salem,636106
1714,Tamil Nadu,MUSIRI INSTITUTE OF TECHNOLOGY M PUDUPATTI,"ANNAI NAGAR, THURAIYUR MAIN ROAD,","M.PUDUPATTI(P.O),",MUSIRI,Tiruchirappalli,621211
1715,Tamil Nadu,"Muslim Arts College, Thiruvithancode - 629 174, Kanyakumari Dist.","Muslim Arts college, No. 1, New Street,Thiruvithancode 629174",Thiruvithancode,Nagercoil,Kanniyakumari,627000
1716,Tamil Nadu,Muslim College of Education,No.1 New Street,Thiruvitancode,Thiruvitancode,Kanniyakumari,629167
1717,Tamil Nadu,Muthayammal College of Arts & Science,Rasipuram (TK),"Namakkal (DT), PIN: 637 408",Namakkal,Namakkal,637408
1718,Tamil Nadu,MUTHAYAMMAL COLLEGE OF EDUCATION,"137/2A, 137/2B, Street No SH- 79",Kakkaveri village and Post,Rasipuram,Namakkal,637408
1719,Tamil Nadu,Muthayammal Engineering College,Kakkaveri,Rasipuram,Namakkal,Namakkal,637408
1720,Tamil Nadu,"Muthayammal Memorial College of Arts and Science, Rasipuram",Kakkaveri (Po),Rasipuram,Namakkal,Salem,637408
1721,Tamil Nadu,MUTHAYAMMAL POLYTECHNIC COLLEGE KAKKAVERI,"KAKKAVERI POST,RASIPURAM TALUK, NAMAKKAL DISTRICT",NA,RASIPURAM,Namakkal,637408
1722,Tamil Nadu,"MUTHAYAMMAL POLYTECHNIC INSTITUTION, NAMAKKAL",8/38-Kakkaveri,Attur Main Road,Rasipuram Taluk,Namakkal,637408
1723,Tamil Nadu,MUTHIAH POLYTECHNIC COLLEGE ANNAMALAINAGAR,MUTHIAH POLYTECHNIC COLLEGE,ANNAMALAINAGAR,CHIDAMBARAM,Cuddalore,608002
1724,Tamil Nadu,MUTHURAMASAMY ANDAL TEACHER TRAINING INSTITUTE FOR WOMEN PERAIYUR,S.Kottaipatti,Peraiyur Tk,Madurai Dt,Madurai,625527
1725,Tamil Nadu,"Muthurangam Govt.Arts College (autonomous),Vellore-632002","Otteri Road,",Bagayam,Vellore,Vellore,632002
1726,Tamil Nadu,MVM Chellamuthu Alagu Rathinam College of Education,"ANGU NAGAR, COLLECTORATE POST",BYE PASS ROAD,Dindigul,Dindigul,624004
1727,Tamil Nadu,N A MANJAMMAL POLYTECHNIC COLLEGE RAJAPALAYAM,M.P.K POST (VIA) - 626110,NA,RAJAPALAYAM,Virudhunagar,626110
1728,Tamil Nadu,N G M College,"90,Palaghat Road",Pollachi - 642 001,Coimbatore,Coimbatore,642001
1729,Tamil Nadu,N H SCHOOL OF NURSING NAGAPATTINAM,"3/134,MAINROAD,PUTHUR,NAGAPATTINAM","3//134,MAINROAD,PUTHUR,NAGAPATTINAM",NAGAPATTINAM,Nagapattinam,611106
1730,Tamil Nadu,N P R INST OF HOTEL MANAGEMENT AND CATERING TECHNOLOGY PUNNAPATTI,N P R NAGAR,"ULUPPAGUDI, PUNNAPATTI (POST)",NATHAM,Dindigul,624401
1731,Tamil Nadu,N P R POLYTECHNIC COLLEGE PUNNAPATTI,"N.P.R NAGAR, ULUPPAGUDI",PUNNAPATTI (POST),NATHAM,Dindigul,624401
1732,Tamil Nadu,"N.K.T.National College of Education for Women, (Autonomous)","No. 41, Dr. Besant Road,",Triplicane,Chennai 600 005,Chennai,600005
1733,Tamil Nadu,N.M INSTITUTE OF DIPLOMA MACHUVADI,"156, Srinivasa Nagar 5th Street",Machuvadi,Pudukkottai,Pudukkottai,622004
1734,Tamil Nadu,N.M. POLYTECHNIC COLLEGE PUDUKKOTTAI,"ITCHADI, VADAVALAM(POST)",PUDUKKOTTAI,PUDUKKOTTAI,Pudukkottai,622004
1735,Tamil Nadu,N.M.S. SERMATHAI VASAN COLLEGE FOR WOMEN,Periyar Nagar Road,Avaniyapuram,Madurai,Madurai,625012
1736,Tamil Nadu,N.M.S.S.V.N.COLLEGE,Nadar Mahajana Sangam S.Vellaichamy Nadar College,"Theni Main Road, Nagamalai,",Madurai,Madurai,625019
1737,Tamil Nadu,N.P.R. ARTS & SCIENCE COLLEGE,NPR NAGAR,NA,NATHAM,Dindigul,624401
1738,Tamil Nadu,"N.P.R. College of Engineering and Technology, Natham Village, Dindigul","Punnapati village, Uluppakudi(Post)",Natham,Natham,Dindigul,624401
1739,Tamil Nadu,"N.R. SCHOOL OF ARCHITECTURE, COIMBATORE","Kondampatti,",Kinathukadavu,Coimbatore,Coimbatore,641202
1740,Tamil Nadu,"N.S.N COLLEGE OF ENGINEERING AND TECHNOLOGY, KARUR",N.S.N. Kalvi Nagar,"Karur - Madurai NH-7, Manalmedu",Karur,Karur,639003
1741,Tamil Nadu,N.V. POLYTECHNIC COLLEGE SOMAVARAPATTI,SOMAVARAPATTI VILLAGE,"PETHAPPAMPATTI,UDUMALPET",UDUMALPET,Tiruppur,642205
1742,Tamil Nadu,"NACHIAPPA SWAMIGAL ARTS AND SCIENCE COLLEGE, KOVILOOR","Koviloor,(Near)Karaikudi",0,Karaikudi,Sivaganga,630307
1743,Tamil Nadu,NACHIAPPA SWAMIGAL POLYTECHNIC COLLEGE KOVILOOR,"KOVILOOR MADALAYAM, KOVILOOR,","KARAIKUDI (TK), SIVAGANGAI (DT) , PIN - 630 307.",KARAIKUDI,Sivaganga,630307
1744,Tamil Nadu,NACHIMUTHU POLYTECHNIC COLLEGE POLLACHI,MAKKINAMPATTI (POST),"UDUMALPET ROAD, POLLACHI 642003",POLLACHI,Coimbatore,642003
1745,Tamil Nadu,"NADAR MAHAJANA SANGAM VIMALA CHELLADURAI POLYTECHNIC COLLEGE, MALLAMPALAYAM, DHARAPURAM","MALLAMPALAYAM, CHINNADHARAPURAM (via), DHARAPURAM T.K",NA,DHARAPURAM,Tiruppur,639202
1746,Tamil Nadu,"NADAR MAHASANASANGAM TEACHER TRAINING INSTITUTE, NAGAMALAI, MADURAI","N.M.S.S.V.N. COLLEGE CAMPUS, THENI MAIN ROAD",NAGAMALAI PUDUKOTTAI,MADURAI,Madurai,625019
1747,Tamil Nadu,"Nadar Saraswathi College of Arts and Science, Theni","Post Box No.15, Annaji PO","Vadaputhupatti,",Theni,Theni,625531
1748,Tamil Nadu,Nadar Saraswathi College of Education,Nadar Saraswathi College of Educatiion,Vadaputhupatti,Theni,Theni,625531
1749,Tamil Nadu,NAGA SIVA POLYTECHNIC COLLEGE VIRATHANOOR,"VIRATHANOOR(POST), NEDUNGULAM",NA,MADURAI,Madurai,625009
1750,Tamil Nadu,NAGAMMAI TEACHER TRAINING INSTITUTE PERIYAR NAGAR,Periyar Centinary Educational Complex,Trichy - 620 021,Tiruchirappalli,Tiruchirappalli,620021
1751,Tamil Nadu,"Naina Mohamed College of Arts & Science, Rajendrapuram, Pudukkottai - 614 624.",RAJENDRAPURAM -614 624,RAJENDRAPURAM - 614 624,ARANTHANGI,Pudukkottai,614616
1752,Tamil Nadu,NAIRS TEACHER TRAINING INSTITUTE AMMANS NAGAR,No:1 Ammans Nagar II,NGGO Colony,Coimbatore,Coimbatore,641022
1753,Tamil Nadu,Nandha Arts and Science College,koorapalayam pirivu,pichandampalayam post,Erode,Erode,638052
1754,Tamil Nadu,Nandha College of Education,"28/4,3,2B, KOORAPALAYAM PIRIVU",PITCHANDAMPALAYAM POST - 638052,ERODE,Erode,638052
1755,Tamil Nadu,"NANDHA COLLEGE OF NURSING (Inst. Code - 261), ERODE",KOORAPALAYAM PIRIVU,"PITCHANDAMPALAYAM POST, ERODE",ERODE,Erode,638052
1756,Tamil Nadu,"NANDHA COLLEGE OF PHARMACY (Inst. Code - 051), ERODE",KOORAPALAYAM PIRIVU,PITCHANDAMPALAYAM POST,ERODE,Erode,638052
1757,Tamil Nadu,"NANDHA COLLEGE OF PHYSIOTHERAPY (Inst. Code - 098), ERODE",KOORAPALAYAM PIRIVU,PITCHANDAMPALAYAM POST ERODE,ERODE,Erode,638052
1758,Tamil Nadu,Nandha College of Technology,"VAIKKALMEDU, PITCHANDAMAPALAYM (PO)","PERUNDURAI, ERODE",ERODE,Erode,638052
1759,Tamil Nadu,Nandha Engineering College,"Pitchandampalayam Post, Vaikkalmedu",Erode Perundurai Road,Erode,Erode,638052
1760,Tamil Nadu,NANDHA POLYTECHNIC COLLEGE VEPPAMPALAYAM,"232, CHENNIMALAI PALAYAM ROAD",PITCHANDAM PALAYAM POST,ERODE-PERUNDURAI MAIN ROAD,Erode,638052
1761,Tamil Nadu,NANDHA TEACHER TRAINING INSTITUTE PITCHANDAM PALYAM,"KOORAPALAYAM PIRIVU,","PITCHANDAMPALAYAM POST, ERODE",ERODE,Erode,638052
1762,Tamil Nadu,NANJAPPA INSTITUTE OF TECHNOLOGY KARUMATHAMPATTI,PALANISAME RAVI NAGAR,KARUMATHAMPATTI,COIMBATORE,Coimbatore,641659
1763,Tamil Nadu,NANJIAH LINGAMMAL POLYTECH COLLEGE CHIKKADASAM PALAYAM,SIRUMUGAI ROAD,METTUPALAYAM,METTUPALAYAM,Coimbatore,641301
1764,Tamil Nadu,"NANJIL CATHOLIC COLLEGE OF ARTS AND SCIENCE, KALIYAKKAVILAI","Nedumcode, Kaliyakavilai, Kanyakumari",NA,Kaliyakkavilai,Kanniyakumari,629153
1765,Tamil Nadu,NARASIMMA PALLAVAN POLYTECHNIC COLLEGE THIMMA SAMUDRAM,THIMMASAMUDRAM VILLAGE,NEAR WHITE GATE,KANCHIPURAM,Kancheepuram,631502
1766,Tamil Nadu,Narasu's Sarathy Institute of Technology,Poosaripatty(PO),Omalur(TK),Salem - 636305,Salem,636305
1767,Tamil Nadu,Narayana Guru College of Engineering,"Chittadavu Estate, Manjalumoodu",Arumanai P.O,Kuzhithurai,Kanniyakumari,629151
1768,Tamil Nadu,NARAYANAGURU SIDDHARTHA COLLEGE OF ENGINEERING,"Athencode, Kulappuram Village, Methukummal Panchayat,",Near Padanthalumoodu,Kaliyakkavilai,Kanniyakumari,629194
1769,Tamil Nadu,NATESAN INSTITUTE OF CO-OPERATIVE MANAGEMENT,2377-A,IV Avenue,Annanagar,Chennai,600040
1770,Tamil Nadu,"National Arts and Science College, Trichy Road, Jayankondam, Ariyalur Dt. 621 802.",Trichy road,NA,jayankondam,Ariyalur,621802
1771,Tamil Nadu,National College of Education,"Neyveli Educational Trust Campus, Kumbakonam main road,","Keelakolai, marungur post, Panruti Taluk.",Panruti,Cuddalore,607103
1772,Tamil Nadu,National College of Engineerings,"MARUTHAKULAM, TIRUNELVELI",NA,TIRUNELVELI,Tirunelveli,627151
1773,Tamil Nadu,"National College, Tiruchirappalli - 620 001.",Dindigul Road,Karumandapam,Tiruchirapalli - 620 001.,Tiruchirappalli,620001
1774,Tamil Nadu,National Engineering College,K.R.NAGAR,KOVILPATTI,KOVILPATTI,Thoothukkudi,628503
1775,Tamil Nadu,"NATIONAL INSTITUTE OF FASHION TECHNOLOGY, CHENNAI","NIFT Campus, Rajiv Gandhi Salai,","Taramani, Chennai",Chennai,Chennai,600113
1776,Tamil Nadu,NATIONAL INSTITUTE OF POLYTECHNIC UDAYARPALAYAM,"JAYANKONDAM, KARADIKULAM-PO,","UDAYARPALAYAM-TK,ARIYALUR-DT-621802",JAYANKONDAM,Ariyalur,621802
1777,Tamil Nadu,"NATIONAL INSTITUTE OF SIDDHA (Inst. Code - 183), TAMBARAM SANITORIUM, CHENNAI",GST Road,"Tambaram, Sanatorium",Chennai,Chennai,600047
1778,Tamil Nadu,"National Institute of Technology, Tiruchirapalli",TIRUCHIRAPPALLI,TAMIL NADU,TIRUCHIRAPPALLI,Tiruchirappalli,620015
1779,Tamil Nadu,"Navalar Na. Mu. Venkatasamy Nattar Thiruvarul Kalloori, Thanjavur - 613 003","Kabilar Nagar,","Vennatrankarai, Palliagraharam",Thanjavur - 613 003,Thanjavur,613003
1780,Tamil Nadu,Navarasam Arts and Science College For Women,Arachalur,Arachalur(Po),Erode,Erode,638101
1781,Tamil Nadu,"NAVODHAYA COLLEGE OF EDUCATION , KRISHNAGIRI","NO:188/3,KODIYALAM,T.KOTHAPALLI","SEVAGANAPALLI(PO),HOSUR(TK)",HOSUR,Krishnagiri,635103
1782,Tamil Nadu,NAYAGI INSTITUTE OF NURSING VELLORE,VK ROAD PERNAMBUT,GUDIYATHAM,PERNAMBUT,Vellore,635810
1783,Tamil Nadu,NAZARETH COLLEGE OF ARTS AND SCIENCE,Kovilpathagai Main Road,"Kanadaplayam, Avadi",Chennai,Chennai,600062
1784,Tamil Nadu,Nazareth College of Education for Women,"Kovilpathagai Main Road, Kannadapalayam,","Avadi, Chennai-62",Chennai,Chennai,600062
1785,Tamil Nadu,"Nazareth Margoschis College, Pillaiyanmanai, Nazareth - 628 617, Thoothukudi Dist",NAZARETH MARGOSCHIS COLLEGE AT PILLAIYANMANAI,PILLAIYANMANAI,NAZARETH,Thoothukkudi,628617
1786,Tamil Nadu,NAZIA COLLEGE OF ARTS & SCIENCE,Sethu Institute of Engineering Technology Campus,S.Kallupatti,Kariapatti,Virudhunagar,626106
1787,Tamil Nadu,NDM TEACHER TRAINING INSTITUTE KAGITHAPATTADAL,"No,45 Lic colony",Kagithapattadai,Vellore,Vellore,632012
1788,Tamil Nadu,Nehru Arts and Science College,"""Nehru Gardans""",Thirumalayampalayam,Coimbatore - 641 105,Coimbatore,641105
1789,Tamil Nadu,NEHRU COLLEGE OF AERONAUTICS & APPLIED SCIENCES COIMBATORE,"451 D, Palakkad Main Road,",Kuniyamuthur,Coimbatore,Coimbatore,641008
1790,Tamil Nadu,Nehru College of Management,Nehru Gardens,Thirumalayam Paalayam,Coimbatore - 641 105,Coimbatore,641105
1791,Tamil Nadu,"NEHRU COLLEGE OF NURSING (Inst. Code - 326), TRICHIRAPALLI","S.F NO.440/2B, INAMKULATHUR,","TRICHY-DINDIGUL ROAD,",TRICHIRAPALLI,Tiruchirappalli,621303
1792,Tamil Nadu,"NEHRU COLLEGE OF NURSING (Inst. Code - 555), TRICHY","S.F.No.440/2B, Inamkulathur, Trichy-Dindigul Road, Trichy-621 303",NA,Tiruchirappalli,Tiruchirappalli,621303
1793,Tamil Nadu,Nehru Institute of Engineering and Technology,Nehru Gardens,Thirumalayampalayam,Coimbatore,Coimbatore,641105
1794,Tamil Nadu,Nehru Institute of Information Technology and Management,Nehru Gardens,T.M Palayam,Coimbatore,Coimbatore,641105
1795,Tamil Nadu,Nehru Institute of Management Studies,NEHRU GARDENS,THIRUMALAYAMPALAYAM,COIMBATORE,Coimbatore,641105
1796,Tamil Nadu,NEHRU MEMORIAL COLLEGE OF EDUCATION,"1/1.College Road, Abinimangalam",Musiri Taluk,Trichy,Tiruchirappalli,621007
1797,Tamil Nadu,"Nehru Memorial College, Puthanampatti - 621 007.",Puthanampatti (Post),Musiri (Taluk),Tiruchirappalli,Tiruchirappalli,621007
1798,Tamil Nadu,"NEHRU NURSING COLLEGE (Inst. Code - 210), VALLIOOR, TIRUNELVELI","POST.BOX.NO.3,NEHRU NAGAR","TIRUCHENDUR ROAD,",VALLIOOR,Tirunelveli,627117
1799,Tamil Nadu,Nehru School of Architecture,451 D Nehru College Campus,Palakkad Main Road,"Kuniamuthur,Coimbatore-641008",Coimbatore,641008
1800,Tamil Nadu,NELLIANDAVAR INSTITUTE OF TECHNOLOGY,NERUNJIKORAI,PUDHUPALAYAM,ARIYALUR-6,Ariyalur,621704
1801,Tamil Nadu,"Nesamony Memorial Christian College, Marthandam - 629 165, Kanyakumari Dist.",Marthandam,NA,NA,Kanniyakumari,629165
1802,Tamil Nadu,"Nethaji Subash Chandra Bose College, Thiruvarur- 614 001.",Kaveri Nagar,Senthamangalam,Thiruvarur,Thiruvarur,610001
1803,Tamil Nadu,NETHAJI SUBASH CHANDRA BOSE POLYUTECHNIC COLLEGE KEELAKAVATHUKUDY,"Mahatma Gandhi nagar,",Senthgamangalam,Tiruvarur,Thiruvarur,610001
1804,Tamil Nadu,NEW CAPE POLYTECHNIC COLLEGE BOOTHAPANDY,NEAR MUPPANDAL,ARALVOIMOZHY,NAGERCOIL,Kanniyakumari,629301
1805,Tamil Nadu,NEW COLLEGE,Association Gardens,"No: 87, Peters Road, Royapettah",Chennai,Chennai,600014
1806,Tamil Nadu,New Ideal College of Education,"Chettiyuranipatti , Poolangulathupatti (Post)","Ramjee Nagar(Via),",Trichy - 620 009,Tiruchirappalli,620009
1807,Tamil Nadu,New Millennium College of Education,Kumarapettai,Pathirikuppam Post,Cuddalore,Cuddalore,607401
1808,Tamil Nadu,NEW PRINCE SHRI BHAVANI ARTS AND SCIENCE COLLEGE,"PATEL ROAD,","MEDAVAKKAM,",CHENNAI - 100,Chennai,600100
1809,Tamil Nadu,New Prince Shri Bhavani College of Engineering and Technology,"Vengaivasal Main Road, Gowrivakkam",NA,Chennai,Kancheepuram,600073
1810,Tamil Nadu,Newton College of Education,Pappakoil,Nagapattinam,Nagapattinam,Nagapattinam,611001
1811,Tamil Nadu,"NICHI-IN-CENTRE FOR REGENERATIVE MEDICINE (NCRM),","C30, III Floor, LOYOLA-ICAM College of Engineering and Technology (LICET)","Loyola College Campus, Nungambakkam",Chennai,Chennai,600034
1812,Tamil Nadu,NIFT-TEA College of Knitwear Fashion,"East of TEKIC, TEA Nagar",Mudalipalayam,Tiruppur,Tiruppur,641606
1813,Tamil Nadu,"NIGHTINGALE INSTITUTE OF NURSING EDUCATION (Inst. Code - 302), COIMBATORE","MGR NAGAR MADUKKARAI MARKET ROAD,MADUKKARAI",NA,COIMBATORE,Coimbatore,641105
1814,Tamil Nadu,"NILGIRI COLLEGE OF ARTS AND SCIENCE, THE NILGIRIS","THALOOR, KONNACHAL POST, 643239.","THALOOR, KONNACHAL POST, 643239.",NIL,The Nilgiris,643239
1815,Tamil Nadu,Nirmala College for Women,Red Fields,Coimbatore-641 018,Coimbatore,Coimbatore,641018
1816,Tamil Nadu,"NITRA INSTITUTE OF SLEEP SCIENCES (Inst. Code - 513), CHENNAI",Door No. 29 Plot No. 1997,"J block, 13th Main Road","Annanagar, Chennai",Chennai,600040
1817,Tamil Nadu,NKR Government Arts College for Women,N.K.R. GOVT. ARTS COLLEGE FOR WOMEN,TRICHY ROAD,NAMAKKAL,Namakkal,637001
1818,Tamil Nadu,"NKT TEACHER TRAINING INSTITUTE , CHENNAI","No.41,Dr.Besant Road",Triplicane,Chennai,Chennai,600005
1819,Tamil Nadu,NMS SVN College of Education,"Theni main road,","Nagamalai,",Madurai,Madurai,625019
1820,Tamil Nadu,"Noorul Islam Centre for Higher Education, Kanyakumari","Noorul Islam Centre for Higher Education,Kumaracoil,Thucklay","K.k dist, 629180",Nagercoil,Kanniyakumari,629180
1821,Tamil Nadu,"Noorul Islam College of Arts & Science, Kumaracoil, Thuckalay 629 175, Nagercoil.","Kumaracoil, Villukuri P.O, 629180, Thuckalay, K.K. District.",-,Nagercoil,Kanniyakumari,629180
1822,Tamil Nadu,NOORUL ISLAM POLYTECHNIC COLLEGE THIRUVITHAMCODE,PUNKARAI,THIRUVITHAMCODE,NAGERCOIL,Kanniyakumari,629174
1823,Tamil Nadu,"NOVA TEACHER TRAINING INSTITUTE . SELVAPURAM, , COIMBATORE","Selvapuram, Jothipuram (post), Coimbatore- 641047","Selvapuram, Jothipuram (post), Coimbatore-641047",coimbatore,Coimbatore,641047
1824,Tamil Nadu,NPA CENTENARY POLYTECHNIC COLLEGE,SAKTHI MALAI,NA,KOTAGIRI - 643217,The Nilgiris,643217
1825,Tamil Nadu,"NPV ARTS AND SCIENCE COLLEGE, CUDDALORE","thenpathi,",srimushnam,srimushnam (post),Cuddalore,608703
1826,Tamil Nadu,O.P.R Memorial College of Education,Suddha Sanmarga Nilayam,"Neyveli Main Road, Vadalur - 607 303.",Vadalur,Cuddalore,607303
1827,Tamil Nadu,"O.P.R. MEMORIAL COLLEGE OF PARA MEDICAL SCIENCES (Inst. Code - 338), CUDDALORE","NEYVELI MAIN ROAD, VADALUR-607 303","NEYVELI MAIN ROAD, VADALUR-607 303",VADALUR,Cuddalore,607303
1828,Tamil Nadu,O.P.R. MEMORIAL INSTITUTE OF TEACHER TRAINING VADALUR,"Nyeveli Main Road,",Nil,Vadalur - 607 303,Cuddalore,607303
1829,Tamil Nadu,OAS Institute of Technology and Management Group of Institutions (New),Tiruchy -Thraiyur Main Road,PULIVALAM,Tiruchirappalli District,Tiruchirappalli,621006
1830,Tamil Nadu,"Odaiaappa Engineering College, Theni",P.T.R.Palanivelrajan Nagar,Vadapudhupatti Panchayathu,Theni - 625 531,Theni,625531
1831,Tamil Nadu,"OM MURUGA COLLEGE OF ARTS AND SCIENCE , SINGIRIPATTI","Neethipuram Road, Kolathur - Post","Mettur Taluk, Salem District",Mettur,Salem,636303
1832,Tamil Nadu,"OM SAKTHI COLLEGE OF NURSING (Inst. Code - 324), DHARMAPURI","A REDDIHALLI, SOGATHUR VILLAGE, PENNAGARMA MAIN ROAD, DHARMAPURI 636801",OM SAKTHI HOSPITAL NO 4 SENGODIPURAM DHARMAPURI 636701,DHARMAPURI,Dharmapuri,636801
1833,Tamil Nadu,OM SHANTHI TEACHER TRAINING INSTITUTE GOVINDUMETT PERAMBUDUR,"Govindamettu Street,","No.51, Nemili, Valarpuram post, Sriperumbudur",Sriperumbudur,Kancheepuram,602105
1834,Tamil Nadu,Om Shanti College of Education,"No.41, Govinda Mettu Street, Sriperumbudur - 602 105.","No.51, Nemili, Sriperumbudur - 602 015.",Kanchipuram,Kancheepuram,602105
1835,Tamil Nadu,"OMAYAL ACHI COLLEGE OF NURSING (Inst. Code - 045), CHENNAI","NO:45, AMBATTUR ROAD,","PUZHAL,",CHENNAI,Chennai,600066
1836,Tamil Nadu,"OMAYAL ACHI COLLEGE OF NURSING (Inst. Code - 375), CHENNAI","NO: 45, AMBATTUR ROAD, PUZHAL, CHENNAI-66",NA,CHENNAI,Chennai,600066
1837,Tamil Nadu,Omm Muruga College of Education,"No.136, Pottaveli","Kurinjipadi, Cuddalore",Cuddalore,Cuddalore,607302
1838,Tamil Nadu,"OOA-MAVMM SCHOOL OF MANAGEMENT, MADURAI","8/226, Alagarkovil - Melur Road, Kidaripatti Post",Alagarkovil Via,Madurai,Madurai,625301
1839,Tamil Nadu,OOLIYASTHANAM TEACHER TRAINING INSTITUTE,"38E, Tenkasi Road, Palayapettai, Gandhi Nagar, (Po),",Tirunelveli - 627008.,Tirunelveli,Tirunelveli,627008
1840,Tamil Nadu,ORIENTAL TEACHER TRAINING INSTITUTE UTHANGUDI NEAR MATTUTHAVANI BUS STAND,114-c Uthangudi,Near Mattuthavani Busstand,Madurai,Madurai,625107
1841,Tamil Nadu,OUR LADY DOLOURS TEACHER TRAINING INSTITUTE DINDIGUL,"Sub collector Office Road, Opposite to the court, Dindigul-1","Sub collector Office Road, Opposite to the court, Dindigul-1",Dindigul,Dindigul,624001
1842,Tamil Nadu,"OUR LADY OF HEALTH COLLEGE OF NURSING (Inst. Code - 305), THANJAVUR","VOC Nagar,Trichy Main Road, Thanjavr -613007","VOC Nagar,Trichy Main Road, Thanjavr -613007",Thanjavur,Thanjavur,613007
1843,Tamil Nadu,OUR LADY SCHOOL OF NURSING DINDIGUL,"ST. JOSEPH HOSPITAL, DINDIGUL,624001.","Trichy Road, Dindigul, 624001.",DINDIGUL,Dindigul,624001
1844,Tamil Nadu,Oxford College of Education,Pirattiyur,Karumandapam,Tiruchirappalli,Tiruchirappalli,620009
1845,Tamil Nadu,Oxford College of Engineering,VENMANI POLUR,NA,NA,Tiruvannamalai,606803
1846,Tamil Nadu,Oxford Engineering College,Pirattiyur,NA,Trichy,Tiruchirappalli,620009
1847,Tamil Nadu,"OXFORD TEACHER TRAINING INSTITUTE, TRICHY",Pirattiyur,Karumandapam,Tiruchirappalli,Tiruchirappalli,620009
1848,Tamil Nadu,P A C RAMASAMY RAJA POLYTECHNIC COLLEGE VENGANALLUR PANCHAYAT,KUMARASAMY RAJA NAGAR - POST,RAJAPALAYAM,RAJAPALAYAM,Virudhunagar,626108
1849,Tamil Nadu,P A POLYTECHNIC COLLEGE POLLACHI,"PALLADAM ROAD, PULIAMPATTI",POLLACHI - 642002,POLLACHI,Coimbatore,642002
1850,Tamil Nadu,P K R Arts College for Women,Post Box No.21,"127, PARIYUR ROAD",GOBICHETTIPALAYAM,Erode,638476
1851,Tamil Nadu,P M R Engineering College,Adayalampattu,Maduravoyal,Chennai,Thiruvallur,600095
1852,Tamil Nadu,P S B POLYTECHNIC COLLEGE THIRUPORUR,"NO:46,THAIYUR B VILLAGE",KELAMBAKKAM,CHENNAI,Kancheepuram,603103
1853,Tamil Nadu,"P S COLLEGE OF NURSING (Inst. Code - 301), KANYAKUMARI","Puthuvilai, Thalakulam","Puthuvilai, Thalakulam",Neyyoor,Kanniyakumari,629802
1854,Tamil Nadu,P S G POLYTECHNIC COLLEGE PEELAMEDU,PEELAMEDU,COIMBATORE-641004,COIMBATORE,Coimbatore,641004
1855,Tamil Nadu,P S N R A M POLYTECHNIC COLLEGE FOR GIRLS DEVADHANAM,"No. 5, Sankaranpillai Road",Post Box No. : 349,Tiruchirappalli,Tiruchirappalli,620002
1856,Tamil Nadu,P S R POLYTECHNIC COLLEGE APPAYANAYAKEN PATTI,APPAYANAYAKENPATTI,SEVALPATTI POST,SIVAKASI - 626 140,Virudhunagar,626140
1857,Tamil Nadu,P T LEE CHENGALVARAYA NAICKER POLYTECHNIC COLLEGE PURASAIWALKAM,NO: 2&3 EVK SAMPATH SALAI,"VEPERY, CHENNAI - 600007",Chennai,Chennai,600007
1858,Tamil Nadu,P V POLYTECHNIC COLLEGE PELAKUPPAM,"GINGEE ROAD,PELAKUPPAM VILLAGE",TINDIVANAM-604 001,TINDIVANAM,Viluppuram,604001
1859,Tamil Nadu,P.A. College of Education,"PALLADAM MAIN ROAD, PULIYAMPATTI","PALLADAM MAIN ROAD, PULIYAMPATTI",POLLACHI,Coimbatore,642002
1860,Tamil Nadu,P.A.College of Engineering and Technology,"Palladam Road, Puliampatti",Pollachi,Coimbatore,Coimbatore,642002
1861,Tamil Nadu,P.B. College of Engineering,"Chennai-Bangalore Highway, Irungkattukottai, Sriperumbudur(T.K)",NA,Chennai-602117,Kancheepuram,602117
1862,Tamil Nadu,P.D.R. Vellachiammal College of Education,"SEKKAMPATTI, HARUR-636 902","SEKKAMPATTI, HARUR-636 902",HARUR,Dharmapuri,636902
1863,Tamil Nadu,P.G.P College of Arts & Science,"NH-7, NAMAKKAL-KARUR MAIN ROAD, PARAMATHY,",NAMAKKAL DT-637207,NAMAKKAL,Namakkal,637207
1864,Tamil Nadu,"P.G.P. COLLEGE OF PHARMACEUTICAL SCIENCE & RESEARCH INSTITUTE (Inst. Code - 280), NAMAKKAL","NH 7, NAMAKKAL KARUR MAIN ROAD",NA,NAMAKKAL,Namakkal,637207
1865,Tamil Nadu,"P.G.P.COLLEGE OF NURSING & RESEARCH (Inst. Code - 230), NAMAKKAL","NH-7,NAMAKKAL,KARUR MAIN ROAD,NAMAKKAL","PGP EDUCATIONAL WELFARE SOCIETY,NO.57,STERLING RO/",NAMAKKAL,Namakkal,637207
1866,Tamil Nadu,P.K.D. College of Education,KULLAKKAPALAYAM PRIVU,"ACHIPATTI (p.o), POLLACHI",POLLACHI,Coimbatore,642002
1867,Tamil Nadu,P.K.D. TTI POLLACHI,"Kullakkapalayam Pirivu, Achipatti",NA,pollachi,Coimbatore,642002
1868,Tamil Nadu,P.K.N. COLLEGE OF ARTS & SCIENCE,Thirumangalam T.K,NA,Madurai District,Madurai,625706
1869,Tamil Nadu,P.M.T. COLLEGE,USILAMPATTI,NA,USILAMPATTI-625532,Madurai,625532
1870,Tamil Nadu,"P.M.T. College, Melaneelithanallur, Sankarankoil- 627 755.","A.R.P NAGAR,",MELANEELITHANALLUR,SANKARANKOVIL,Tirunelveli,627755
1871,Tamil Nadu,P.P.G TEACHER TRAINING INSTITUTE SARAVANAMPATTI,9/1 keeranatham Road,saravanampatti(po),coimbatore-35,Coimbatore,641035
1872,Tamil Nadu,P.P.G. College of Education,"9/1, Keeranatham Road",Saravanampatty Post,Coimbatore,Coimbatore,641035
1873,Tamil Nadu,"P.P.G. COLLEGE OF NURSING (Inst. Code - 154), COIMBATORE","9/1 Keeranatham pirivu,Saravanampatty",NA,Coimbatore,Coimbatore,641035
1874,Tamil Nadu,"P.P.G. COLLEGE OF PHYSIOTHERAPY (Inst. Code - 146), COIMBATORE",9/1 KEERANATHAM ROAD,SARAVANAMPATTI,COIMBATORE 35,Coimbatore,641035
1875,Tamil Nadu,P.R. Engineering College,"Thanjavur - Trichy Highways,","Vallam, Thanjavur - 613 403.",Thanjavur,Thanjavur,613403
1876,Tamil Nadu,P.S. MUTHU COLLEGE OF ARTS & SCIENCE,"Sukkangalpatty Main Road,",Chinnamanur(via),Chinnamanur,Theni,625540
1877,Tamil Nadu,P.S.A COLLEGE OF ATS AND SCIENCE (CO.ED),Naikanahalli (vill),Solaikottai (po),Dharmapuri,Dharmapuri,636704
1878,Tamil Nadu,P.S.G PONAMMAL TEACHER TRAINING INSTITUTE KANGAYAM,GOUNDAMPALAYAM,COVAI ROAD,KANGAYAM,Tiruppur,638701
1879,Tamil Nadu,"P.S.G. COLLEGE OF NURSING (Inst. Code - 109), COIMBATORE","Avinashi Road, Peelamedu Coimbatore 641 004 Tamil Nadu India.",NA,Coimbatore,Coimbatore,641004
1880,Tamil Nadu,"P.S.G. COLLEGE OF PARAMEDICAL SCIENCES (Inst. Code - 172), COIMBATORE","POST BOX NO.1674, PEELAMEDU, COIMBATORE-641004",NA,COIMBATORE,Coimbatore,641004
1881,Tamil Nadu,"P.S.G. COLLEGE OF PHARMACY (Inst. Code - 126), COIMBATORE",AVINASHI ROAD,PEELAMEDU,COIMBATORE,Coimbatore,641004
1882,Tamil Nadu,"P.S.G. INSTITUTE OF MEDICAL SCIENCES & RESEARCH (Inst. Code - 012), COIMBATORE","Post Box No 1674, Peelamedu",NA,Coimbatore-641004,Coimbatore,641004
1883,Tamil Nadu,P.S.G.PONNAMMAL POLYTECHNIC COLLEGE,goundampalayam,"coimbatore road,",kangayam,Tiruppur,638701
1884,Tamil Nadu,P.S.N INSTITUTE OF TECHNOLOGY MARUNGOOR,0,0,NAGERCOIL,Kanniyakumari,629402
1885,Tamil Nadu,P.S.N. POLYTECHNIC COLLEGE -MELATHEDIYOOR,MELATHEDYOOR,PALAYAMKOTTAI,TIRUNELVELI,Tirunelveli,627152
1886,Tamil Nadu,"P.S.N.A. College of Engineering and Technology, Dindigul",KOTHANDARAMAN NAGAR,DINDIGUL 624 622,DINDIGUL,Dindigul,624622
1887,Tamil Nadu,P.S.R.Engineering College,APPAYANAICKENPATTY,SEVALPATTI,SIVAKASI,Virudhunagar,626140
1888,Tamil Nadu,P.S.R.Rengasamy College of Engineering for Women,"Appayanaickenpatti,Sevalpatti,Sivakasi-626140","Appayanaickenpatti,Sevalpatti,Sivakasi-626140",Sivakasi,Virudhunagar,626140
1889,Tamil Nadu,P.S.V.College of Engineering and Technology,"Mittapalli, Balinayanapalli Post",NA,Krishnagiri,Krishnagiri,635108
1890,Tamil Nadu,P.S.Y. College of Education,Thirumonsolai(Post),"Arasanoor,Sivaganga(Dist)",Sivaganga,Sivaganga,630561
1891,Tamil Nadu,P.T. Lee Chengalvaraya Naicker College of Engineering and Technology,"Oovery, Chengalvaraya Naicker Nagar",Veliyur Post,Kancheepuram,Kancheepuram,631502
1892,Tamil Nadu,Paavaai Group of Institutions,"Paavai Vidhya Nagar, NH-7,R.Puliyampatti,","Puduchatram(Post), Namakkal-637 018",Namakkal,Namakkal,637018
1893,Tamil Nadu,Paavai College of Education,"PAAVAI NAGAR, NH-7",PACHAL,NAMAKKAL,Namakkal,637018
1894,Tamil Nadu,Paavai College of Engineering,"NH 7, Pachal",NA,Namakkal,Namakkal,637018
1895,Tamil Nadu,Paavai Engineering College,"Paavai Nagar,NH-7",Pachal,Namakkal,Namakkal,637018
1896,Tamil Nadu,PAAVAI POLYTECHNIC COLLEGE PACHAL,"NH-7, Paavai Nagar",Pachal,Namakkal,Namakkal,637018
1897,Tamil Nadu,Paavendar College of Arts & Science,Manivizhundhan south,Attur (tk),Salem,Salem,636121
1898,Tamil Nadu,PAAVENDHAR POLYTECHNIC COLLEGE MINIVIZHUNDHAN SOUTH,"MANIVIZHUNDHAN SOUTH,","ATTUR TK, SALEM DT,PIN 636121",SALEM,Salem,636121
1899,Tamil Nadu,PACHAIYAPPAS COLLEGE CHENNAI,"113, EVR PERIYAR HIGH ROAD",SHENOY NAGAR,CHENNAI,Chennai,600030
1900,Tamil Nadu,PACHAIYAPPAS COLLEGE FOR MEN,Periyar Nagar,Little Kanchipuram,Kanchipuram,Chennai,631501
1901,Tamil Nadu,PACHAIYAPPAS COLLEGE FOR WOMEN,"Vegavathi nathi road, Kanchipuram - 631501",---,Kanchipuram,Chennai,631501
1902,Tamil Nadu,Pachamuthu College of Arts & Science for Women,krishnagiri main road,old dharmapuri,Dharmapuri-636 701,Dharmapuri,636701
1903,Tamil Nadu,Pachamuthu College of Education,Krishnagiri main Road,Hale Dharmapuri(P.O),Dharmapuri,Dharmapuri,636701
1904,Tamil Nadu,PADALESUWARAR POLYTECHNIC COLLEGE MANJAKUPPAM,"K.K.NAGAR, VANNARAPALAYAM",NA,CUDDALORE,Cuddalore,607001
1905,Tamil Nadu,"PADMASHRI Dr. SIVANTHI ADITANAR COLLEGE OF NURSING (Inst. Code - 468), THOOTHUKUDI","PADMASHRI DR.SIVANTHI ADITANAR COLLEGE OF NURSING , TIRUCHENDUR (TK),THOOTHUKUDI(DIST)","73I,PDMASHRI DR. SIVANTHI ADITANAR STAFF QUARTERS,TIRUCHENDUR(TK),THOOTHUKUDI (DIST),628215.",TIRUCHENDUR,Thoothukkudi,628215
1906,Tamil Nadu,"PADMASREE COLLEGE OF NURSING (Inst. Code - 287), KANCHEEPURAM",Padmasree College of Nursing,"No.20A, Masilamani Nagar, Walajabad, Kanchipuram Dt., 631605",Walajabad,Kancheepuram,631605
1907,Tamil Nadu,"PADMASREE COLLEGE OF NURSING (Inst. Code - 379), KANCHEEPURAM","No.20A, Masilamani Nagar, Walajabad - Kanchipuram Main Road,","Walajabad, Kanchipuram Dt., - 631605",Kanchipuram,Kancheepuram,631605
1908,Tamil Nadu,Padmavani Arts & Science College for (W),"Opp, Periyar University",Kottagoundampatty post,Salem,Salem,636011
1909,Tamil Nadu,Padmavani College of Education,opp. periyar University Salem,Salem-636011,Salem,Salem,636011
1910,Tamil Nadu,"PADMAVATHI COLLEGE OF NURSING (Inst. Code - 088), DHARMAPURI",Periyanahalli,Dharmapuri,Dharmapuri,Dharmapuri,635205
1911,Tamil Nadu,"PADMAVATHI COLLEGE OF PHARMACY (Inst. Code - 104), DHARMAPURI",KRISHNAGIRI MAIN ROAD,PERIYANAHALLI,DHARMAPURI,Dharmapuri,635205
1912,Tamil Nadu,"PADMAVATHI COLLEGE OF PHYSIOTHERAPY (Inst. Code - 089), DHARMAPURI",Periyanahalli Post,Palacode Taluk,Dharmapuri,Dharmapuri,635205
1913,Tamil Nadu,PALANIAMMAL TEACHER TRAINING INSTITUTE POLLACHI,Valparai Main Road,Angalakurichi,Pollachi,Coimbatore,642007
1914,Tamil Nadu,Pallavan College of Education,"Melmonavoor, (NH-46)",Vellore Dt - 632 010.,Vellore,Vellore,632010
1915,Tamil Nadu,Pallavan College of Engineering,Thimmasamudram,Whitegate,Kanchipuram,Kancheepuram,631502
1916,Tamil Nadu,PALLAVAN POLYTECHNIC COLLEGE KOLIVAKKAM,KOLIVAKKAM,IYYENGARKULAM,KANCHIPURAM,Kancheepuram,631502
1917,Tamil Nadu,PANDIYAN POLYTECHNIC COLLEGE ADHIYUR VILLAGE,ADHIYUR VILLAGE,ELAVAMPATTI (PO),TIRUPATTUR,Vellore,635602
1918,Tamil Nadu,"Pandiyan Saraswathi Yadav Engineering College, Arasanoor, Sivagangai","Madurai - Sivagangai Road,",Arasanoor Village,Thirumansoali Post,Sivaganga,630561
1919,Tamil Nadu,Panimalar Engineering College,"Bangalore Trunk Road , Varadharajapuram ,Nazarethpet,Poonamallee,Chennai-600123",NA,Chennai,Thiruvallur,600123
1920,Tamil Nadu,Panimalar Institute of Technology,"391, BANGALORE TRUNK ROAD","VARADHARAJAPURM, NAZARETHPETTAI, POONAMALLEE",CHENNAI,Thiruvallur,600123
1921,Tamil Nadu,PANIMALAR POLYTECHNIC COLLEGE -,"23, Railway Colony II Street,","Nelson Manickam Road,",Chennai - 600 029.,Chennai,600029
1922,Tamil Nadu,"Pannai College of Engineering and Technology, Manamadurai, Sivagangai Dist","No.296,Keelakandani,Manamadurai Rd Sivagangai, 630561","Manamadurai Rd Sivagangai,","Sivagangai,",Sivaganga,630561
1923,Tamil Nadu,PANNAIKADU VEERAMMAL PARAMASIVAM COLLEGE,PVP NAGAR.K.SINGARAKOTTAI(PO) DINDIGUL-BATLAGUNDU HIGHWAY,"PVP NAGAR,K.SINGARAKOTTAI(PO),DINDIGUL-BATLAGUNDU-HIGHEAY",DINDIGUL,Dindigul,624708
1924,Tamil Nadu,"Pannaikkadu Veerammal Paramasivam College of Engineering and Technology for Women, Dindigul",PVP NAGAR,BATLAGUNDU DINDIGUL HIGHWAY,K.SINGARAKOTTAI,Dindigul,624708
1925,Tamil Nadu,Paramveer College of Education,"Paramvee Nagar ,",Pauparapatty post - 636 809,Dharmapuri,Dharmapuri,636809
1926,Tamil Nadu,PARAMVEER POLYTECHNIC COLLEGE PAPPARAPATTY,PAUPPARAPATTI,DHARMAPURI,DHARMAPURI,Dharmapuri,636809
1927,Tamil Nadu,Parasakthi College of Education,S.Kottaipatti - 625527,Sedapatti (Via),Peraiyur (Tk),Madurai,625527
1928,Tamil Nadu,"PARIMALA PANDURANGAN POLYTECHNIC COLLEGE, CHITHATHUR, WALAJAPET",55 CHITHATHUR VILLAGE,WALAJA,VELLORE,Vellore,632501
1929,Tamil Nadu,PARIMALA SCHOOL OF NURSING TUTICORIN,"2/115B, New Town, Iyaneri Post, Kovilpatti, Tuticorin-628502",NA,Kovilpatti,Thoothukkudi,628502
1930,Tamil Nadu,Parisutham Institute of Technology and Science,"NH-67,Ring Road",Nanjikottai,Thanjavur,Thanjavur,613006
1931,Tamil Nadu,Park College of Engineering and Technology,Avinashi Road (NH - 47),Kaniyur,Coimbatore,Coimbatore,641659
1932,Tamil Nadu,Park College of Technology,Prema Ravi Nagar,Karumathampatti,Coimbatore,Coimbatore,641659
1933,Tamil Nadu,PARK INSTITUTE OF ARCHITECTURE,NH-47 AVINASHI ROAD,KANIYUR,COIMBATORE,Coimbatore,641659
1934,Tamil Nadu,PARK TEACHER TRAINING INSTITUTE TIRUPUR,"KANIYUR,NH-47,AVINASHI ROAD",KARUMATHAMPATTI,COIMBATORE,Coimbatore,641659
1935,Tamil Nadu,Park's College,Chinnakarai,Tiruppur-641605,Tiruppur,Tiruppur,641605
1936,Tamil Nadu,PARVATHY ARTS & SCIECNE COLLEGE,Wisdom City,Begampur,Dindigul,Dindigul,624002
1937,Tamil Nadu,Paspo College of Education,"A.Jettihalli Post,",Dharmapuri Dt - 636 807.,Dharmapuri District.,Dharmapuri,636807
1938,Tamil Nadu,PASTOR LENSSEN POLYTECHNIC COLLEGE KUTHENKULY,LENSSEN NAGAR,KUTHENKULY,RADHAPURAM TK,Tirunelveli,627104
1939,Tamil Nadu,PASUMPON NETHAJI POLYTECHNIC COLLEGE MELANEELITHANALLUR,ARP NAGAR,MELANEELITHANALLUR,SANKARANKOVIL,Tirunelveli,627953
1940,Tamil Nadu,PATRICIAN COLLEGE OF ARTS AND SCIENCE,"Canal Bank Road, Gandhi Nagar",Adyar,Chennai,Chennai,600020
1941,Tamil Nadu,PATTAMMAL ALAGESAN COLLEGE OF ARTS AND SCIENCE,athur,chengalpattu,kanchipuram(dt),Chennai,603101
1942,Tamil Nadu,"PATTAMMAL SCHOOL OF NURSING, KUMBAKONAM","Sakkottai Post, Kumbakonam - 612 401","Sakkottai Post, Kumbakonam - 612 401",Kumbakonam,Thanjavur,612401
1943,Tamil Nadu,PATTUKKOTTAI POLYTECHNIC COLLEGE SANTHANKADU,PALAYAM,SANTHANKADU,PATTUKKOTTAI,Thanjavur,614601
1944,Tamil Nadu,"PAULS COLLEGE OF NURSING (Inst. Code - 330), VILLUPURAM","PAULS NAGAR, VANUR TALUK",VILLUPURAM DIST-605109,NA,Viluppuram,605109
1945,Tamil Nadu,Pavai Arts & Science College for Women,"NH-7,Anaipalayam.",Rasipuram-637 401.,Namakkal.,Namakkal,637401
1946,Tamil Nadu,Pavai College of Technology,"NH-7, SALEM-NAMAKKAL HIGHWAYS",PACHAL POST,NAMAKKAL,Namakkal,637018
1947,Tamil Nadu,PAVAI VARAM POLYTECHNIC COLLEGE PACHAL,"NH-7, PAAVAI NAGAR, PACHAL,",NA,NAMAKKAL,Namakkal,637018
1948,Tamil Nadu,Pavendar Bharathidasan College of Engineering and Technology,"Thanjai Natarajan Nagar ,Mathur, pudukottai road",Tirucharappali,Tirucharappali,Tiruchirappalli,620024
1949,Tamil Nadu,Pavendar Bharathidasan Institute of Information Technology,Thanjai Nataran Nagar,"Mathur,Pudukkottai Road,",Tiruchirappalli,Tiruchirappalli,620024
1950,Tamil Nadu,PAVENDAR BHARATHIDASAN POLYTECHNIC COLLEGE MATHUR,THANJAI NATARAJAN NAGAR,MATHUR,TIRUCHIRAPPALLI,Tiruchirappalli,620024
1951,Tamil Nadu,"Paventhar Bharathidasan College of Arts & Science, Pudukkottai - 622 515.",Thanjai Nataraj nagar,Mathur,pudhukottai,Pudukkottai,622515
1952,Tamil Nadu,Peace College of Education,"NH-7, Dindigul to Karur Main Road,","Sukkampatty Post, Vittalnayakkanpatty,",Dindigul Dt - 624 709.,Dindigul,624709
1953,Tamil Nadu,"PEDIATRIC EMERGENCY UNIT, INSTITUTE OF CHILD HEALTH AND HOSPITAL FOR CHILDREN (MMC) (Inst. Code - 416), CHENNAI",INSTITUTE OF CHILD HEALTH AND HOSPITAL FOR CHILDREN,"18, HALLS ROAD, EGMORE",CHENNAI,Chennai,600008
1954,Tamil Nadu,PEE GEE College of Arts & Science,"NH-7,KRISHNAGIRI MAIN ROAD","PERIYANAHALLI VILLAGE & POST, PALACODE TALUK",DHARMAPURI,Dharmapuri,635205
1955,Tamil Nadu,PEE GEE POLYTECHNIC COLLEGE NO,NO 7 KRISHNAGIRI MAIN ROAD,PERIYANAHALLI DHARMAPURI -635 205,DHARMAPURI,Dharmapuri,635205
1956,Tamil Nadu,Penial Rural College of Education,Parali Pudur,Vemparali,Natham Taluk,Dindigul,624405
1957,Tamil Nadu,"Perarignar Anna Science College, Dharugapuram, Sivagiri (TK) Tirunelveli - 627 755.","College Road,",Dharugapuram,Sivagiri TK - 627 755,Tirunelveli,627021
1958,Tamil Nadu,PERI Institute of Technology,West Tambaram,Mannivakkam,Chennai,Kancheepuram,600048
1959,Tamil Nadu,"Periyar Arts College,Cuddalore-607 001",Silver Beach Road,Devanampattinam,Cuddalore,Cuddalore,607001
1960,Tamil Nadu,PERIYAR CENTENARY POLYTECHNIC COLLEGE VALLAM,PERIYAR NAGAR,VALLAM - 613 403,THANJAVUR,Thanjavur,613403
1961,Tamil Nadu,"PERIYAR COLLEGE OF PHARMACEUTICAL SCIENCES FOR GIRLS (Inst. Code - 031), TIRUCHIRAPALLI",PERIYAR CENTENARY EDUCATIONAL COMPLEX,TIRUCHIRAPPALLI,TIRUCHIRAPPALLI,Tiruchirappalli,620021
1962,Tamil Nadu,"Periyar E.V.R. College, Tiruchirappalli - 620 023.",Khajamalai,Near Bharathidasan University Campus,Tiruchirappalli,Tiruchirappalli,620023
1963,Tamil Nadu,"Periyar Maniammal Institute of Science & Technoloyg, Thanjavur",Periyar Nagar,Vallam - 613 403,Thanjavur,Thanjavur,613403
1964,Tamil Nadu,PERIYAR TEACHER TRAINING INSTITUTE PERIYAR MALIGAI PUTHUR,Puthur,NA,Trichy-17,Tiruchirappalli,620017
1965,Tamil Nadu,"Periyar University College of Arts & Science,harur","PERIYAR UNIVERSITY COLLEGE OF ARTS AND SCIENCE COLLEGE, HARUR 636 903","GOVT.BOYS.HR.SEC.SCHOOL, CAMPUS",HARUR,Dharmapuri,636903
1966,Tamil Nadu,"Periyar University College of Arts & Science,mettur",Thermal Four Roads,Mettur - 636 401,NA,Salem,636401
1967,Tamil Nadu,"Periyar University College of Arts & Science,pappirettipatty",Pappireddippatti,Pappireddippatti TK,Dharmapuri,Dharmapuri,636905
1968,Tamil Nadu,"Periyar University College of Arts & Science,pennagaram",Mamarathupallam Village Thitthioppanahalli,Bedarahalli Post Indur Via,Pennagaram Taluk,Dharmapuri,636803
1969,Tamil Nadu,"PERIYAR UNIVERSITY COLLEGE OF ARTS AND SCIENCE, IDAPPADI","THANGAYUR VILLAGE, (POST)","IDAPPADI (TK),SALEM DISTRICT PIN -637102.","IDAPPADI, SALEM",Salem,637102
1970,Tamil Nadu,PERIYAR UNIVERSITY PG EXT CENTRE GOVERNMENT ARTS COLLEGE CAMPUS,Government Arts College Campus,NA,Dharmapuri,Dharmapuri,636705
1971,Tamil Nadu,"Periyar University, Salem",Periyar Palkalai Nagar,Salem - 636 011,Salem,Salem,636011
1972,Tamil Nadu,PET College of Teacher Education,Tiruchendur Road,Vallioor-627117,Vallioor,Tirunelveli,627117
1973,Tamil Nadu,PET Engineering College,Postbox No.6,Tiruchendur Road,Vallioor,Tirunelveli,627117
1974,Tamil Nadu,PET POLYTECHNIC COLLEGE ACHAMPADU,"TIRUCHENDUR ROAD,VALLIOOR-627117",TIRUNELVELI DISTRICT,VALLIOOR,Tirunelveli,627117
1975,Tamil Nadu,PGP College of Agricultural Sciences,Palaninagar,Vettambadi,Namakkal,Namakkal,637405
1976,Tamil Nadu,PGP college of Engineering and Technology,"NH 7 Namakkal - Karur Main Road,",Paramathi 637207,Namakkal,Namakkal,637207
1977,Tamil Nadu,PGP POLYTECHNIC COLLEGE,"NH-7,KARUR MAIN ROAD,NAMAKKAL-637207.",NA,NAMAKKAL,Namakkal,637207
1978,Tamil Nadu,Pioneer College of Arts and Science,Postbox No 7204,Jothipuram post,Periyanaickenpalayam,Coimbatore,641047
1979,Tamil Nadu,"Pioneer Kumaraswamy College, Vettoornimadam, Nagercoil - 629 003.",Vettoornimadam,Nagercoil - 3,Nagercoil,Kanniyakumari,629003
1980,Tamil Nadu,PIONEER SCHOOL OF NURSING RAMANATHAPURAM,pioneer hospital complex,"68,madurai road",Ramanathapuram,Ramanathapuram,623501
1981,Tamil Nadu,PMP College of Arts & Seience,Thokkampatti,Thokkampatti PO,Dharmapuri,Dharmapuri,636705
1982,Tamil Nadu,"PMT Memorial college, Kamuthi","P.T.M.T.M.COLLEGE,","KOTTAIMEDU POST,",Kamuthi - 623 604,Ramanathapuram,623604
1983,Tamil Nadu,Podhigai College of Engineering and Technology,"ADIYUR POST, VINAYAKAPURAM, TIRUPATTUR",NA,TIRUPATTUR,Vellore,635601
1984,Tamil Nadu,POLLACHI COLLEGE OF ARTS AND SCIENCE,"107/1B,MAIN ROAD",POOSARIPATTI,POLLACHI,Coimbatore,642205
1985,Tamil Nadu,POLLACHI INSTITUTE OF ENGINEERING AND TECHNOLOGY,"107/1B, Main Road",Poosaripatti,Pollachi,Coimbatore,642205
1986,Tamil Nadu,Ponjesly college of Education,Alamparai,Vetturnimadam Post,Nagercoil,Kanniyakumari,629003
1987,Tamil Nadu,Ponjesly College of Engineering,NEAR PARVATHIPURAM,NAGERCOIL,NAGERCOIL,Kanniyakumari,629003
1988,Tamil Nadu,Ponkaliamman College of Education,Panduthakaranpudur,Manmangalam (Post) & (Taluk),Karur,Karur,639006
1989,Tamil Nadu,Ponmari College of Education,POMMADIMALAI,NARTHAMALAI - POST,PUDUKKOTTAI,Pudukkottai,622101
1990,Tamil Nadu,Ponnaiyah Ramajayam College of Engineering and Technology,"TNJ-TRY HIGHWAY,",VALLAM,THANJAVUR,Thanjavur,613403
1991,Tamil Nadu,"Ponnaiyah Ramajayam Institute of Science & Technology, Thanjavur","NH-67, TRICHY-THANJAVUR HIGHWAYS",VALLAM,THANJAVUR,Thanjavur,613403
1992,Tamil Nadu,PONNAIYAH RAMAJAYAM POLYTECHNIC COLLEGE KEELAPALAYUR VILLAGE,KEELAPALAYAR,PATTEESWARAM,KUMBAKONAM - 612703,Thanjavur,612703
1993,Tamil Nadu,PONNAIYAH RAMAJAYAM POLYTECHNIC COLLEGE VALLAM,TRICHY THANJAVUR HIGHWAYS,"PREC CAMPUS , VALLAM",THANJAVUR-613403,Thanjavur,613403
1994,Tamil Nadu,Ponnusamy Nadar College of Education,"R,28,TNHB colony",ayappakkam,"chennai,77",Chennai,600077
1995,Tamil Nadu,"Poompuhar College, Melaiyur - 609 107.","College Main Road,",Melaiyur 609 107,Sirkali taluk,Nagapattinam,609107
1996,Tamil Nadu,"POONDI PUDHUMAI MADHA COLLEGE OF EDUCATION, TIRUCHIRAPPALLI","VENGANKUDI, SAMAYAPURAM, TRICHIRAPALLI DISCT, PIN- 621112","VENGANKUDI, SAMAYAPURAM, TRICHIRAPALI DISTRICT, PIN- 621112",TRICHIRAPALLI,Tiruchirappalli,621112
1997,Tamil Nadu,Pope John Paul II College of Education,"Mulagumoodu Post, Kanyakumari District",NA,Nagercoil,Kanniyakumari,629167
1998,Tamil Nadu,"Pope's College, Sawyerpuram - 628 251",Main Road,NA,Sawyerpuram,Kanniyakumari,628251
1999,Tamil Nadu,"Post Graduate Research Institute in Animal Sciences, Kattupakkam",Kattupakkam,Kattankalathur Post,Chennai,Kancheepuram,603203
2000,Tamil Nadu,"POTHIGAI POLYTECHNIC COLLEGE POTHIGAI NAGAR, PERAMBALUR","POTHIGAI NAGAR, ELAMBALUR ROAD, PERAMBALUR-621212",NA,PERAMBALUR,Perambalur,621212
2001,Tamil Nadu,PPG Business School,NH 209 SATHY ROAD,SARAVANAMPATTI POST,COIMBATORE-641035,Coimbatore,641035
2002,Tamil Nadu,PPG Institute of Technology,"NH-209, Sathy Road,","Saravanampatti Post,",Coimbatore - 641 035.,Coimbatore,641035
2003,Tamil Nadu,Prahar School of Architecture,"11/4 RVP Complex,4th cross, Bharathi Park Road, Saibaba Colony,",Coimbatore,Coimbatore,Coimbatore,641011
2004,Tamil Nadu,Prathyusha Institute of Technology and Management,"Poonamalle-Thiruvallur High Road,","Aranvoyal Kuppam,",Tiruvallur,Thiruvallur,602025
2005,Tamil Nadu,"PREETHI HOSPITAL (Inst. Code - 549), MADURAI","No.27, Ganesh Nagar, 120 Feet Road,",K. Pudur,Madurai,Madurai,625007
2006,Tamil Nadu,PRESIDENCY COLLEGE,"No.100, Kamarajar Salai",Triplicane,Chennai,Chennai,600005
2007,Tamil Nadu,Prime College of Architecture and Planning (New),Koohur Main Road,Kilvelur,Nagapattinam,Nagapattinam,611104
2008,Tamil Nadu,PRIME TEACHER TRAINING INSTITUTE KLLVELUR,"MAIN ROAD, KILVELUR","KOOHUR ROAD , KILVELUR",NAGAPPATTINAM,Nagapattinam,611104
2009,Tamil Nadu,Prince Dr. K. Vasudevan College of Engineering & Technology,MEDAVAKKAM-MAMBAKKAM ROAD,PONMAR,CHENNAI,Kancheepuram,600127
2010,Tamil Nadu,PRINCE POLYTECHNIC COLLEGE,"PUTHUPPAI NALROAD,",MULANUR,MULANUR,Tiruppur,638106
2011,Tamil Nadu,PRINCE SHRI VENKATESHWARA ARTS AND SCIENCE COLLEGE,venkateshwara nagar,gowrivakkam,chennai,Chennai,600073
2012,Tamil Nadu,Prince Shri Venkateshwara Padmavathy Engineering College,Medavakkam - Mambakkam Road,Ponmar,Chennai,Kancheepuram,600127
2013,Tamil Nadu,"PRIYADARSHINI DENTAL COLLEGE & HOSPITAL (Inst. Code - 271), TIRUVALLUR","NO.1 VGR NAGAR,PANDUR,THIRUVALLUR - 631203","19,GOVINDAN STREET,AYYVOO COLONY,AMINJIKARAI CHENNAI 29",CHENNAI,Thiruvallur,631203
2014,Tamil Nadu,Priyadarshini Engineering College,Janathapuram,Chettiyappanur Village & post,Vaniayambadi,Vellore,635751
2015,Tamil Nadu,PRIYADARSHINI POLYTECHNIC COLLEGE CHETTIYAPPANUR,"BHARATH NAGAR, CHETTIYAPPANUR (VILLAGE & POST)",VANIYAMBADI,VELLORE,Vellore,635751
2016,Tamil Nadu,PROF DHANAPALAN COLLEGE FOR WOMEN,"Old Mahabalipuram Road, Kelambakkam.",Chennai - 603 103.,Chennai,Chennai,603103
2017,Tamil Nadu,PROF. S.A. TEACHERS TRAINING INSTITUTE CHEMENCHERY,"1/145, sardar patal Road","IT Highway, OMR Chemmencherry",Chennai,Kancheepuram,600119
2018,Tamil Nadu,Prof. S.A.College of Education,"1/145, sardar patel road","Rajiv Gandhi salai, semmancherry",chennai,Chennai,600119
2019,Tamil Nadu,Professional Group of Institutions,K.N.Puram Post,"Palladam,Tirupur Dist",Coimbatore,Tiruppur,641662
2020,Tamil Nadu,Providence College for Women,"Spring Field Post,","Bandishola,",Coonoor.,The Nilgiris,643104
2021,Tamil Nadu,PSG College of Arts and Science,Civil Aerodrome Post,Avinashi Road,Coimbatore - 641 014,Coimbatore,641014
2022,Tamil Nadu,PSG College of Education,"Palanisamy Gounder Thottam,","Tiruchengode Road,","Sankari, Salem Dt-637 301.",Salem,637301
2023,Tamil Nadu,PSG College of Technology,Avinashi Road,Peelamedu,Coimbatore,Coimbatore,641004
2024,Tamil Nadu,"PSG INSTITUTE OF MEDICAL SCIENCES AND RESEARCH (Inst. Code - 446), COIMBATORE","Post Box No 1674,Peelamedu",-,Coimbatore,Coimbatore,641004
2025,Tamil Nadu,PSG INSTITUTE OF TECHNOLOGY AND APPLIED RESEARCH,NEELAMBUR,NA,COIMBATORE,Coimbatore,641062
2026,Tamil Nadu,PSGR Krishnammal College for Women,"Peelamedu, Coimbatore - 641 004.",NA,Coimbatore,Coimbatore,641004
2027,Tamil Nadu,PSN College of Education,"Melathediyoor Post,",Palayamkottai Taluk,Tirunelveli,Tirunelveli,627152
2028,Tamil Nadu,PSN College of Engineering and Technology,"Melathediyoor,","Palayamkottai Taluk,",Tirunelveli,Tirunelveli,627152
2029,Tamil Nadu,PSN Engineering College,"Melathediyoor, Palayamkottai, Tirunelveli. Dist","Melathediyoor, Palayamkottai, Tirunelveli. Dist",Palayamkottai,Tirunelveli,627152
2030,Tamil Nadu,PSN Institute of Technology and Science,Melathediyoor,Palayamkottai Taluk,Tirunelveli - 627152,Tirunelveli,627152
2031,Tamil Nadu,PSNL College of Education,"Mettamalai post, Sattur - 626203",NA,Sattur,Virudhunagar,626203
2032,Tamil Nadu,PSV College of Education,Mittapalli,Balinayanapalli post - 635108,Krishnagiri,Krishnagiri,635108
2033,Tamil Nadu,"PSV POLYTECHNIC COLLEGE MIRATUNILAI, PUDUKKOTTAI",MIRATTUNILAI POST,THIRUMAYAM TALUK,PUDUKKOTTAI,Pudukkottai,622201
2034,Tamil Nadu,"PTR College of Engineering, Madurai",Madurai - Thirumangalam High Road,"Thana Pandian Nagar,Near Kappalur",Madurai,Madurai,625008
2035,Tamil Nadu,PUNITHA ANNAL TEACHER TRAINING INSTITUTE FOR WOMEN KEERANUR,Railway Station Road,Keeranur,Pudukkottai,Pudukkottai,622502
2036,Tamil Nadu,Punitha ohm Arts and Science College for Women,"Kechilapuram, Pandavarmangalam Post, Kovilpatti",NA,Kovilpatti,Thoothukkudi,628502
2037,Tamil Nadu,Punitha Ohm College of Education,Pandavarmangalam post -628502,Kechilapuram,kovilpatti,Thoothukkudi,628502
2038,Tamil Nadu,Punitha Valanar College of Education,"VIRALI PATTI VILLAGE,",KOSAVAPATTY,DINDIGUL,Dindigul,624304
2039,Tamil Nadu,PURATCHI THALAIVAR DR. MGR TEACHER TRAINING INSTITUTE MADURAI N.H. ROAD,"3/44-3, Kalkinatruvalasai, Keelanagachi Po",Uchipuli 623534,Keelanagachi Panchayat,Ramanathapuram,623534
2040,Tamil Nadu,Puratchi Thalaivar Dr.M.G.R. College of Education,"Kalkinatruvalasai, Keelanagachi Panchayat,",Uchipuli 623534,Ramanathapuram,Ramanathapuram,623534
2041,Tamil Nadu,QUAID E MILLETH COLLEGE FOR MEN,"Tambaram - Velachery Road,","Medavakkam,",Chennai,Chennai,600100
2042,Tamil Nadu,QUAID E MILLETH GOVT COLLEGE FOR WOMEN,"No.74, Binny Road",Anna Salai,Chennai 600002,Chennai,600002
2043,Tamil Nadu,R K SAMY TEACHER TRAINING INSTITUTE BHARATHI NAGAR,Seyyalur,Ettivayal post,Ramanathapuram 623527,Ramanathapuram,623527
2044,Tamil Nadu,R M K College of Engineering and Technology,R S M NAGAR,PUDUVOYAL,GUMMIDIPOONDI TALUK,Thiruvallur,601206
2045,Tamil Nadu,"R V S DENTAL COLLEGE AND HOSPITAL (Inst. Code - 274), COIMBATORE",RVS DENTAL COLLEGE & HOSPITAL,"242B, TRICHY ROAD",KANNAMPALAYAM,Coimbatore,641402
2046,Tamil Nadu,R V S POLYTECHNIC COLLEGE KANNAMPALAYAM,KUMARAN KOTTOM CAMPUS,"KANNAMPALAYAM, SULUR",COIMBATORE,Coimbatore,641402
2047,Tamil Nadu,R.C. TEACHER TRAINING INSTITUTE BHARATHIAR SALAI,"BHARATHIYAR SALAI, CANTONMENT, TRICHIRAPPALLI",- 620 001.,TRICHIRAPPALLI,Tiruchirappalli,620001
2048,Tamil Nadu,R.C. TEACHER TRAINING INSTITUTE TINDIVANAM,MARAKKANAM ROAD,PONDY-TINDIVANAM NH ROAD,TINDIVANAM,Viluppuram,604001
2049,Tamil Nadu,R.D.B. College of Education,SALIYAMANGALAM ROAD,PIN 614205,PAPANASAN,Thanjavur,614205
2050,Tamil Nadu,R.D.B. TEACHER TRAINING INSTITUTE PAPANASAM,SALIYAMANGALAM ROAD,PAPANASAM,THANJAVUR,Thanjavur,614205
2051,Tamil Nadu,"R.K. PARA MEDICAL COLLEGE (Inst. Code - 528), SALEM","330,Cuddalore Main Road",Near Bus Stand,Attur,Salem,636102
2052,Tamil Nadu,R.K. Samy College of Education,"Seyyaloor, Ettivayal Post",Via Chathirakudi,Ramanathapuram,Ramanathapuram,623527
2053,Tamil Nadu,R.K.R. College of Education,"P.B.No : 50, TIRUPUR ROAD",UDUMALPET - 642 126.,TIRUPUR,Coimbatore,642126
2054,Tamil Nadu,R.M.D Engineering College,"R.S.M. Nagar, Kavaraipettai",Gummidipoondi Taluk,Chennai,Thiruvallur,601206
2055,Tamil Nadu,R.M.K Engineering College,"R.S.M. Nagar, Kavaraipettai","Gummidipoondi Taluk,",-,Thiruvallur,601206
2056,Tamil Nadu,R.P.A. College of Education,"R.P. Nagar, Mamoottukadai","Viricode P.O, Kanyakumari District",Marthandam,Kanniyakumari,629165
2057,Tamil Nadu,"R.T.G. Arts &Science college ,Behind C.C.Road,Ettivadi,Polur-606 907G>",Murugapadi,CC Road,Polur,Tiruvannamalai,606907
2058,Tamil Nadu,"R.V.S COLLEGE OF NURSING (Inst. Code - 298), KANNAMPALAYAM, COIMBATORE","Kumaran Kottam Campus,kannampalayam,Coimbatore - 641402",NA,Coimbatore,Coimbatore,641402
2059,Tamil Nadu,"R.V.S. COLLEGE OF NURSING (Inst. Code - 080), SULAR, COIMBATORE","242-B, Trichy Road,Sulur",NA,Coimbatore - 641402,Coimbatore,641402
2060,Tamil Nadu,"R.V.S. COLLEGE OF PHARMACEUTICAL SCIENCES (Inst. Code - 079), COIMBATORE","242-B, Trichy Road",Sulur,Coimbatore,Coimbatore,641402
2061,Tamil Nadu,"R.V.S. COLLEGE OF PHYSIOTHERAPY (Inst. Code - 081), COIMBATORE","242-B, TRICHY ROAD, SULUR, COIMBATORE",NA,Sulur,Coimbatore,641402
2062,Tamil Nadu,"R.V.S. HOMOEOPATHIC MEDICAL COLLEGE (Inst. Code - 212), COIMBATORE","242-B, Trichy Road, Sulur, Coimbatore - 641402","242-B, Trichy Road, Sulur, Coimbatore - 641402",Coimbatore,Coimbatore,641402
2063,Tamil Nadu,R.V.S. School of Architecture,"Kumaran Kottam Campus,","Trichy Road, Kannampalayam,",Coimbatore - 641 402.,Coimbatore,641402
2064,Tamil Nadu,"R.V.S. SIDDHA MEDICAL COLLEGE AND HOSPITAL (Inst. Code - 264), COIMBATORE","Kumarankottam, Kannampalayam, Sulur",0,Coimbatore,Coimbatore,641402
2065,Tamil Nadu,R.V.S. TEACHER TRAINING INSTITUTE R.V.S NAGAR,KUMARAN KOTTAM CAMPUS,"KANNAMPALAYAM, SULUR",COIMBATORE - 641402,Coimbatore,641402
2066,Tamil Nadu,R.V.S.College of Education,RVS NAGAR,KARUR ROAD,DINDIGUL,Dindigul,624005
2067,Tamil Nadu,Raadhaa College of Education,"A.Jetti Halli Post,",Dharmapuri Dt,Dharmapuri Dt,Dharmapuri,636807
2068,Tamil Nadu,"RAAK Arts &Science College(c0-Ed),11 Perambi Road,Perambai,Villainaur post,VanurTaluk-605 110","No. 1, Baheer campus,","Perambai,",Villianur Post - 605110,Viluppuram,605110
2069,Tamil Nadu,RAASI POLYTECHNIC COLLEGE,"68/2,RASIPURAM-ATTUR MAIN ROAD,AAYILPATTY(PO)","RASIPURAM(TK), NAMAKKAL(DT)",NAMAKKAL,Namakkal,636202
2070,Tamil Nadu,"Rabiammal Ahamed Maideen College for Women, Thiruvarur - 610 002.",Off Vasan Nagar,NA,Thriuvarur,Thiruvarur,610001
2071,Tamil Nadu,Rabindharanath Tagore College of Education for Women,Veerachipalayam,Sankari West Post,Sankari,Salem,637303
2072,Tamil Nadu,"RAGAS DENTAL COLLEGE & HOSPITAL (Inst. Code - 023), CHENNAI","2/102, EAST COAST ROAD, UTHANDI, CHENNAI -600 119","2/102, EAST COAST ROAD, UTHANDI, CHENNAI-600 119",CHENNAI,Chennai,600119
2073,Tamil Nadu,"RAGAS SCHOOL OF NURSING, CHENNAI","2/102, East Coast Road, Uthandi-600119","2/102,East Coast Road, Uthandi-600119",Chennai,Kancheepuram,600119
2074,Tamil Nadu,Rainbow College of Education,KANNURPATTY ROAD,"PUDUCHATRAM, NAMMAKKAL TALUK",NAMAKKAL,Namakkal,637018
2075,Tamil Nadu,"Raja College of Engineering, Madurai",S.V.RAJA NAGAR,VEERAPANJAN,MADURAI,Madurai,625020
2076,Tamil Nadu,Raja Desingh College of Education,KALAIYUR & POST,GINGEE TK.,Gingee,Viluppuram,604206
2077,Tamil Nadu,RAJA DESINGH POLYTECHNIC COLLEGE KALAIYUR,"KALAIYUR & PO,GINGEE TK-604206",NA,NA,Viluppuram,604206
2078,Tamil Nadu,"Raja Doraisingam Government Arts College, Sivaganga",COLLEGE ROAD,NEAR MEDICAL COLLEGE,SIVAGANGA,Sivaganga,630561
2079,Tamil Nadu,Raja International Institute of Technology for Women,Ozhuginasery,Near Apta market,Nagercoil,Kanniyakumari,629001
2080,Tamil Nadu,RAJA SADHA BAKKIYAM TEACHER TRAINING SCHOOL UDAYARPALAYAM,Thularankurichi,Udayarpalayam PO &TK,Ariyalur,Ariyalur,621804
2081,Tamil Nadu,"Rajagiri Dawood Batcha College of Arts & Science, Papanasam, Thanjavur - 614 207.","Saliyamangalam Road,",Papanasam,Papanasam.,Thanjavur,614207
2082,Tamil Nadu,RAJAGOPAL POLYTECHNIC COLLEGE KONDASAMUDRAM,GANDHINAGAR,GUDIYATTAM,VELLORE,Vellore,632602
2083,Tamil Nadu,"Rajah Serfoji Government College, Thanjavur - 613 005.","Rajah Serfoji Government College, serfoji college (po), Thanjavur - 613 005.","Tamilnadu, india",Thanjavur,Thanjavur,613005
2084,Tamil Nadu,"Rajah's College, Thiruvaiyaru - 613 204.","SOUTH MAIN ROAD, THIRUVAIYARU - 613 204",THANJAVUR DISTRICT,THANJAVUR,Thanjavur,613204
2085,Tamil Nadu,RAJAJI INSTITUTE OF TECHNOLOGY VEERAPANDI,PERIYASEERAGAPADI(B.O),"VEERAPANDI(VIA), SALEM",SALEM,Salem,636308
2086,Tamil Nadu,Rajalakshmi College of Education,"1/261A,Thiruvalluvar nagar,","vagaikulam,muduvaithanenthal panchyat,",Thoothukudi,Thoothukkudi,628102
2087,Tamil Nadu,"RAJALAKSHMI COLLEGE OF NURSING (Inst. Code - 310), CHENNAI","Rajalakshmi Nagar,Thandalam","No:69,New Avadi Road,Kilpauk",Chennai,Chennai,602105
2088,Tamil Nadu,Rajalakshmi Engineering College,RAJALAKSHMI NAGAR,THANDALAM,CHENNAI,Kancheepuram,602105
2089,Tamil Nadu,Rajalakshmi Institute of Technology,Chennai Bangalore Highway,Kuthambakkam,Chennai - 600 124,Thiruvallur,600124
2090,Tamil Nadu,RAJALAKSHMI POLYTECHNIC COLLEGE -SOMASIPADI,"IYANGUNAM ROAD, SOMASIPADI",TIRUVANNAMALAI TALUK,TIRUVANNAMALAI,Tiruvannamalai,606611
2091,Tamil Nadu,RAJAMMAL RANGASAMY ELEMENTARY TTI TIRUCHENGODE,K.S.R KALVI NAGAR,THOKKAVADI,TIRUCHENGODE TK,Namakkal,637215
2092,Tamil Nadu,"RAJAMMAL SCHOOL OF NURSING, VELLORE",76 church st thiruvalluvar nagar gudiyattam road,pallikonda,vellore,Vellore,635809
2093,Tamil Nadu,RAJAPALAYAM DEIVANAI AMMAL TEACHER TRAINING INSTITUTE SALEM ROAD,"Elur Road, Kalangani Revenue Village, Namakkal Taluk","Elur Road, Kalangani Revenue Village, Namakkal Taluk",Namakkal,Namakkal,637018
2094,Tamil Nadu,Rajapalayam Deivanaiammal College of Education,Elur Road Kalangani Village Post Namakkal Taluk District,Elur Road Kalangani Village Post Namakkal Taluk District,Namakkal,Namakkal,637014
2095,Tamil Nadu,RAJAPALAYAM RAJU'S COLLEGE,Mudangiar Road,NA,RAJAPALAYAM,Virudhunagar,626117
2096,Tamil Nadu,Rajas College of Education,"Vadakkankulam,","Rajas nagar,",Tirunelveli District.,Tirunelveli,627116
2097,Tamil Nadu,"RAJAS DENTAL COLLEGE AND HOSPITAL (Inst. Code - 026), TIRUNELVELI",THIRURAJAPURAM,KAVALKINARU.JN-629105,KAVALKINARU.JN.,Tirunelveli,627105
2098,Tamil Nadu,RAJAS TEACHER TRAINING INSTITUTE VIDAKANGULAM,Rajas Nagar,Vadakkangulam,Vadakkangulam,Tirunelveli,627116
2099,Tamil Nadu,"Rajeshwari College of Arts &science for women ,Bommapalayam (village&post),Vanur Taluk-605 104ge",Bommayapalayam (Village),Vanur (Taluk),NA,Viluppuram,605104
2100,Tamil Nadu,RAJESWARI VEDACHALAM GOVT ARTS COLLEGE,G.S.T Road,Chengalpattu,Chengalpattu,Chennai,603001
2101,Tamil Nadu,Rajiv Gandhi College of Engineering,"Nemili,",Sriperumbudur - 602105,Chennai,Kancheepuram,602105
2102,Tamil Nadu,"Rajiv Gandhi National Instiute of Youth Development, Sriperumbudur","Chennai-Bangalore Highway, Pennalur",Sriperumbudur,Chennai,Kancheepuram,602105
2103,Tamil Nadu,RAMA PRABHA COLLEGE OF ARTS & SCIENCE,Arasanampatti (Post),Thottanuthu Via,Dindigul,Dindigul,624003
2104,Tamil Nadu,Ramakrishan Chandra College of Education,w1/289,k.g.patty,cumbum,Theni,625516
2105,Tamil Nadu,RAMAKRISHNA MISSION POLYTECHNIC COLLEGE CHENNAI,"66, P.S.SIVASAMY SALAI",MYLAPORE,CHENNAI 600 004,Chennai,600004
2106,Tamil Nadu,RAMAKRISHNA MISSION VIVEKANANDA COLLEGE,"70-72, P S Sivasami Salai",Mylapore,Chennai,Chennai,600004
2107,Tamil Nadu,"Ramasamy Tamil College, Karaikudi","Illupakkudi Raod,","Alagappapuram Post,",Karaikudi -630 003.,Sivaganga,630003
2108,Tamil Nadu,RAMCO INSTITUTE OF TECHNOLOGY,NORTH VENGANALLUR VILLAGE,KRISHNAPURAM PANCHAYAT,RAJAPALAYAM,Virudhunagar,626117
2109,Tamil Nadu,RAMU - SEETHA POLYTECHNIC COLLEGE,RAMU - SEETHA NAGAR,RAMU - SEETHA NAGAR,KARIAPATTI,Virudhunagar,626106
2110,Tamil Nadu,"RAMYA SATHIANATHAN COLLEGE OF EDUCATION , THANJAVUR","Plot/ Khasara No : 87/2D,Street No : 16,",Pudupatty Post &Village,Thanjavur-Tk,Thanjavur,613402
2111,Tamil Nadu,"RAMYA SATHIANATHAN POLYTECHNIC COLLEGE, SENGIPPATTY",SENGIPATTY- BUDHALUR ROAD,PUDUPATTI VILLAGE,SENGIPATTY,Thanjavur,613402
2112,Tamil Nadu,"RANE POLYTECHNIC TECHNICAL CAMPUS, TIRUCHIRAPPALLI","NO:82, SETHURAPATTI VILLAGE",FATIMA NAGAR(P.O),TIRUCHIRAPPALLI,Tiruchirappalli,620012
2113,Tamil Nadu,Ranganathan Architecture College,"REC Kalvi Nagar, Thondamuthur (Via)",Viraliyur (Post),Coimbatore,Coimbatore,641109
2114,Tamil Nadu,Ranganathan Engineering College,"REC Kalvi Nagar, Viraliyur (Post)",Thondamuthur (Via),Coimbatore - 641 109,Coimbatore,641109
2115,Tamil Nadu,"RANGANATHAN POLYTECHNIC COLLEGE JAHIRMAICKENPALAYAM, COIMBATORE",VIRALIYUR - POST,THONDAMUTHUR,coimbatore,Coimbatore,641109
2116,Tamil Nadu,"Rani Anna Government College for Women, Tirunelveli - 627 008",Gandhi Nagar,Tirunelveli,Tirunelveli,Tirunelveli,627008
2117,Tamil Nadu,Ranippettai Engineering College,Thenkadappanthangal,Walaja Taluk,Vellore,Vellore,632513
2118,Tamil Nadu,RANIPPETTAI INSTITUTE OF TECHNOLOGY WALAJA,THENKADAPPANTHANGAL,WALAJA TALUK,VELLORE,Vellore,632513
2119,Tamil Nadu,"RAO HOSPITAL (Inst. Code - 508), COIMBATORE","120,West Periasamy Road",R S Puram,Coimbatore,Coimbatore,641002
2120,Tamil Nadu,Rasama College of Education,"KARUR-ERODE MAIN ROAD, PAATHAKAALIAMMAN NAGAR,","VETTAMANAGALAM(PO), KARUR-639117",KARUR,Karur,639117
2121,Tamil Nadu,RASAMA TEACHER TRAINIING INSTITUTE PAATHAKALIAMMAN NAGAR VETTAMA,Paathakaliyamman nagar,Vettamangalam,Karur,Karur,639117
2122,Tamil Nadu,Rasi College of Education,"25/1B, THOTTIYAPATTI, C.S.PURAM.(POST) RASIPURAM 637401",NA,NAMAKKAL,Namakkal,637401
2123,Tamil Nadu,"RASS ACADEMY COLLEGE OF NURSING (Inst. Code - 228), SIVAGANGA",Pappanvalasai pirivu,Poovanthi,Poovanthi,Sivaganga,630611
2124,Tamil Nadu,Rathinam College of Arts and Science,"Rathinam Techzone Campus, Pollachi Road,",Eachanari,Coimbatore,Coimbatore,641021
2125,Tamil Nadu,"RATHINAM TECHNICAL CAMPUS, COIMBATORE","Rathinam Techzone Campus, Pollachi Road",Eachanari,Coimbatore,Coimbatore,641021
2126,Tamil Nadu,Rathinavel Subramaniam College,"242-B, KVK THOTTAM","TRICHY ROAD, SULUR POST",COIMBATORE,Coimbatore,641402
2127,Tamil Nadu,"RATHNA POLYTECHNIC COLLEGE, POLUR","POLUR-CHENGAM ROAD,","KANGAYANOOR PO&VIL, POLUR TK,",TIRUVANNAMALAI.,Tiruvannamalai,606803
2128,Tamil Nadu,RATNAVEL SUBRAMANIAM POLYTECHNIC COLLEGE KULATHUR,"RVS NAGAR,",KARUR ROAD,DINDIGUL,Dindigul,624005
2129,Tamil Nadu,RB GOTHI JAIN COLLEGE FOR WOMEN,"# 13, Sothupakkam Darkash Road,",Pulliline,Chennai,Chennai,600052
2130,Tamil Nadu,"RECT POLYTECHNIC COLLEGE SOUTH VIJAYANARAYANAM, TIRUNELVELI","Main Road, OPP INS Kattabomman",SOUTH VIJAYANARAYANAM,NA,Tirunelveli,627118
2131,Tamil Nadu,"REGIONAL INSTITUTE OF OPHTHALMOLOGY AND GOVT. OPHTHALMIC HOSPITAL, (MMC) EGMORE (Inst. Code - 416), CHENNAI","RUCKMANI LAKSHMIPATHY SALAI,",EGMORE,"CHENNAI, 600 008",Chennai,600008
2132,Tamil Nadu,REGIONAL LABOUR INSTITUTE ADYAR,"No.1, Sardar Patel Road,","Adyar, T.T.T.I.Post,",Chennai,Chennai,600113
2133,Tamil Nadu,"RENGNAYAHI VARATHARAJ COLLEGE OF ENGINEERING TECHNOLOGY, VIRUDHUNAGAR","SIVAKASI - SATTUR MAIN ROAD, THAYILPATTI VIA",SALVARPATTI VILLAGE,SIVAKASI,Virudhunagar,626128
2134,Tamil Nadu,"Research Centre for Molecular Biology,Department of Biotechnology,Christian Medical College","RESEARCH CENTRE FOR MOLECULAR BIOLOGY, CHRISTIAN MEDICAL COLLEGE,","CMC CAMPUS,",VELLORE,Vellore,632001
2135,Tamil Nadu,REV. JACOB MEMORIAL CHRISTIAN COLLEGE,"SHANTHIPURAM, AMBILIKKAI-624612",NA,ODDANCHATRAM,Dindigul,624612
2136,Tamil Nadu,Rev.John Thomas college of Education for women,S.No. 61 Udankudi Road,NA,Meignanapuram,Thoothukkudi,628210
2137,Tamil Nadu,"REVATHI COLLEGE OF NURSING, (Inst. Code - 623), Tiruppur","10,KUMAR NAGAR WEST",VALAYANKADU MAIN ROAD,TIRUPPUR,Tiruppur,641603
2138,Tamil Nadu,"REVATHI MEDICAL CENTER (Inst. Code - 500), TIRUPUR","10,KUMAR NAGAR WEST,",AVINASHI ROAD,TIRUPPUR,Tiruppur,641603
2139,Tamil Nadu,"RIGHT COLLEGE OF NURSING (Inst. Code - 293), VANAGARAM, CHENNAI","1/5, Chettiyar Agaram Road, Sivabootham Village, Vanagaram, Chennai -95","Shree Abirami Educational Trust, 2400A, 11th Mainroad, Anna nagar, Chennai - 40",Chennai,Chennai,600095
2140,Tamil Nadu,RKKR School Of Management Studies,"NH-47, SANKARI MAIN ROAD, ETTIMANICKAMPATTY","RAKKIPATTI POST, NEAR KAKKAPALAYAM",SALEM - 637 504,Salem,637504
2141,Tamil Nadu,RMP CSI PSK Rajaratnam Memorial College of Education,1-206/184.,THOPPUVALAM ROAD,SATTANKULAM,Thoothukkudi,628704
2142,Tamil Nadu,Roever College of Engineering and Technology,Elambalur(Po),Perambalur(Dt),Perambalur,Perambalur,621220
2143,Tamil Nadu,Roever Engineering College,Elambalur - Post,Perambalur - 621 220,Perambalur,Perambalur,621220
2144,Tamil Nadu,Roever Institute of Management,Elambalur - (Post),Perambalur - 621 212,Perambalur,Perambalur,621212
2145,Tamil Nadu,ROHINI COLLEGE OF ENGINEERING AND TECHNOLOGY,ANJUGRAMAM - KANYAKUMARI MAIN ROAD,"PALKULAM, VARIYOOR.PO",KANYAKUMARI,Tirunelveli,629401
2146,Tamil Nadu,ROSAMMAL TEACHER TRAINING INSTITUTION FOR WOMEN POOPALRAYER PURAM,"85/2C, POOBALARAYERPURAM",THOOTHUKUDI-628001,THOOTHUKUDI,Thoothukkudi,628001
2147,Tamil Nadu,"Rose Mary College of Arts & Science, Nagercoil Road, Muneerpallam Village, Tirunelveli",KONGANTHAN PARAI POST,NAGERCOIL ROAD,TIRUNELVELI,Tirunelveli,627007
2148,Tamil Nadu,Roseline College of Education,Victoria Nagar,Sivagangai,sivagangai,Sivaganga,630561
2149,Tamil Nadu,ROSELINE TEACHER TRAINING INSTITUTE VICTORIA NAGAR SHIVAGANGA,VICTORIA NAGAR,RC CHURCH OPPOSITE,SIVAGANGA,Sivaganga,630561
2150,Tamil Nadu,"ROYAL COLLEGE OF ARTS AND SCIENCE, MASILAPALAYAM","Masilapalayam,Mettur, Salem - 636452.","Masilapalayam,Mettur, Salem - 636452.",Mettur,Salem,636452
2151,Tamil Nadu,Royal College of Education,varattanapalli Road,Kattiyanapalli,Krishnagiri District.,Krishnagiri,635001
2152,Tamil Nadu,"ROYAL COLLEGE OF NURSING (Inst. Code - 388) , COIMBATORE",Marapalam,Madukkarai,Coimbatore,Coimbatore,641105
2153,Tamil Nadu,ROYAL POLYTECHNIC COLLEGE KULATHUR,Pudukkottai-Trichy NH Road,Kulathur,Pudukkottai,Pudukkottai,622504
2154,Tamil Nadu,ROYAL TEACHER TRAINNING INSTITUTE KATTINAYANAPALLI,"Varattanapalli Road,",KATTINAYANAPALLI (PO),KRISHNAGIRI,Krishnagiri,635001
2155,Tamil Nadu,Rrase College of Engineering,TAMBARAM - ORAGADAM HIGH ROAD,VANCHUCHERRY,PADAPPAI,Kancheepuram,601301
2156,Tamil Nadu,"RSK SCHOOL OF NURSING, TRICHY","No.6,Rangaa Complex,Chinthamani,Trichy","TS.NO:21,EAST CHINTHAMANI,TRICHY",TRICHIRAPPALLI,Tiruchirappalli,620002
2157,Tamil Nadu,"RSV SKIN & LASER CENTRE (Inst. Code - 582), CHENNAI",9/5 Mahalingam 2nd cross street,Mahalingapuram,Chennai,Chennai,600034
2158,Tamil Nadu,Ruben College of Arts and Science,"4-70F, Thadikkarankonam Junction",Thadikkarankonam,Nagercoil,Kanniyakumari,629851
2159,Tamil Nadu,Ruben College of Education,4-70 D& G,THADIKKARANKONAM,NAGERCOIL,Kanniyakumari,629851
2160,Tamil Nadu,Ruby College of Preceptors,"3, Bharathidasan street,","Thiruvalluvar Nagar, Palanganatham,",Madurai,Madurai,625003
2161,Tamil Nadu,Ruckmani college of Education,No 208 Tenkasi-Madurai National highway,Mangalapuram post,Kadayanallur,Tirunelveli,627751
2162,Tamil Nadu,RUDHRAVENI MUTHUSWAMY POLYTECHNIC COLLEGE PALAPPAMPATTI,PALAPPAMPATTI,S.V.MILL POST,UDUMALPET-642 128,Tiruppur,642128
2163,Tamil Nadu,RUKMANI TEACHER TRAINING SCHOOL KADAYANALLUR,no.208 tenksi-madurai national higway,mangalapuram post,kadayanallur,Tirunelveli,627751
2164,Tamil Nadu,RUKMINI SHANMUGAM POLYTECHNIC COLLEGE VARICHIYUR,RUKMINI SHANMUGAM POLYTECHNIC COLLEGE,VARICHIYUR,MADURAI,Madurai,625020
2165,Tamil Nadu,"RUSHA Department ,Christian Medical College.","RUHSA DEPARTMENT, CHRISTIAN MEDICAL COLLEGE,",RUHSA CAMPUS,VELLORE,Vellore,632209
2166,Tamil Nadu,RVREHA POLYTECHNIC COLLEGE,"K.R.Naidu Nagar,Paruvakudi (Village),Karivalamvandhanallur (Via)","Sankarankovil (Tk), Tirunelveli (Dt) - 627753",Sankarankovil,Tirunelveli,627753
2167,Tamil Nadu,RVS - KVK Institute of Business Management,DINDIGUL HIGHWAYS,INAMKULATHUR VILLAGE,TRICHY,Perambalur,621303
2168,Tamil Nadu,RVS - KVK School of Architecture (New),TIRUCHY - DINDIGUL HIGHWAY,INAMKULATHUR,THIRUCHIRAPPALLI,Tiruchirappalli,621303
2169,Tamil Nadu,RVS AGRICULTURAL COLLEGE,"RVS Agricultural college, Usilampatti village","Manayeripatti post, Sengipatti (via)",Thanjavur,Thanjavur,613402
2170,Tamil Nadu,RVS College of Computer Application,Kumaran Kottam Campus,Kannampalayam Post,Coimbatore 641402,Coimbatore,641402
2171,Tamil Nadu,RVS College of Education,"Kannampalayam,",Sulur,Coimbatotre-641402,Coimbatore,641402
2172,Tamil Nadu,RVS College of Engineering and Technology,"Kumaran Kottam Campus,","Trichy Main Road, Kannampalayam",Coimbatore,Coimbatore,641402
2173,Tamil Nadu,RVS Educational Trust's Group of Institutions,KUMARAN KOTTAM CAMPUS,KANNAMPALAYAM,COIMBATORE,Coimbatore,641402
2174,Tamil Nadu,RVS Institute of Management Studies,Kumaran Kottam Campus,"Kannampalayam Post, Sulur",Coimbatore,Coimbatore,641402
2175,Tamil Nadu,RVS PADMAVATHY SCHOOL OF ARCHITECTURE,"No13, Sethilpakkam Village,Roshanagaram Post, Madarpakkam, Gummidipoondi Taluk pin 601202",Thiruvallur district,Chennai,Chennai,601202
2176,Tamil Nadu,"RVS School of Engineering and Technology, Dindigul",RVS Nagar,V.Paraipatti post,Dindigul,Dindigul,624005
2177,Tamil Nadu,"RVS Schoool of Architecture, Dindigul","RVS Nagar,N.Paraipatti (P.O) Dindigul-5",NA,Dindigul,Dindigul,624005
2178,Tamil Nadu,S A POLYTECHNIC COLLEGE THIRUVERKADU,SUNDARASOLAVARAM,THIRUVERKADU,CHENNAI,Thiruvallur,600077
2179,Tamil Nadu,S K SCHOOL OF NURSING FOR WOMEN NAGAPATTINAM,"47/48, Periya Saliya Street, Koranad, Mayiladuthurai-609 002.","47/48,Periya Saliya Street,Koranad,Mayiladuthurai-609002.",Mayiladuthurai.,Nagapattinam,609002
2180,Tamil Nadu,"S K VELAYUTHAM WOMENs ARTS AND SCIENCE COLLEGE, KURINJIPADI",GH & TALUKA OFFICE ROAD,KURINJIPADI T.K,KURINJIPADI,Cuddalore,607302
2181,Tamil Nadu,S M ARUMUGAM POLYTECHNIC COLLEGE DHARMAPURI,Adhiyamaan By Pass Road,Dharmapuri,Dharmapuri,Dharmapuri,636809
2182,Tamil Nadu,"S M S POLYTECHNIC COLLEGE, VIRUDHUNAGAR","180,Kallamanaicakanpatti","Sivakasi Taluk,Virudhunagar District-626 131",Sivakasi,Virudhunagar,626131
2183,Tamil Nadu,S N R Sons College,S.N.R.SONS COLLEGE ROAD,NAVA INDIA BUS STOP,COIMABTORE,Coimbatore,641006
2184,Tamil Nadu,"S PADMAVATHY POLYTECHNIC COLLEGE, THURAIYUR","ATTHUR ROAD,",MURUGUR VILLAGE,THURAIYUR,Tiruchirappalli,621008
2185,Tamil Nadu,S R G POLYTECHNIC COLLEGE ATHANUR,"NH-7, SALEM - NAMAKKAL MAIN ROAD,",ATHANUR - 636301,NAMAKKAL,Namakkal,636301
2186,Tamil Nadu,S R I POLYTECHNIC COLLEGE BIRUDUR,"MELMARUVATHUR ROAD, BIRUDUR",VANDAVASI,VANDAVASI,Tiruvannamalai,604408
2187,Tamil Nadu,S T JOHNS TEACHER TRAINING INSTITUTE FOR MEN VEERAVAANALLUR,"Tirunelveli - tenkasi main road,",maranthai,Tirunelveli,Tirunelveli,627851
2188,Tamil Nadu,"S THANGAPAZHAM POLYTECHNIC COLLEGE CHINTHAMANIPERIPUTHUR, TIRUNELVELI","CHINTHAMANIPERIPUTHUR, AUTHUVAZHI POST",VASUDEVANALLUR,SIVAGIRI T.K,Tirunelveli,627760
2189,Tamil Nadu,S V S International College of Architecture,"SF no: 206/9, 40, 41, 42, 43","Kulathur(Taluk),Melur(village panchayat)",Pudukkottai,Pudukkottai,622501
2190,Tamil Nadu,S. THANGAPAZHAM AGRICULTURAL COLLEGE,CHINTHAMANIPERIPUTHUR,"AUTHUVAZHI (POST), SIVAGIRI (TALUK)",VASUDEVANALLUR,Tirunelveli,627760
2191,Tamil Nadu,S. VEERASAMY CHETTIAR POLYTECHNIC COLLEGE TN PUDUKKUDI VILLAGE,S. V NAGAR,T.N PUTHUKUDI,PULIANGUDI,Tirunelveli,627855
2192,Tamil Nadu,S.A Engineering College,"Poonamallee-Avadi Main Road, Veeraragavapuram",Thiruverkadu Post,Chennai,Thiruvallur,600077
2193,Tamil Nadu,"S.A. RAJA PHARMACY COLLEGE (Inst. Code - 099), VADAKANKULAM","RAJANAGAR,VADAKANGULAM,627116",RADHAPURAM TALUK,VADAKANGULAM,Tirunelveli,627116
2194,Tamil Nadu,S.A. RAJAS POLYTECHNIC COLLEGE ADANKARKULAM,Raja Nagar,Azhakaneri,Vadakankulam,Tirunelveli,627116
2195,Tamil Nadu,S.A.S. College of Education,Punganur,Ramjee nagar (Po),Trichy,Tiruchirappalli,620009
2196,Tamil Nadu,S.B.G. College of Education,"Thenpathy colony road,","Srimushnam,",Kattumannarkoil Tk,Cuddalore,608703
2197,Tamil Nadu,"S.B.G. Sanskrit Mission B.Ed., College",Bazaar street,Mutharasanallur,trichy,Tiruchirappalli,620101
2198,Tamil Nadu,"S.B.G.S.M. TEACHER TRAINING INSTITUTE, MELAKODUMALUR, RAMNAD",Melakodumalur,Abiramam (Via) Mudukulathur,Mudukulathur,Ramanathapuram,623601
2199,Tamil Nadu,S.B.K. COLLEGE,THOTTIYANKULAM ROAD,Near S.B.K.International School,ARUPPUKOTTAI,Virudhunagar,626101
2200,Tamil Nadu,"S.K. Arts and Science College, Thamaraipulam, Vedaranyam, 614 809.","Thamaraipulam (Po), Vedaraniyam (Tk), Nagapattinam",NA,NA,Nagapattinam,614809
2201,Tamil Nadu,S.K.A.COLLEGE OF EDUCATION,"781/2, 785/1, 786","PON NAGAR, ETHAKOVIL ROAD",AUNDIPATY,Theni,625512
2202,Tamil Nadu,S.K.B. College of Education,Ramagery Village,Gunnvalam Post,Thiruvallur,Thiruvallur,631210
2203,Tamil Nadu,S.K.P Engineering College,Bangalore - Pondicherry High Way,Chinnakangiyanur,Tiruvannamalai,Tiruvannamalai,606611
2204,Tamil Nadu,S.K.P. Institute of Technology,Tiruvannamalai,"Chinnakangiyanur, Somasipadi Post,",Tiruvannamalai - 606611,Tiruvannamalai,606611
2205,Tamil Nadu,S.K.R Engineering College,Nazarathpet,Poonamallee,Chennai,Thiruvallur,600123
2206,Tamil Nadu,"S.K.S.S. Arts College, Thiruppanandal - 612 504.","South Street,",Thiruppanandal 612 504.,Thiruppanandal,Thanjavur,612504
2207,Tamil Nadu,S.L.S.M.A.V.M.AYIRA VYSIAR COLLEGE,KALLAMPATTI,M.CHATRAPATTI POST,Madurai,Madurai,625014
2208,Tamil Nadu,S.M.S. TEACHER TRAINING INSTITUTE SIVAKASI,"Kalamanayakarpatti, sivakasi.",NA,sivakasi,Virudhunagar,626127
2209,Tamil Nadu,S.Preethi B.Ed College of Education,"ARASANOOR,THIRUMANSOLAI POST,SIVAGANGA DISTRICT",NA,SIVAGANGA,Sivaganga,630601
2210,Tamil Nadu,"S.PREETHI TEACHER TRAINING INSTITUTE, PADAMATHUR, SIVAGANGAI","Arasanoor, Thirumansolai(po),",Sivagangai,Sivagangai,Sivaganga,630601
2211,Tamil Nadu,S.R.I. College of Engineering & Technology,MELMARUVATHUR ROAD,BIRUDUR,VANDAVASI,Tiruvannamalai,604408
2212,Tamil Nadu,"S.R.I.Arts & Science College, Birudur Village,Vandavasi Taluk-604408",Birudur - Vandavasi - 604 408.,NA,Vandavasi,Tiruvannamalai,604408
2213,Tamil Nadu,"S.R.M. Institute of Science & Technology, Chennai","SRM NAGAR,",KATTANKULATHUR,CHENNAI,Kancheepuram,603203
2214,Tamil Nadu,S.R.M. POLYTECHNIC COLLEGE KATTANKULATHUR,"SRM NAGAR, POTHERI","KATTANKULATHUR (PO), CHENGALPATTU (TK)",CHENNAI,Kancheepuram,603203
2215,Tamil Nadu,S.R.NAIDU MEMORIAL COLLEGE,Sadayampatti,Sattur,Sattur - 626 203,Madurai,626203
2216,Tamil Nadu,"S.S.Duraisamy Nadar Mariammal College, Sattur Road, Kovilpatti - 628 501","kamaraj nagar, Sattur Road,",Kovilpatti - 628501,Kovilpatti (PO),Thoothukkudi,628501
2217,Tamil Nadu,"S.S.M. COLLEGE OF PHARMACY (Inst. Code - 345), ERODE",SF NO.834 /1&2 CHINNIYAMPALAYAM,JAMBAI - 638 312. BHAVANI TALUK,ERODE,Erode,638312
2218,Tamil Nadu,"S.S.S college of Arts &ScienceandManagement,(co-ed)Bye-passRoad,Arcot-635 2503","15, By-Pass Road",Arcot 632503,Arcot,Vellore,632503
2219,Tamil Nadu,S.S.TEACHER TRAINING INSTITUTE THIRUKKALUKUNDRAM,Mettukarumapakkam,Veerapuram Post,Thirukkalkundram,Kancheepuram,603109
2220,Tamil Nadu,S.T.Hindu College of Education,Desika Vinayagar Nagar,Nagercoil,Nagercoil,Kanniyakumari,629002
2221,Tamil Nadu,"S.T.Hindu College, Nagercoil - 629 002","Desiga Vinayagam Nagar , Kottar",Nagercoil- 629002,Nagercoil,Kanniyakumari,629002
2222,Tamil Nadu,S.V.I College of Education,TRICHY-VIRALIMALAI MAIN ROAD SETHURAPATTI BUS STOP,FATHIMA NAGAR (PO),TIRUCHIRAPPALLI - 12,Tiruchirappalli,620012
2223,Tamil Nadu,S.V.S College of Education,"Pudukkottai South Village, ,Kadayakudi(po),No 35, S R Nagar,",Pudukkottai- 622003,Pudukkottai,Pudukkottai,622003
2224,Tamil Nadu,S.Veerasamy chettiar college of Education,S V NAGAR,PULIANGUDI - 627001,TIRUNELVELI,Tirunelveli,627001
2225,Tamil Nadu,S.Veerasamy Chettiar College of Engineering,S.V.NAGAR,-,Puliangudi,Tirunelveli,627855
2226,Tamil Nadu,S.VEERASAMY CHETTIAR INSTITUTE OF TEACHER EDUCATION PULIANGUDI,"S.V.Nager,Puliangudi",Puliangudi,Puliangudi,Tirunelveli,627855
2227,Tamil Nadu,"SACRED HEART COLLEGE OF ARTS AND SCIENCE, DINDIGUL",PAPPU NAGAR,REDDIYAPATTY,DINDIGUL,Dindigul,624003
2228,Tamil Nadu,"SACRED HEART COLLEGE OF NURSING (Inst. Code - 323), THANJAVUR",1006. KARAIKKAL ROAD,SAKKOTTAI.POST,KUMBAKONAM.TALUK,Thanjavur,612401
2229,Tamil Nadu,"SACRED HEART COLLEGE OF NURSING (Inst. Code - 545), DINDIGUL","PUDUPATTY , A. VELLODU, DINDIGUL-624307",NA,Dindigul,Dindigul,624307
2230,Tamil Nadu,Sacred Heart College(autonomous)Thirupattur-635 601,Tirupattur,Vellore Dist.,Tirupattur,Vellore,635601
2231,Tamil Nadu,"SACRED HEART NURSING COLLEGE (Inst. Code - 055), MADURAI","4/235, COLLEGE ROAD",THASILDAR NAGAR,MADURAI,Madurai,625020
2232,Tamil Nadu,SACRED HEART TEACHER TRAINING INSTITUTE PUDUPALAYAM,"4, Bharathi Road",Pudupalayam,Cuddalore,Cuddalore,607001
2233,Tamil Nadu,SACRED HEART TEACHER TRAINING INSTUTUTE FOR WOMEN VANDAVASI,"PILLAIYAR KOIL STREET,","KANCHEEPURAM ROAD,",VANDAVASI,Tiruvannamalai,604408
2234,Tamil Nadu,"SACS MAVMM Engineering College, Madurai",Kidaripatty Post,Alagarkoil Via,Madurai,Madurai,625301
2235,Tamil Nadu,"Sadakathullah Appa College, Rahmath Nagar, Palayamkottai, 627 011",Sadakathullah Appa College,Rahmath Nagar,"Palayamkottai, Tirunelveli-627011.",Tirunelveli,627011
2236,Tamil Nadu,"Sadasivam Kathirkamavalli College of Arts and Science, Melavasal, Mannargudi, Thiruvarur District.",Kumarapuram Melavasal.,Mannargudi,Thiruvarur,Thiruvarur,614001
2237,Tamil Nadu,"SADASIVAM KATHIRKAMAVALLI POLYTECHNIC COLLEGE NO.27, THIRUVARUR",27.SERUMANGALAM-I,THANJAVUR ROAD,MANNARDUGI,Thiruvarur,614014
2238,Tamil Nadu,"Sah School of Nursing, Thoothukudi","145/5B,JEYARAJ ROAD, THOOTHUKUDI",NA,THOOTHUKUDI,Thoothukkudi,628002
2239,Tamil Nadu,SAHAYA MATHA TEACHER TRAINING INSTITUTE KALAIYARKOIL,St.SANTHIYAGAPPER NAGAR,KALAYARKOIL,SIVAGANGA,Sivaganga,630551
2240,Tamil Nadu,SAI JOTHI POLYTECHNIC COLLEGE ELIYARPATHY,ELIYARPATHY VILLAGE,MADURAI SOUTH TALUK,MADURAI,Madurai,625022
2241,Tamil Nadu,Sai Ram College of Education,"14 - A, Pidari West Street, Sirkali - 609 110",NA,Sirkali,Nagapattinam,609110
2242,Tamil Nadu,SAIRAM TEACHER TRAINING INSTITUTE SIRKALI,"14 A, Pidari West Street",Pin: 609 110,Sirkali,Nagapattinam,609110
2243,Tamil Nadu,"Sakthi College of Arts and Science for Women, Oddanchatram","Sakthi Nagar, Palakkanuthu Post",Dindigul - Palani main Road,Oddanchatram,Dindigul,624624
2244,Tamil Nadu,Sakthi College of Education for Women,"Thiruvalluvar salai , Oddanchatram","Oddanchatram (TK), Dindigul (DT)",Dindigul,Dindigul,624619
2245,Tamil Nadu,"SAKTHI COLLEGE OF NURSING (Inst. Code - 233), DINDIGUL","Sakthi Nagar, Palakkanuthu (Po),","Dindigul - Palani Main Road, Oddanchatram (Tk)",Oddanchatram,Dindigul,624619
2246,Tamil Nadu,"SAKTHI COLLEGE OF NURSING (Inst. Code - 290), KARUR",AACHIMANGALAM,THANTHONIMALAI POST,KARUR,Karur,639005
2247,Tamil Nadu,Sakthi Engineering College,"St. Mary's Nagar, Nadukuthagai,","(Near Hindu College, Pattabiram)",Thiruninravur - 602 024,Thiruvallur,602024
2248,Tamil Nadu,SAKTHI INSTITUTE OF FASHION TECHNOLOGY PERIYAPALAYAM,"S.F.No.250-251, A.PERIYAPALAYAM, TIRUPUR.",NA,TIRUPUR,Tiruppur,641607
2249,Tamil Nadu,Sakthi Institute of Information and Management Studies,NGM College campus,"Nethaji road, Pollachi - 642001",Coimbatore,Coimbatore,642001
2250,Tamil Nadu,Sakthi Institute of Teacher Education and Research,"Sakthi Nagar, Palakkanuthu (PO)",Oddanchatram (TK),Dindigul (DT),Dindigul,624619
2251,Tamil Nadu,Sakthi Mariamman Engineering College,"Naryanasamy Nagar, 55",Thandalam,CHENNAI,Kancheepuram,602105
2252,Tamil Nadu,SAKTHI POLYTECHNIC COLLEGE VEMPATHIVELLALAPALAYAM,NACHIMUTHUPURAM,SAKTHINAGAR,BHAVANI TK,Erode,638315
2253,Tamil Nadu,SAKTHIKAILASH WOMENS COLLEGE,NEAR MATLAMPATTI,DHARMAPURI - KRISHNAGIRI,DHARMAPURI,Dharmapuri,635205
2254,Tamil Nadu,Salem Christian College of Arts & Science,0,"Poovanoor (PO), Paruthikadu",Salem-636112,Salem,636112
2255,Tamil Nadu,Salem College of Engineering and Technology,"Salem-Attur Main Road, NH-68, Mettupatty Perumapalayam",Salem-636 111,Salem,Salem,636111
2256,Tamil Nadu,SALEM KONGU POLYTECHNIC COLLEGE VEERAPANDI,"6/34,THIRUCHENGODU MAIN ROAD,ARIYANOOR,",VEERAPANDI(PO),SALEM,Salem,636308
2257,Tamil Nadu,Salem Kongunadu Arts & Science,"Bangalore Main Road,",Mamangam,Salem,Salem,636302
2258,Tamil Nadu,Salem Sowdeswari College,KONDALAMPATTY(POST),SALEM-636010,SALEM,Salem,636010
2259,Tamil Nadu,Sams College of Engineering and Technology,"82,PANAAKKAM TAULK","UTHUKOTAI, PERIYAPALAYAM",THIRUVALLUR,Thiruvallur,601102
2260,Tamil Nadu,SAMUVEL POLYTECHNIC COLLEGE MUDIVAITHANEDAL,"3/100 A1, V E Raja Nagar",Mudivaithanendal,Tuticorin,Thoothukkudi,628102
2261,Tamil Nadu,"SAMY COLLEGE OF EDUCATION , DHARMAPURI",THAMBICHETTIPATTI,SETRAPATTI POST HARUR TALUK,DHARMAPURI,Dharmapuri,635305
2262,Tamil Nadu,SAN International Business School,"ACC PIRIVU, NAVAKKARAI (PO),","MAVUTHAMPATHY,",COIMBATORE,Coimbatore,641105
2263,Tamil Nadu,"SAN INTERNATIONAL COLLEGE OF ARTS AND SCIENCE, COIMBATORE","ACC Pirivu, Navakkarai(p.o), Mavuthampathy.",NA,Coimbatore,Coimbatore,641105
2264,Tamil Nadu,SAN International Info School,"ACC PIRIVU, NAVAKKARAI PO,",MAVUTHAMPATHY,COIMBATORE,Coimbatore,641105
2265,Tamil Nadu,SANCTA FATIMA TEACHER TRAINING INSTITUTE NALLAMANNYACKANPATTI,"Adaikala Annai Nagar, Nallamanayackanpatty, Dindigul","Adaikala Annai Nagar, Nallamanayackanpatty, Dindigul.",Dindigul,Dindigul,624003
2266,Tamil Nadu,Sandaravadhanam College of Education,PAZHANCHANALLUR & POST,KATTUMANNARKOIL (TK) 608301,CUDDALORE,Cuddalore,608301
2267,Tamil Nadu,SANDARAVADHANAM SCHOOL OF NURSING CUDDALORE,MRK EDUCATIONAL MEMORIAL TRUST,PAZHANCHANALLUR & POST,KATTUMANNARKOIL,Cuddalore,608301
2268,Tamil Nadu,SANDARAVADHANAM TEACHER TRAINING INSTITUTEKATTUMANNARKOIL,PAZHANCHANALLUR & POST,KATTUMANNARKOIL,CHIDAMBARAM,Cuddalore,608301
2269,Tamil Nadu,"Sanghamam College of Arts And Science, Annamangalam ,Gingee taluk-604 210","Annamangalam,Gingee",NA,Villupuram,Viluppuram,604210
2270,Tamil Nadu,SANKAR POLYTECHNIC COLLEGE SANKARNAGAR,SANKAR POLYTECHNIC COLLEGE,SANKARNAGAR,SANKARNAGAR,Tirunelveli,627357
2271,Tamil Nadu,"Sankara Bhagavathi College of Arts & Science College, Kommandikottai - 628 653",2/189 Kamarajar Salai,NA,Kommadikottai,Thoothukkudi,628653
2272,Tamil Nadu,Sankara College of Science and Commerce,SARAVANAMPATTY,NA,COIMBATORE,Coimbatore,641035
2273,Tamil Nadu,"SANKARA NETHRALAYA ACADEMY (UNIT OF MEDICAL RESEARCH FOUNDATION) (Inst. Code - 383), CHENNAI","No.9, Vanagaram Road",Ayanambakkam,Chennai,Chennai,600095
2274,Tamil Nadu,"SANKARA NETHRALAYA MEDICAL RESEARCH FOUNDATION (Inst. Code - 044), CHENNAI",NO. 18 COLLEGE ROAD,NA,CHENNAI,Chennai,600006
2275,Tamil Nadu,SANKARA POLYTECHNIC COLLEGE SARAVANAMPATTY,SARAVANAMPATTY,NA,COIMBATORE,Coimbatore,641035
2276,Tamil Nadu,"SANKARALINGAM BHUVANESWARI COLLEGE OF PHARMACY (Inst. Code - 048), VIRUDHUNAGAR","3/77 C, Anaikuttam Road",Anaikuttam,Sivakasi,Virudhunagar,626130
2277,Tamil Nadu,SANTHA COLLEGE OF EDUCATION,SANTHA COLLEGE OF EDUCATION FOR WOMEN,CHOLAPURAM,SIVAGANGAI,Sivaganga,630557
2278,Tamil Nadu,SANTHOSHI ARTS AND SCIENCE COLLEGE,PAIYAMBADI VILLGAGE,POLAMBAKKAM,"MADURANTHAKAM (P.O) ,KANCHEEPURAM DISTRICT",Chennai,603309
2279,Tamil Nadu,Sapthagiri College of Engineering,"NH 7, Krishnagiri Main Road, Periyanahalli Village & Post,","Palacode Taluk,",Dharmapuri,Dharmapuri,635205
2280,Tamil Nadu,"SARA COLLEGE OF NURSING (Inst. Code - 112), ERODE",Palani Main Road,Manakadavu Post,Dharapuram,Erode,638673
2281,Tamil Nadu,"SARADA KRISHNA HOMOEOPATHY MEDICAL COLLEGE (Inst. Code - 207), KANNYAKUMARI",SARADA KRISHNA HOMOEOPATHY MEDICAL COLLEGE HOSPITAL,Convent Jn.,KULASEKHARAM,Kanniyakumari,629161
2282,Tamil Nadu,SARADHA TEACHER TRAINING INSTITUTE SANKAGIRI N H ROAD,5/81-2 RAKKIPATTY,VEMBADITHALAM,SALEM,Salem,637504
2283,Tamil Nadu,Sarah College of Education for Women,"Modakurichi Main Road,","Nanjai Uthukuli,",Erode - 638104.,Erode,638104
2284,Tamil Nadu,SARAH TEACHER TRAINING INSTITUTE FOR GIRLS PONN STREET NANJAI UTHUKKULI,"Modakkurichi Main Raod,",Nanjai Uthukuli,Erode,Erode,638104
2285,Tamil Nadu,"Sarah Tucker College, Perumalpuram, Palayamkottai - 627 011",Perumalpuram,Palayamkottai,Tirunelveli,Tirunelveli,627011
2286,Tamil Nadu,SARAH TUCKER TEACHER TRAINING INSTITUTE PALAYAMKOTTAI,TRIVANDRAM ROAD,PALAYAMKOTTAI,TIRUNELVELI,Tirunelveli,627002
2287,Tamil Nadu,Saranathan College of Engineering,VENKATESHWARA NAGAR,PANJAPPUR,TRICHY,Tiruchirappalli,620012
2288,Tamil Nadu,"Saraswathi college of Arts & science,Konerikuppam,Mailam,Tindivanam-604 304",Nallathur Post,Olakkur,Tindivanam Taluk,Viluppuram,604307
2289,Tamil Nadu,SARASWATHI NARAYANAN COLLEGE,Perungudi,Madurai -625022,MADURAI,Madurai,625022
2290,Tamil Nadu,Saraswathi Velu College of Engineering,"Jambukulam Road, Melvenkatapuram",sholinghur-631102,Vellore,Vellore,631102
2291,Tamil Nadu,Saraswathy College of Engineering and Technology,NH 45 MAIN ROAD,OLAKKUR,TINDIVANAM,Viluppuram,604307
2292,Tamil Nadu,Saratha College of Arts and Science,"SATHY MAIN ROAD, BODICHINNAMPALAYAM,","ALIKKULI(PO),",GOBICHETTIPALAYAM,Erode,638453
2293,Tamil Nadu,"Sardar Raja Arts & Science College, Vadakkankulam - 627 116",Raja Nagar,"vadakkangulam, Tirunelveli District-627116",vadakkangulam,Tirunelveli,627116
2294,Tamil Nadu,Sardar Raja College of Engineerings,"RAJA NAGAR, ADAIKKALAPATTINAM POST",ALANGULAM,TIRUNELVELI,Tirunelveli,627808
2295,Tamil Nadu,"SARDAR RAJAS COLLEGE OF NURSING (Inst. Code - 396), TIRUNELVELI","THIRURAJAPURAM,KAVALKINARU JUNCTION,TIRUNELVELI DIST 629105","THIRURAJAPURAM,KAVALKINARU JUNCTION, TIRUNELVELI DIST 629105",TIRUNELVELI,Tirunelveli,627105
2296,Tamil Nadu,SARDAR VALLABHAI PATEL INSTITUTE OF TEXTILE MANAGEMENT,"Post Box No. 1633, 1483, AVANASHI ROAD,",PEELAMEDU,COIMBATORE,Coimbatore,641004
2297,Tamil Nadu,SASHANK EDUCATIONAL TRUST (Inst. Code - 608),"565, 16th cross, Phase I",Sathuvachari,Vellore,Vellore,632009
2298,Tamil Nadu,SASI CREATIVE SCHOOL OF ARCHITECTURE,293/2B ROJA RAJA GARDENS POLLACHI MAIN ROAD,MYLERIPALAYAM,COIMBATORE,Coimbatore,641032
2299,Tamil Nadu,Sasi Creative School of Business,293/2A Pollachi Main Road NH 209,Myleripalayam,Coimbatore,Coimbatore,641032
2300,Tamil Nadu,SASTHA POLYTECHNIC COLLEGE KEELANILAIKKOTTAI,KARAIKUDI-ARANTHANGI MAIN ROAD,NA,NA,Pudukkottai,622209
2301,Tamil Nadu,SASTHAA TEACHER TRAINING INSTITUTE THIRUMAYAM,Karaikudi - Aranthangi Main Road,Keelanilaikottai,Tamilnadu,Pudukkottai,622209
2302,Tamil Nadu,Sasuri College of Arts and Science,Vijayamangalam,Avinashi (T.K),Tirupur,Tiruppur,638056
2303,Tamil Nadu,Sasurie Academy of Engineering,"NH-209, Sathy Main Road, Kariyampalayam",Coimbatore - 641 653,Coimbatore,Coimbatore,641653
2304,Tamil Nadu,Sasurie College of Education,"8/141, VIJAYAMANGALAM","PERUNDURAI TALUK, ERODE DT",ERODE,Erode,638056
2305,Tamil Nadu,Sasurie College of Engineering,"NADUPATTI, VIJAYAMANGALAM (POST)",AVINASHI (TK),TIRUPPUR,Tiruppur,638056
2306,Tamil Nadu,SATHANGAI ACADEMY,Koodal Nagar,NA,Madurai,Madurai,625018
2307,Tamil Nadu,SATHIYASAI TEACHER TRAINING INSTITUTE PATTABIRAM,"6th cross street,Modern city,Pattabiram, Chennai - 72","6th cross street,Modern city,Pattabiram, Chennai - 72",Chennai,Thiruvallur,600072
2308,Tamil Nadu,"SATHYA COLLEGE OF ARTS AND SCIENCE, KILLVISHRAM","MARGABANDU NAGAR,RASATHUPURAM.",KIZHALAVISHARAM,KIZHAVISHARAM,Vellore,632509
2309,Tamil Nadu,"Sathyabama Institute of Science & Technology, Chennai","JEPPIAAR NAGAR,",RAJIV GANDHI SALAI,CHENNAI,Kancheepuram,600119
2310,Tamil Nadu,"Sathyam College of Arts &Science College, Sundakkapalayam Village,Kariyamangalam Post Chengam Taluk a Taluk","Sundakkapalayam Village,a Taluk",Kariyamangalam Post Chengam Taluk,Tiruvannamalai (Dt),Tiruvannamalai,606709
2311,Tamil Nadu,Sathyasai B.Ed. College,"No.7,Rajaji Street,","Kamarajar Nagar,Avadi,Ch-71.",chennai,Chennai,600071
2312,Tamil Nadu,Satyam College of Engineering and Technology,Satyam Nagar,Aralvoimozhi,Nagercoil,Kanniyakumari,629301
2313,Tamil Nadu,Saveetha College of Nursing,"Saveetha Nagar, Thandalam","Kanchipuram,",Chennai,Kancheepuram,602105
2314,Tamil Nadu,Saveetha College of Physiotheraphy,Saveetha Nagar,Thandalam,Chennai,Kancheepuram,602105
2315,Tamil Nadu,Saveetha Dental College,"162,Poonamallee high road",Velappanchavadi,Chennai,Thiruvallur,600077
2316,Tamil Nadu,Saveetha Engineering College,"Saveetha Nager, Thandalam,",Sriperumpudur,Chennai,Kancheepuram,602105
2317,Tamil Nadu,Saveetha Medical College,Saveetha Nagar,Thandalam,Chennai - 602105,Kancheepuram,602105
2318,Tamil Nadu,Saveetha School of Engineering,SAVEETHA NAGAR,THANDALAM,CHENNAI 602 105,Kancheepuram,602105
2319,Tamil Nadu,Saveetha School of Law,"162, Poonamallee High Road,",Velappanchavadi,Chennai,Thiruvallur,600077
2320,Tamil Nadu,Saveetha School of Management,SAVEETHA UNIVERSITY,"NO 162 ,POONAMALLEE HIGH ROAD,VELAPPANCHAVADI",CHENNAI,Thiruvallur,600077
2321,Tamil Nadu,"Saveetha University, Chennai",Saveetha Nagar,Thandaam,Chennai,Thiruvallur,602105
2322,Tamil Nadu,"SBM College of Engineering and Technology, Dindigul","SBM Nagar, Thamaraipadi (po),","Trichy Road, Dindigul-624 005",Dindigul,Dindigul,624005
2323,Tamil Nadu,SBM POLYTECHNIC COLLEGE,"SBM NAGAR, T.N. PARAIPATTI PRIVU","THAMARAIPADI(P.O), TRICHY ROAD,",DINDIGUL - 5.,Dindigul,624005
2324,Tamil Nadu,SCAD college of Education,KALAKAD ROAD,CHERANMAHADEVI,TIRUNELVELI,Tirunelveli,627414
2325,Tamil Nadu,SCAD College of Engineering and Technology,SCAD NAGAR,CHERANMAHADEVI,TIRUNELVELI,Tirunelveli,627414
2326,Tamil Nadu,Scad Engineering College,SCAD Nagar,Cheranmahadevi,Tirunelveli,Tirunelveli,627414
2327,Tamil Nadu,SCAD INSTITUTE OF TECHNOLOGY,"SCAD Knowledge City, Palladam - Pollachi Highway,",Palladam - 641 664,Tiruppur,Coimbatore,641664
2328,Tamil Nadu,SCAD POLYTECHNIC COLLEGE CHERANMAHADEVI,"SCAD NAGAR, KALAKAD ROAD",CHERANMAHADEVI,TIRUNELVELI,Tirunelveli,627414
2329,Tamil Nadu,SCAD TEACHER EDUCATION INSTITUTE CHERANMAHADEVI,SCAD TEACHER EDUCATION INSTITUTE KALAKKAD ROAD CHERANMAHADEVI,TAMIL NADU,TIRUNELVELI,Tirunelveli,627414
2330,Tamil Nadu,"SCANSWORLD EDUCATION AND RESEARCH INSTITUTE (Inst. Code - 594), CHENNAI","no.20,rama street ,valluvarkottom high road ,opp to independence day park",NA,chennai,Chennai,600034
2331,Tamil Nadu,"SCHIEFFELIN INSTITUTE OF HEALTH - RESEARCH LEPROSY CENTRE (Inst. Code - 442), KARIGIRI",SLRS Post,Karigiri,Vellore,Vellore,632106
2332,Tamil Nadu,School of Architecture & Planning Campus,Anna University,"Sardar Patel Road, Guindy",Chennai,Chennai,600025
2333,Tamil Nadu,"SCHOOL OF NURSING, BETHESDA HOSPITAL VELLORE",SCHOOL OF NURSING,MISSION COMPOUND,AMBUR,Vellore,635802
2334,Tamil Nadu,"SCHOOL OF NURSING, COIMBATORE MEDICAL COLLEGE & HOSPITAL, COIMBATORE","School of Nursing, Coimbatore Medical College Hospital",NA,NA,Coimbatore,641018
2335,Tamil Nadu,"SCHOOL OF NURSING, CSI RAINY MULTISPECIALITY HOSPITAL, CHENNAI","45 G.A. ROAD, OLDWASHERMENPET, CHENNAI-21",NA,CHENNAI,Chennai,600021
2336,Tamil Nadu,"SCHOOL OF NURSING, DEEPAVI INSTITUTE OF MEDICAL TECHNOLOGY TRAINING CENTRE, ERODE","7-C, MUTHU KARUPPAN STREET",GANDHI NAGAR,ERODE - 638 009,Erode,638009
2337,Tamil Nadu,"SCHOOL OF NURSING, DURGABAI DESHMUKH GENERAL HOSPITAL & RESEARCH CENTRE, CHENNAI","no11,12,Dr.Durgabai Deshmukh Road",RajaAnnamalai Puram,chennai,Chennai,600028
2338,Tamil Nadu,"SCHOOL OF NURSING, EX-MINISTER K. RAJARAM NAIDU PARA MEDICAL INSTITUTITONS, MADURAI","KATRAMPATTI VILLAKU, T.PUDHUPATTI-PO, THIRUMANGALAM-TK,MADURAI-DT","KATRAMPATTI VILLAKU, T.PUDHUPATTI-PO, THIRUMANGALAM-TK,MADURAI-DT",MADURAI,Madurai,625706
2339,Tamil Nadu,"SCHOOL OF NURSING, GOVERNMENT ANNAL GANDHI MEMORIAL HOSPITAL, TIRUCHIRAPPALLI","School of Nursing, Govt. KAP Voswamathan Medical College,Trichy",Periyamilaguparai,Trichy,Tiruchirappalli,620001
2340,Tamil Nadu,"SCHOOL OF NURSING, GOVERNMENT HEADQUARTERS HOSPITAL, CUDDALORE","School of Nursing, Joint Director of Health Services, Cuddalore",NA,Cuddalore,Cuddalore,607001
2341,Tamil Nadu,"SCHOOL OF NURSING, GOVERNMENT HEADQUARTERS HOSPITAL, DINDIGUL","School of Nursing, Government Headquarters Hospital, Dindigul",NA,NA,Dindigul,624001
2342,Tamil Nadu,"SCHOOL OF NURSING, GOVERNMENT HEADQUARTERS HOSPITAL, KANCHEEPURAM",GOVT HEADQUARTERS HOSPTIAL,KANCHEEPURAM,KANCHEEPURAM-631501,Kancheepuram,631501
2343,Tamil Nadu,"SCHOOL OF NURSING, GOVERNMENT HEADQUARTERS HOSPITAL, NAGAPATTINAM","School of Nursing, Joint Director of Health Services, Nagapattinam",NA,NA,Nagapattinam,611001
2344,Tamil Nadu,"SCHOOL OF NURSING, GOVERNMENT HEADQUARTERS HOSPITAL, RAMANATHAPURAM","School of Nursing, Govt. Headquarters Hospital, Ramnad",NA,NA,Ramanathapuram,623501
2345,Tamil Nadu,"SCHOOL OF NURSING, GOVERNMENT HEADQUARTERS HOSPITAL, THE NILGIRIS","School of Nursing, Joint Director of Health Services, Ooty",NA,udhagamandalam,The Nilgiris,643001
2346,Tamil Nadu,"SCHOOL OF NURSING, GOVERNMENT HEADQUARTERS HOSPITAL, TIRUPPUR","School of Nursing, Joint Director of Health Services, Tiruppur",NA,NA,Tiruppur,648608
2347,Tamil Nadu,"SCHOOL OF NURSING, GOVERNMENT HEADQUARTERS HOSPITAL, VIRUDHUNAGAR","GOVERNMENT HEADQUARTERS HOSPITAL, VIRUDHUNAGAR",RAMAMOORTHY ROAD,VIRUDHUNAGAR,Virudhunagar,626001
2348,Tamil Nadu,"SCHOOL OF NURSING, GOVERNMENT KILPAUK MEDICAL COLLEGE HOSPITAL, CHENNAI","School of Nursing, Govt. Kilpauk Medical College Hospital, Chennai-10","School of Nursing, Govt. Kilpauk Medical College Hospital, Chennai-10",Chennai,Chennai,600010
2349,Tamil Nadu,"SCHOOL OF NURSING, GOVERNMENT STANLEY MEDICAL COLLEGE HOSPITAL, CHENNAI","School of Nursing, Govt. Stanley Medical College Hospital,","old jail road,",chennai -600001,Chennai,600001
2350,Tamil Nadu,"SCHOOL OF NURSING, GOVERNMENT THENI MEDICAL COLLEGE HOSPITAL, THENI","School of Nursing, Govt. Theni Medical College Hl, Shanmugasundarapuram-625512","K.VILAKKU, AUNDIPATTI(TK)",AUNDIPATTI,Theni,625512
2351,Tamil Nadu,"SCHOOL OF NURSING, GOVERNMENT VELLORE MEDICAL COLLEGE HOSPITAL, VELLORE","School of Nursing, Govt. Vellore Medical College Hospital,Munjurpat Road, AdukkamparaiVellore",NA,Vellore,Vellore,632011
2352,Tamil Nadu,"SCHOOL OF NURSING, KANYAKUMARI MEDICAL COLLEGE & HOSPITAL, KANYAKUMARI","School of Nursing, Kanyakumari Medical College Hospital, Kanyakumari",NA,Nagercoil,Kanniyakumari,629201
2353,Tamil Nadu,"SCHOOL OF NURSING, KASTURBA HOSPITAL, CHENNAI","I.S.O&Govt.Kasturba Gandhi Hospital, Victoria Hostel Road, Triplicane, Chennai-600 005.",NA,Chennai,Chennai,600005
2354,Tamil Nadu,"SCHOOL OF NURSING, MAYOR RADHAKRISHNAN INSTITUTE OF PARAMEDICAL SCIENCES, CUDDALORE","Mayuri Educational Trust, 5/3, Judge bangalow Raod, Cuddalore-607 001",Ko-Mangalam,VIRUDHACHALAM,Cuddalore,606003
2355,Tamil Nadu,"SCHOOL OF NURSING, MOUNT TABOR MEDICAL MISSION HL, PUDUKOTTAI","mathur(p.o),kulathur(tk),pudukkottai(dt).622515.","mathur post,kulathurt.k. pudukkottai D.T. 622515",Pudukkottai,Pudukkottai,622515
2356,Tamil Nadu,"SCHOOL OF NURSING, RAJAPALAYAM NURSES TRAINING INSTITUTE, KANYAKUMARI","James Hospital Premises, Near anna Statue, Colachel(P.O),Kanaya Kumari District.",Pincode - 629 251,NA,Kanniyakumari,629251
2357,Tamil Nadu,"SCHOOL OF NURSING, SCUDDER MEMORIAL HOSPITAL, VELLORE","PRINCIPAL, SCHOOL OF NURSING",NA,RANIPET,Vellore,632401
2358,Tamil Nadu,"SCHOOL OF NURSING, THANJAVUR MEDICAL COLLEGE HOSPITAL THANJAVUR","School of Nursing, Thanjavur Medical College Hospital, Thanjavur",-,THANJAVUR,Thanjavur,613004
2359,Tamil Nadu,"SCHOOL OF NURSING, TIRUNELVELI MEDICAL COLLEGE HL, TIRUNELVELI","School of Nursing, Tirunelveli Medical College Hospital","School of Nursing, Tirunelveli Medical College Hospital",Tirunelveli,Tirunelveli,627011
2360,Tamil Nadu,"SCHOOL OF NURSING, TUTICORIN MEDICAL COLLEGE HL,TUTICORIN","PRINCIPAL,SCHOOL OF NURSING,GOVT.THOOTHUKUDI MEDICAL COLLEGE,THOOTHUKUDI-628008.",NA,thoothukudi,Thoothukkudi,628008
2361,Tamil Nadu,"School of Postgraduate Studies, Coimbatore",Tamil Nadu Agricultural University,-,Coimbatore,Coimbatore,641003
2362,Tamil Nadu,"Scott Christian College, Nagercoil - 629 003",K.P. ROAD,VETTURNIMADM POST,NAGERCOIL,Kanniyakumari,629003
2363,Tamil Nadu,SDNB VAISHNAV COLLEGE,Radha Nagar,Chromepet,Chennai,Chennai,600044
2364,Tamil Nadu,SEETHAIAMMAL POLYTECHNIC COLLEGE -,VEERAPANJAN,KARUPPAYURANI (PO),MADURAI,Madurai,625020
2365,Tamil Nadu,"Seethalakshmi Achi College for Women, Pallathur",Trichy to Karaikudi Main Road,Pallathur,Karaikudi,Sivaganga,630107
2366,Tamil Nadu,"Seethalakshmi Ramaswami College, Tiruchirappalli - 620 002.",Seethalakshmi Ramaswami College,Sankaran Pillai Road,Tiruchirappalli,Tiruchirappalli,620002
2367,Tamil Nadu,"SEETHALAKSHMI SCHOOL OF NURSING, ERODE","98,mill road,gobichettipalayam,gobi","98,mill road,gobighettipalayam,gobi",gobichettipalayam,Erode,638452
2368,Tamil Nadu,SEIKALATHUR KAMATCHIAMMAN POLYTECHNIC COLLEGE SEIKALATHUR,"GK complex,","Seikalathur Main Road,",manamadurai,Sivaganga,630606
2369,Tamil Nadu,Selvam Arts & Science college,"Ponnusamy Nagar, Salem Road,",Pappinaickenpatti(P.O),Namakkal,Namakkal,637003
2370,Tamil Nadu,Selvam College of Physical Education,"Salem Road, Ponnusamy Nagar.","Pappinaickenpatty Post,",Namakkal,Namakkal,637003
2371,Tamil Nadu,Selvam College of Technology,Ponnusamy Nagar,"Salem Road (NH-7), Pappinaickenpatti post",Namakkal,Namakkal,637003
2372,Tamil Nadu,SELVAM TEACHER TRAINING INSTITUTE PAPPINAYAKKAN,Pappinaickenpatty,Pappinaickenpatty,Namakkal,Namakkal,637003
2373,Tamil Nadu,SEMBODAI R V POLYTECHNIC COLLEGE SEMBODAI,SEMBODAI - PO,VEDARANIAM - TK,VEDARANIAM,Nagapattinam,614809
2374,Tamil Nadu,Sembodai Rukmani Varatharajan Engineering College,"sembodai and po,vedaraniam tk","nagapatinam dt,",vedaraniam,Nagapattinam,614809
2375,Tamil Nadu,SEMBODAI RV TEACHER TRAINING INSTITUTE VEDARANIAM,SEMBODAI - POST,SEMBODAI - 614809,VEDARANIYAM,Nagapattinam,614809
2376,Tamil Nadu,"Sengamala Thayaar Educational Trust Women's College, Mannargudi - 614 001.",0,"Mannargudi,Thiruvarur(dt)",Mannargudi,Thiruvarur,614016
2377,Tamil Nadu,Sengunthar Arts & Science College,Neikkarapatty,Kuppandapalayam Post,Tiruchengode,Namakkal,637205
2378,Tamil Nadu,Sengunthar College of Education,Omalur Main Road,THARAMANGALAM - (Po) 636 502,Salem,Salem,636502
2379,Tamil Nadu,Sengunthar College of Engineering,Sathinaickenpalayam (PO),Tiruchengode,Namakkal,Namakkal,637205
2380,Tamil Nadu,Sengunthar Engineering College,KOSAVAMPALAYAM,KUMARAMANGALAM POST,TIRUCHENGODE,Namakkal,637205
2381,Tamil Nadu,SENKATHIR TEACHER TRAINING INSTITUTE SULUR,"Wisdom Tree, S.F.No:806","Avinashi Road, Neelambur.",Coimbatore,Coimbatore,641062
2382,Tamil Nadu,SENTHAMARAI COLLEGE OF ARTS & SCIENCE,"VRS Garden, Vadapalanji",Palkalai Nagar,Madurai,Madurai,625021
2383,Tamil Nadu,SENTHAMIL COLLEGE,"54, Tamil Sangam Road,",NA,Madurai,Madurai,625001
2384,Tamil Nadu,Senthil College of Education,"Periyavadavadi,",Vriddhachalam,Vriddhachalam-606 104.,Cuddalore,606104
2385,Tamil Nadu,SENTHIL TEACHER TRAINING INSTITUTE VRIDDHACHALAM,"Periyavadavadi, Vriddhachalam","Junction Road, Senthil Clinic, Vriddhacahalam",Vriddhachalam,Cuddalore,606001
2386,Tamil Nadu,"SENTHUR POLYTECHNIC COLLEGE, NAMBIYUR",NAMBIYUR - AVINASHI MAIN ROAD,SAVAKKATTUPALAYAM,NAMBIYUR,Tiruppur,638460
2387,Tamil Nadu,"Servite Arts and Science College for Women, Thogaimalai Panchayat, Kaladai Village, Karur Dist. - 621 313",Renganathapuram Near,"T.Idaiyapatty,Keelaveliyur (PO),Thogaimalai",Karur,Karur,621313
2388,Tamil Nadu,Servite College of Education for Women,"Servite Convent, Therkupallam",Thogamalai - 621 313,Kulithalai,Karur,621313
2389,Tamil Nadu,"SERVITE COLLEGE OF NURSING (Inst. Code - 303), NAGAMANAGALAM, TRICHY","Nagamangalam,","Edamalaipattipudur Via,",Manikandam Po,Tiruchirappalli,620012
2390,Tamil Nadu,SESHASAYEE INSTITUTE OF TECHNOLOGY ARIYAMANGALAM,"6, INDUSTRIAL COLONY POST",ARIYAMANGALAM,TIRUCHIRAPPALLI,Tiruchirappalli,620010
2391,Tamil Nadu,Sethu Institute of Technology,PULLOOR,KARIAPATTI,KARIAPATTI,Virudhunagar,626115
2392,Tamil Nadu,"Sethupathi Govt. Arts College, Ramanathapuram","Achunthan Vayal ,Madurai Road ,Ramanathapuram","Achunthan Vayal ,Madurai Road ,Ramanathapuram",Ramanathapuram,Ramanathapuram,623502
2393,Tamil Nadu,SEVAMANDIR TEACHER TRAINING INSTITUTE FOR WOMEN PARANGIPETTAI,Agaram,Parangipettai.,Cuddalore,Cuddalore,608502
2394,Tamil Nadu,"SEVEN HILLS TEACHER TRAINING INSTITUTE, KARUMBUR, CUDDALORE",KARUMBUR POST,PANRUTI TK,NA,Cuddalore,607108
2395,Tamil Nadu,Seventh Day Adventist Reform Movement (SRM) College of Education,"Chinnakallupalli Village, Kalandhira Post,",Vaniyambadi Taluk,Vaniyambadi,Vellore,635751
2396,Tamil Nadu,Seventh-Day Adventist College of Education,Arts College Road,Otteri,Vellore,Vellore,632002
2397,Tamil Nadu,SFR COLLEGE FOR WOMEN,"Thiruthangal Road,",NA,Sivakasi - 626123,Virudhunagar,626123
2398,Tamil Nadu,SHAKTHI INSTITUTE OF TEACHER TRAINING & RESEARCH PALAKKANUTHU,"Sakthi Nagar, Palakkanuthu, Oddanchatram",Dindigul-Palani Main Road,Oddanchatram,Dindigul,624619
2399,Tamil Nadu,Shakthi Kailash College of Education for Women,"MILITARY ROAD, AMMAPET, SALEM - 636 003.","MILITARY ROAD, AMMAPET, SAEM - 636 003.",SALEM,Salem,636003
2400,Tamil Nadu,SHAKTHI KAILASH TEACHER TRAINING INSTITUTE AMMAPET,"MILITARY ROAD, AMMAPET, SALEM - 636 003.",NA,SALEM,Salem,636003
2401,Tamil Nadu,"SHANMUGA COLLEGE OF NURSING, SHANMUGA INSTITUTE OF PARA MEDICAL SCIENCES (Inst. Code - 158), SALEM","No:24, Sarada College road, Salem - 636007",nil,Salem,Salem,636007
2402,Tamil Nadu,"Shanmuga Industries arts &SCience college,(Co-Ed),Manalurpet road,604 401",Manalurpet Road,Kilanaikarai Village,Tiruvannamalai,Tiruvannamalai,606603
2403,Tamil Nadu,Shanmuganathan Engineering College,Arasampatti,Pillivalam (PO),Thirumayam TK,Pudukkottai,622507
2404,Tamil Nadu,"Shanmugha Arts, Science, Technology & Reserch Academy (SASTRA), Thanjavur",Tirumalaisamudram,Thanjavur,Thanjavur,Thanjavur,613401
2405,Tamil Nadu,SHANMUGHA POLYTECHNIC COLLEGE TIRUMALAISAMUDRAM,SASTRA UNIVERSITY CAMPUS,TIRUMALAISAMUDRAM EAST,THANJAVUR,Thanjavur,613401
2406,Tamil Nadu,"SHANTHI NIKETAN COLLEGE OF EDUCATION, THENI","Ward No.4,","Kombai Road,",Uthamapalayam,Theni,625533
2407,Tamil Nadu,"SHARMILA COLLEGE OF NURSING (Inst. Code - 072), CHENNAI","NO:1,7TH AVENUE, BESANT NAGAR",SAME AS ABOVE,CHENNAI,Chennai,600090
2408,Tamil Nadu,SHENBAGAM SCHOOL OF NURSING MADURAI,"PLOT NO: 149, ANNA NAGAR, MADURAI",-,MADURAI,Madurai,625020
2409,Tamil Nadu,"SHENBAGHA COLLEGE OF NURSING (Inst. Code - 317), CHENNAI",METTU STREET MATHIRAVEDU THIRUVERKADU CHENNAI,NA,CHENNAI,Chennai,600077
2410,Tamil Nadu,"SHERIL MARTH PARAMEDICAL INSTITUTION (Inst. Code - 516), THANJAVUR",3RD CROSS,ARULANANDHA NAGAR,THANJAVUR.,Thanjavur,613007
2411,Tamil Nadu,"SHEVAROYS COLLEGE OF ARTS AND SCIENCE, YERCAUD","Vazhavandhi, Yercaud",636 601,Salem,Salem,636601
2412,Tamil Nadu,Shevaroys College of Hotel Managemnt & Catering Technology,"HOSPITAL ROAD, HOTEL SHEVAROYS COMPLEX",YERCAUD-HILLS 636 601,SALEM,Salem,636601
2413,Tamil Nadu,SHEVAROYS INST OF CATERING AND HOTEL MANAGEMENT YERCAUD,"HOSPITAL ROAD, HOTEL SHEVAROYS COMPLEX",YERCAUD-HILLS 636 601,SALEM,Salem,636601
2414,Tamil Nadu,SHINY TEACHER TRAINING INSTITUTE CHIDAMBARAM,Navalingam Nagar,Chidambaram Taluk,Chidambaram,Cuddalore,608001
2415,Tamil Nadu,Shiri Kumaran College of Arts and Science,"Mettupalayam - Annur Main Road, 4-Road Junction","Bellathi (po), Karamadai-641104",NA,Coimbatore,641104
2416,Tamil Nadu,Shiva College of Education,"Manickapuram Road, Devanur",Thathiengarpet,Musiri,Tiruchirappalli,621214
2417,Tamil Nadu,SHIVA TEACHER TRAINING INSTITUTE MUSIRI,MANICKAPURAM ROAD,DEVANOOR POST,MUSIRI TK,Tiruchirappalli,621214
2418,Tamil Nadu,Shivani Engineering College,"TRICHY - DINDIGUL NH ROAD,","POOLANGULATHUPATTI,",TIRUCHIRAPPALLI,Tiruchirappalli,620009
2419,Tamil Nadu,Shivani Institute of Technology,Trichy - Dindigul Nh Road,Navalur Kuttappatu,Tiruchirappali,Tiruchirappalli,620009
2420,Tamil Nadu,Shivani School of Business Management,"Trichy-Dindigul NH,","Navalurkuttapattu,",Tiruchirappalli,Tiruchirappalli,620009
2421,Tamil Nadu,Shivparvathi Mandradiar College of Education,"Palayakottai,",Palayakottai (po),Tirupur,Erode,638108
2422,Tamil Nadu,"SHIVPARVATHI MANDRADIAR INSTITUTE OF HEALTH SCIENCES (Inst. Code - 278) , ERODE",Palayakottai(post),Nathakadaiyur(via),Kangeyam(TK),Erode,638108
2423,Tamil Nadu,"SHOBA SCHOOL OF NURSING, ERODE","18, Manal Medu, Erode",NA,Erode,Erode,638001
2424,Tamil Nadu,"Shree Arumugham Arts & Science College,Raja Nagar,Vaithiyanaythapuram,Tholudur-606 303","Shree Arumugham Arts & Science College,Raja Nagar,Vaithiyanaythapuram,Tholudur-606 303",Tholudur,Tholudur,Cuddalore,606303
2425,Tamil Nadu,SHREE CHANDRAPRABU JAIN COLLEGE,"kattur Road,Minjur",chennai metro,Tamilnadu,Chennai,601203
2426,Tamil Nadu,Shree College of Education,"31/3, A.G. Palayam",Alamplayam Post,Rasipuram,Namakkal,636203
2427,Tamil Nadu,Shree Motilal Kanhaiyalal Fomra Institute of Technology,"Fomra Nagar, Rajiv Gandhi Salai (OMR), IT Highway","Kelambakkam,",Chennai - 603103,Kancheepuram,603103
2428,Tamil Nadu,SHREE RAAMACHANDRA COLLEGE OF EDUCATION,"AGARAM VILLAGE, AGARAM KOOTTU ROAD,","GURURAJAPALAYAM POST,","AMBUR TALUK,",Vellore,632107
2429,Tamil Nadu,Shree Ragavendra College of Education,Keezhamoongiladi village,Chidambram Tk - 608001,NA,Cuddalore,608001
2430,Tamil Nadu,"Shree Raghavendra Arts &Science College ,Keezhamoongiladi,Chidhambaram-608 102",NEW STREET,KEEZHAMOONGILADI,CHIDAMBARAM-608102,Cuddalore,608102
2431,Tamil Nadu,"SHREE SATHYAM COLLEGE OF ENGINEERING AND TECHNOLOGY, SALEM","NH 47, Kuppanur byepass, Sankari",NA,NA,Salem,637301
2432,Tamil Nadu,"SHREE SIVAA HOSPITAL PVT. LTD., (Inst. Code - 390) COIMBATORE","61,ATHIPALAYAM PIRIVU, SATHY ROAD, GANAPATHY, COIMBATORE-6",NA,COIMBATORE,Coimbatore,641006
2433,Tamil Nadu,SHREE SURYA TEACHER TRAINING INSTITUTE NILAKKOTTAI,"Government Arts College Back side, Nilakottai","Government Arts College Back side, Nilakottai",Dindigul,Dindigul,624202
2434,Tamil Nadu,Shree Valli College of Education,"VAIKKALSET,ICHIPALAYAM,",KODUMUDI,ERODE(Dt)-638151,Erode,638151
2435,Tamil Nadu,SHREE VENKATESHWARA HI TECH POLYTECHNIC COLLEGE GOBI,"Sri Kalaivani Nagar, Othakuthirai, K.Mettupalayam Post, Gobichettipalayam, Erode 638 455",NA,ERODE,Erode,638455
2436,Tamil Nadu,Shree Venkateshwara Hi-Tech Engineering College,"Erode - Gobi Main Road, Sri Kalaivani Nagar, Othakuthirai,","K.Mettupalayam (Po), Gobichettipalayam - 638 455.",Gobichettipalayam,Erode,638455
2437,Tamil Nadu,Shreenivasa Engineering College,0,PAPPIREDDIPATTI TK,DHARMAPURI,Dharmapuri,635301
2438,Tamil Nadu,SHREENIVASA POLYTECHNIC COLLEGE B PALLIPATTI,"B.Pallipatti (p.o) , pappireddipatti (T.K)",Dharmapuri (DT) 636301,Dharmapuri,Dharmapuri,636301
2439,Tamil Nadu,Shri Andal Alagar College of Engineering,"#6, G.S.T. Road,",Mamandur - 603 111.,Chennai,Kancheepuram,603111
2440,Tamil Nadu,Shri Angalamman College of Engineering and Technology,RAMANAN NAGAR,SIRUGANOOR,TRICHIRAPPALLI,Tiruchirappalli,621105
2441,Tamil Nadu,SHRI ARUNACHALA COLLEGE OF ARTS AND SCIENCE (CO.ED),"Madhampatti (vill), Dhandukaranahalli, Near Vellichandai,",NA,palacode,Dharmapuri,636808
2442,Tamil Nadu,"SHRI BHARANI COLLEGE OF NURSING (Inst. Code - 334), SALEM","Opp.to ESI Hospital Quarters, M.Kollappatty(Po), Salem - 30.","239, Rajaram Nagar, Near Gandhi Stadium, Salem - 7.",Salem,Salem,636007
2443,Tamil Nadu,Shri Bharathi College of Education,"No.4/630, Shoolagiri Bye pass Road,",Royakottah Post - 635 116.,Krishnagiri district.,Krishnagiri,635112
2444,Tamil Nadu,SHRI BHARATHI TEACHER TRAINING INSTITUTE ROYAKOTTAH,"Thavalam,",Ittikkal Agaram (PO),krishnagiri,Krishnagiri,635112
2445,Tamil Nadu,SHRI KRISHNAA POLYTECHNIC COLLEGE -,"R.GOBINATHAMPATTY(PO),MORAPPUR(VIA),HARUR(TK)",NA,DHARMAPURI,Dharmapuri,635305
2446,Tamil Nadu,SHRI KRISHNASWAMY COLLEGE FOR WOMEN,"AC 48 6TH MAIN ROAD, ANNA NAGAR,CHENNAI-40",NA,CHENNAI,Chennai,600040
2447,Tamil Nadu,"SHRI RAMANAs ABC POLYTECHNIC COLLEGE PALAM RAJAKKAPATTI, DINDIGUL",PAPANAM PATTI POST,PALANI ROAD,DINDIGUL,Dindigul,624622
2448,Tamil Nadu,SHRI SATHYA SAI MEDICAL COLLEGE AND RESEARCH INSTITUTE,Thiruporur - Guduvancherry Main Road,"Ammapettai Village, Sembakkam Post,",Chengalpattu Taluk - 603 108,Kancheepuram,603108
2449,Tamil Nadu,SHRI SITHESWARAR POLYTECHNIC COLLEGE,Kalavai Road,Poongodu,ARCOT,Vellore,632503
2450,Tamil Nadu,Shri V.P.R. College of Education,KODANGIPATTI POST,BODINAYAKANUR TALUK,THENI,Theni,625547
2451,Tamil Nadu,SHRI VARUDHI TEACHER TRAINING INSTITUTE AMMAPET,"military road,amapet,salem",NA,salem,Salem,636003
2452,Tamil Nadu,Shri Vidhya Mandhir College of Education,Gurusamipalayam-637403,"Rasipuram Taluk,",Namakkal,Namakkal,637403
2453,Tamil Nadu,"Shrimati Indira Gandhi College, Tiruchirappalli - 620 002.","Post Box. No. 369, College Road,",Chatram Bus Stand Tiruchirappalli - 620 002,Tiruchirappalli,Tiruchirappalli,620002
2454,Tamil Nadu,"siddhar Sivagnanni Arts &Science college for Men,BommapalayamVillage&Post,Vanur Taluk-605 104","EAST COAST ROAD,NEAR AYYANAR KOIL",BOMMAYAPALAYAM - POST,VANUR TALUK,Viluppuram,605104
2455,Tamil Nadu,Siga College of Education,Chennai-Kubakonam Main Road,Kappiyampuliyur Village & Post,Villupuram,Viluppuram,605601
2456,Tamil Nadu,"SIGA College of Management and Computer Science,Kappiyampuliyur,Villupuram-605 601","Kappiyampuliyur,",Villupuram-District,VILLUPURAM,Viluppuram,605601
2457,Tamil Nadu,SIGA POLYTECHNIC COLLEGE EGMORE,"49, TAYLORS ROAD",KILPAUK,CHENNAI,Chennai,600010
2458,Tamil Nadu,SIGARAM TEACHER TRAINING INSTITUTE VANIYAMBADI,"Sigaram nagar, chettiyappanoor, vaniyambadi-635751","Sigaram nagar, chettiyappanoor, vaniyambadi-635751",Vaniyambadi,Vellore,635751
2459,Tamil Nadu,SIGMA COLLEGE OF ARCHITECTURE,Moododu,Anducode Post,Kanyakumari District,Tirunelveli,629168
2460,Tamil Nadu,"SIMPRA COLLEGE OF EDUCATION , THANJAVUR","203,M.C.Road,",Thanjavur,Thanjavur,Thanjavur,613007
2461,Tamil Nadu,SINDHI COLLEGE OF ARTS AND SCIENCE,"146,Poonamallee High Road,",NA,NA,Chennai,600077
2462,Tamil Nadu,"SINGAI SITHAR AYYA COLLEGE OF ARTS AND SCIENCE, A THEKKUR",A . THEKKUR,THIRUPATHUR,SIVANGANGAI,Sivaganga,630201
2463,Tamil Nadu,Sir Isaac Newton College of Engineering and Technology (New),Andhanapettai (Post),Pappakovil,Nagapattinam,Nagapattinam,611102
2464,Tamil Nadu,"Sir Issac Newton Arts & Science College, Pappakoil Village, Anthanapettai (Po), Nagapttinam Dt. - 611 001",Pappakovil Village,Anthanapettai,Nagapattinam,Nagapattinam,611102
2465,Tamil Nadu,Sir Issac Newton College of Education,pappakovil,Nagapattinam,Nagapattinam,Nagapattinam,611001
2466,Tamil Nadu,SIR ISSAC NEWTON POLYTECHNIC COLLEGE -PAPPAKOIL,pappakoil,Nagapattinam,Nagapattinam,Nagapattinam,611102
2467,Tamil Nadu,SIR THEAGARAYA COLLEGE,"New No.1047, old No.345,","T.H. Road, Old Washermanpet,",Chennai - 600 021.,Chennai,600021
2468,Tamil Nadu,Siri PSG Arts & Science College for Women,"Palanisamy Gounder Thottam, Tiruchengode Road",Sankari - 637 301,Salem,Salem,637301
2469,Tamil Nadu,SITARAJARAM POLYTECHNIC COLLEGE,Muthu Nagar,Hiraniyamangalam Mettupatty,Kulitalai,Karur,639107
2470,Tamil Nadu,"SIVA PARAMEDICAL SCHOOL OF NURSING, COIMBATORE",Zamin Kottampatti pirivu,"Valparai Main Road, Samathur (po), Pollachi",coimbatore,Coimbatore,642123
2471,Tamil Nadu,SIVA PARVATHI MANDRADIAR TEACHER TRAINING CENTRE ERODE,palayakottai,palayakottai(Po) Kangayam,Tirupur,Tiruppur,638108
2472,Tamil Nadu,"SIVA POLYTECHNIC COLLEGE, ZAMIN KOTTAMPATTI PIRIVU, POLLACHI",Zamin Kottampatti Pirivu,Samathur Post,Pollachi - 642 123,Coimbatore,642123
2473,Tamil Nadu,Sivagamiammal College of Arts & Science,KATTINAYANAPALLI,KRISHNAGIRI,KRISHNAGIRI,Krishnagiri,635001
2474,Tamil Nadu,Sivagamiammal College of Education,KATTINAYANAPALLI VILLAGE,KRISHNAGIRI - 635 001,KRISHNAGIRI,Krishnagiri,635001
2475,Tamil Nadu,"SIVAGANGAI GOVERNMENT MEDICAL COLLEGE (Inst. Code - 572), SIVAGANGAI",MELAVANIYANGUDI,NA,SIVAGANGAI,Sivaganga,630561
2476,Tamil Nadu,Sivaji College of Engineering and Technology,MANIVILAI,KANYAKUMARI DIST,marthandam,Kanniyakumari,629171
2477,Tamil Nadu,SIVAKASI INSTITUTE OF PRINTING TECHNOLOGY,A. Meenakshipuram,"Anaikuttam PO.,",Sivakasi,Virudhunagar,626130
2478,Tamil Nadu,SIVAKUMAR SCHOOL OF NURSING VELLORE,"ODIYATHUR ROAD, VETTUVANAM VILLAGE","PALLIKONDA VIA, ANAICUT TALUK",VELLORE,Vellore,635809
2479,Tamil Nadu,"Sivanthi Aditanar College, Pillayarpuram, Nagercoil - 629 501",Monikettipottal Post,Kanyakumari District,Kanyakumari,Kanniyakumari,629501
2480,Tamil Nadu,Sivanthi College of Education,"Pattanathar Garden, Sivanthi Nagar, Piraikudieruppu","Meyyur Post (Via), Udangudi",Thoothukudi,Thoothukkudi,628203
2481,Tamil Nadu,Sivanthi College of Education,"Metha Nagar, Andarkuppam,",Kundrathur,Chennai - 600 069.,Chennai,600069
2482,Tamil Nadu,"SIVANTHI TEACHER TRAINING INSTITUTE, UDANKUDI, THOOTHUKUDI","PATTANATHAR GARDEN,SIVANTHI NAGAR,PIRAIKUDIYERUPPU","MEYYUR (PO),UDANGUDI",THOOTHUKUDI,Thoothukkudi,628203
2483,Tamil Nadu,SIVANTHI TEACHER TRAINING INSTITUTION KUNDRATHUR,"Metha Nagar, Andarkuppam",Kundrathur,Chennai,Kancheepuram,600069
2484,Tamil Nadu,"SIVARAJ HOMOEOPATHIC MEDICAL COLLEGE AND RESEARCH INSTITUTE (Inst. Code - 211), SALEM","SIDDHAR KOVIL ROAD,","THUMBATHULLIPATTY,",SALEM,Salem,636307
2485,Tamil Nadu,"SIVARAJ NATUROPATHY AND YOGA MEDICAL COLLEGE (Inst. Code - 133), SALEM","Siddhar Kovil Road, Thumbathulipatty,","Permampatty post, 636307",Salem,Salem,636307
2486,Tamil Nadu,"SIVARAJ SIDDHA MEDICAL COLLEGE (Inst. Code - 329), SALEM",SIDDAR KOVIL MAIN ROAD,THUMBATHULIPATTY,SALEM,Salem,636307
2487,Tamil Nadu,SIVET COLLEGE,Velachery - Tambaram Main Road,Gowrivakkam,Chennai,Chennai,600073
2488,Tamil Nadu,SKA TEACHER TRAINING INSTITUTE MEENACHISUNDARNAD ST AUNDIPATTY,"Pon Nagar,Ethakovil Road, Aundipatti",NA,NA,Theni,625512
2489,Tamil Nadu,"SKANDHA SCHOOL OF ARCHITECTURE, NAMAKKAL","SSO Arch, KUDALUR POST, MAGUDANCHAVADI, SANKAGIRI TK",SALEM DISTRICT,SALEM DISTRICT,Namakkal,637103
2490,Tamil Nadu,SKT College of Physical Education,"PUTHUR, VAILANKANNI MAIN ROAD",ANTHANAPETTAI,NAGAPATTINAM,Nagapattinam,611002
2491,Tamil Nadu,SMR East Coast College of Engineering and Technology (New),East Coast Road,SMR EAST COAST COLLEGE OF ENGINEERING AND TECHNOLOGY,Thiruvathevan,Thanjavur,612614
2492,Tamil Nadu,Smt. A.K.D. Sakkaniamma College of Education for Women,"160/3, Shenbagathoppu Road",Rajapalayam,Virudhunagar District - 626 117,Virudhunagar,626117
2493,Tamil Nadu,Smt. Savithri College of Education,"Sannasipatti,","Poolankulathupatto Post,",Trichy 620 009,Tiruchirappalli,620009
2494,Tamil Nadu,SNS College of Engineering,"SNS KALVI NAGAR, SATHY MAIN ROAD","KURUMBAPALAYAM, COIMBATORE",COIMBATORE,Coimbatore,641107
2495,Tamil Nadu,SNS College of Technology,"SNS Kalvi Nagar, Sathy Main road(NH209), Vazhiyampalayam","SNS Kalvi Nagar, Sathy Main road(NH209), Vazhiyampalayam",Saravanampatti,Coimbatore,641035
2496,Tamil Nadu,SNT Global Academy of Management Studies and Technology,Chettipalayam Pirivu,Madukkarai -641 105,Coimbatore,Coimbatore,641105
2497,Tamil Nadu,SOKA IKEDA COLLEGE OF ARTS AND SCIENCE FOR WOMEN,"Sethu Bhaskara Nagar, Madhanangkuppam",NA,Chennai,Chennai,600099
2498,Tamil Nadu,Sona College of Technology,Junction Main Road,Suramangalam (P.O.),Salem,Salem,636005
2499,Tamil Nadu,"Sonai Meenal Arts and Science College, Mudukulathur",VENNIRVOIKKAL(POST),MUDUKULATHUR,MUDUKULATHUR,Ramanathapuram,623704
2500,Tamil Nadu,"SOORIYA HOSPITAL (Inst. Code - 574), CHENNAI","NO. 1, ARUNACHALAM ROAD",SALIGRAMAM,CHENNAI,Chennai,600093
2501,Tamil Nadu,SOORIYA SCHOOL OF NURSING CHENNAI,"26, KAVERI STREET, SALIGRAMAM, CHENNAI-93","115, JANAKI NAGAR, VALASARAVAKKAM,CHENNAI",CHENNAI,Chennai,600093
2502,Tamil Nadu,"SOUNDARAPANDIAN BONE AND JOINT HOSPITAL & RESEARCH INSTITUTE PVT LTD (Inst. Code - 571), CHENNAI","AA-16, 3RD MAIN ROAD,",ANNA NAGAR,CHENNAI,Chennai,600040
2503,Tamil Nadu,SOURASHTRA COLLEGE,"Vilachery Main Road,","Pasumalai (PO), Madurai - 625 004.",Madurai,Madurai,625004
2504,Tamil Nadu,SOURASHTRA COLLEGE FOR WOMEN,Pasumalai,Via Vilachery,Madurai,Madurai,625004
2505,Tamil Nadu,Sourashtra College of Education,NEAR POLICE QUARTER,NA,VEERAPANDI,Theni,625534
2506,Tamil Nadu,SOURASHTRA TEACHER TRAINING INSTITUTE VEERAPANDI,NEAR POLICE QUARTERS,NA,VEERAPANDI,Theni,625534
2507,Tamil Nadu,"SPC INSTITUTE OF NURSING EDUCATION AND RESEARCH (Inst. Code - 591), SALEM","S.F. NOS. 79/1-80 /10D, HARUR MAIN ROAD, ACHANKUTTAPATTY, SALEM- 636122.","S.F. NOS. 79/1-80 /10D, HARUR MAIN ROAD, ACHANKUTTAPATTY, SALEM- 636122.",SALEM,Salem,636122
2508,Tamil Nadu,SPECT POLYTECHNIC,"A.jattihalli(po) ,",Dharmapuri (dt).,Dharmapuri,Dharmapuri,636807
2509,Tamil Nadu,"SPINE ARTHROSCOPIC AND JOINT REPLACEMENT CENTRE PVT. LTD., (Inst. Code - 428), COIMBATORE","657, TRICHY ROAD, SINGANALLUR,",NA,COIMBATORE,Coimbatore,641005
2510,Tamil Nadu,"SREE ABIRAMI COLLEGE OF NURSING (Inst. Code - 313), COIMBATORE","Machegoundanpalayam, Eachanari post, Coimbatore - 641 021",NA,Coimbatore,Coimbatore,641021
2511,Tamil Nadu,"SREE ABIRAMI HOSPITAL (P) LTD., (Inst. Code - 387), COIMBATORE","33, MADUKKARAI ROAD, SUNDRAPURAM,COIMBATORE",0,COIMBATORE,Coimbatore,641024
2512,Tamil Nadu,Sree Amman Arts and Science College,Thairpalayam(po),Chittode,Erode,Erode,638102
2513,Tamil Nadu,SREE ARUMUGHAM POLYTECHNIC COLLEGE THOLUDUR,RAJA NAGAR,VAITHIYANATHAPURAM,THOLUDUR,Cuddalore,606303
2514,Tamil Nadu,Sree Arumugham Teacher Training College,"RAJA NAGAR,VAITHIYANATHAPURAM",THOLUDUR-606303,CUDDALORE,Cuddalore,606303
2515,Tamil Nadu,"Sree Ayyappa College for Women, Ayyappanagar, Chunkankadai - 629 807, Nagercoil - 629 807",AYYAPPA COLLEGE ROAD,CHUNKANKADAI POST,NAGERCOIL,Kanniyakumari,629003
2516,Tamil Nadu,SREE BALAKRISHNA COLLEGE OF ARTS & SCIENCE,Vanniyampatti Road,"Mettamalai, Chatrapatti",Rajapalayam,Virudhunagar,626102
2517,Tamil Nadu,Sree Krishna College of Education,"Alarveli,","Porayar,",Nagapattinam - 609 307.,Nagapattinam,609307
2518,Tamil Nadu,Sree Krishna College of Engineering,"UNAI, ANAICUT - POST",VELLORE 632 101,VELLORE,Vellore,632101
2519,Tamil Nadu,SREE KRISHNA POLYTECHNIC COLLEGE VADASERY,"""DWARAKA"", KALLIANCAUD,",NAGERCOIL-629003,NAGERCOIL,Kanniyakumari,629003
2520,Tamil Nadu,SREE KUMARAGURU POLYTECHNIC COLLEGE HARUR,SREE KUMARAGURU POLYTECHNIC COLLEGE HARUR,"KOKKARAPATTY (PO),PAPPIREDDIPATTI (TK) HARUR - 636905",DHARMAPURI,Dharmapuri,636905
2521,Tamil Nadu,"SREE MOOKAMBIKA INSTITUTE OF DENTAL SCIENCES (Inst. Code - 203), KANNIYAKUMARI","PADANILAM WELFARE TRUST,","V.P.M. COMPLEX, PADANILAM",KULASEKHARAM,Kanniyakumari,629161
2522,Tamil Nadu,"SREE MOOKAMBIKA INSTITUTE OF MEDICAL SCIENCES (Inst. Code - 242), KANNIYAKUMARI",Velayuthan Pillai Memorial Hospital Complex,"Padanilam, Kulasekharam Post",Kulasekharam,Kanniyakumari,629161
2523,Tamil Nadu,SREE MUTHUKUMARASWAMY COLLEGE,"92/1 &9, 8TH BLOCK, MUTHAMIZH NAGAR",CHENNAI-118,CHENNAI,Chennai,600118
2524,Tamil Nadu,Sree Narayana Guru College,"NH-47, Palakkad Main Road",K G Chavadi,Coimbatore,Coimbatore,641105
2525,Tamil Nadu,Sree Narayana Guru Institute of Management Studies,"NH 47, PALAKKAD MAIN ROAD","KG CHAVADI, MADUKKARAI POST",COIMBATORE,Coimbatore,641105
2526,Tamil Nadu,SREE NARAYANAGURU POLYTECHNIC COLLEGE MADUKKARAI,SREE NARAYANA GURU NAGAR,MADUKKARAI,COIMBATORE - 641 105,Coimbatore,641105
2527,Tamil Nadu,Sree Ramakrishna college of Education,Padanilam,Kulasekharam po,Kulasekharam,Kanniyakumari,629161
2528,Tamil Nadu,"SREE RAMAKRISHNA MEDICAL COLLEGE OF NATUROPATHY AND YOGIC SCIENCES (Inst. Code - 161), KANYAKUMARI",PADANILAM,KULASEKHARAM,KULASEKHARAM,Kanniyakumari,629161
2529,Tamil Nadu,Sree Ramu College of Arts and Science,"N.M.SUNGAM, VEDASENTHUR POST, POLLACHI TK","N.M.SUNGAM, VEDASENTHUR POST, POLLACHI TK",POLLACHI,Coimbatore,642007
2530,Tamil Nadu,Sree Sakthi Engineering College,"899/1 & 898/2, Bettathapuram,","Karamadai,",Coimbatore,Coimbatore,641104
2531,Tamil Nadu,Sree Saraswathi Thiagaraja College,Palani Road,Thippampatti,Pollachi,Coimbatore,642107
2532,Tamil Nadu,Sree Sastha College of Education,"Chennai - Bangalore Highway, Chembarambakkam",Chennai - 600123,Chennai,Thiruvallur,600123
2533,Tamil Nadu,Sree Sastha College of Engineering,CHEMBARAMBAKKAM VILLAGE ROAD,CHEMBARAMBAKKAM,CHENNAI,Kancheepuram,600123
2534,Tamil Nadu,"SREE SASTHA COLLEGE OF NURSING (Inst. Code - 335), CHENNAI",CHENNAI - BANGALORE HIGHWAY,"CHEMBARABAKKAM,CHENNAI -600123",CHENNAI -600123,Chennai,600123
2535,Tamil Nadu,Sree Sastha Institute of Engineering and Technology,CHEMBARAMBAKKAM,CHENNAI - BANGALORE HIGHWAY,CHENNAI,Thiruvallur,600123
2536,Tamil Nadu,"Sree Sevugan Annamalai College, Devakottai","Sree Sevugan Annamalai College, Devakottai","Sree Sevugan Annamalai College, Devakottai",Devakottai,Sivaganga,630303
2537,Tamil Nadu,Sree Sowdambika College of Engineering,Chettikurichi post,Aruppukottai,Aruppukottai,Tirunelveli,626134
2538,Tamil Nadu,SREE SREENIVAASAR TEACHER TRAINING INSTITUTE PANAGUDI,"Nagore, Panangudi, Nagapattinam (District)","Nagore, Panangudi, Nagapttinam (District)",Nagapattinam,Nagapattinam,611002
2539,Tamil Nadu,"SREE VAIKUNDAR POLYTECHNIC COLLEGE PILLAYARPURAM, KANYAKUMARI",Pillayarpuram,Monikattipottal Post,Nagercoil,Kanniyakumari,629501
2540,Tamil Nadu,"SREE VARI MAYASUDHAN COLLEGE OF POLYTECHNIC IDDAYAR KUDIIRUPPU, RAMANATHAPURAM","IDDAYAR KUDIERUPPU, PARTHIBANUR- 623608",PARAMAKUDI (TALUK),PARAMAKUDI,Ramanathapuram,623608
2541,Tamil Nadu,Sree Velavan College of Education,"College Road,Mellpakkam Village,TNCC Godown.","Ayyanthoppu Post, Tindivanam T.K.,",Tindivanam,Viluppuram,604001
2542,Tamil Nadu,Sree Vinayaka Vidyalaya College of Education,"Errattaikaradu,Paruvachi-post.","Anthiyur-via,Bhavani-TK",Erode-638312,Erode,638312
2543,Tamil Nadu,"Sreemath Sivagnana Balaya Swamigal Tamil Arts &Science College ,Mailam-604 304",NO 4 SANNATHI STREET,MAILAM,TINDIVANAM TALUK,Viluppuram,604304
2544,Tamil Nadu,"SRESAKTHIMAYEIL INSTITUTE OF NURSING AND RESEARCH (Inst. Code - 262), NAMAKKAL","NATARAJAPURAM, NH - 544, (SALEM TO COIMBATORE)","NATARAJAPURAM, NH - 544, (SALEM TO COIMBATORE)",KUMARAPALAYAM,Namakkal,638183
2545,Tamil Nadu,SRG Engineering College,"SH-95,MOHANUR ROAD",ANIYAPURAM,NAMAKKAL,Namakkal,637017
2546,Tamil Nadu,SRI ADHISANKARAR POLYTECHNIC COLLEGE IRUNGALUR,"NEAR RAMAR KOIL,NATIONAL HIGHWAYS",IRUNGALUR,Tiruchirappalli,Tiruchirappalli,621105
2547,Tamil Nadu,SRI ADHISANKARAR TEACHER TRAINING INSTITUTE MANNACHANALLUR,NEAR RAMAR KOVIL,IRUNGALUR,TRICHY,Tiruchirappalli,621105
2548,Tamil Nadu,"Sri Adichunchanagiri women's college, Cumbum",Cumbum - Kumily Road,Cumbum,Tamilnadu,Theni,625516
2549,Tamil Nadu,SRI AHOBILA MUTH SANSKRIT COLLEGE,53,Sannadhi Street,Madhuranthakam 603 306,Chennai,603306
2550,Tamil Nadu,"Sri Akilandeshwari Women's College,ThindivanamHigh Way,Vandavasi-604408",Thindivanam Highway,NA,Wandiwash,Tiruvannamalai,604408
2551,Tamil Nadu,Sri Amirtha College of Education,"Ponnusamy Nagar, Salem Road",Pappinaickenpatty,Namakkal,Namakkal,637003
2552,Tamil Nadu,Sri Amman College of Education,"THOGAIMALAI MAIN ROAD,POTHAVOOR,","INAMPULIYUR POST,SRIRANGAM,",TRICHY,Tiruchirappalli,639103
2553,Tamil Nadu,"SRI ANNAI ABHIRAMI POLYTECHNIC COLLEGE, PUDUKKOTTAI",PUDUKKOTTAI TO THANJAVUR ROAD,PERUNGALUR,PUDUKKOTTAI,Pudukkottai,622203
2554,Tamil Nadu,"SRI ANNAI POLYTECHNIC COLLEGE, VELLORE","INDIRA NAGAR, EARAYANKADU VILLAGE & POST","VIA SEDHUVALAI, VELLORE TALUK & DIST",VELLORE-632104,Vellore,632104
2555,Tamil Nadu,SRI ANNAMALAI POLYTECHNIC COLLEGE PADUR,"CHENNAI HIGH WAY,PADUR POST,","ULUNDURPET TALUK,VILLUPURAM DT",VILLUPURAM,Viluppuram,606115
2556,Tamil Nadu,Sri Annamalaiyar College of Education,Tindivanam Road,Chinnakangeyanur Village,Tiruvannamalai,Tiruvannamalai,606611
2557,Tamil Nadu,"SRI ANNAMALAIYAR COLLEGE OF PARAMEDICAL SCIENCES (Inst. Code - 559), DHARMAPURI","4 /556 -1, R.S. Road, Railway Station Road",Dharmapuri,Dharmapuri,Dharmapuri,636701
2558,Tamil Nadu,SRI ANNAMALAIYAR TEACHER TRAINING INSTITUTE KRISHNAGIRI MAIN ROAD BARUGUR,"No.87,KSG Building, Vaniyambadi Road, Bargur, Krishnagiri District, 635104",NA,NA,Krishnagiri,635104
2559,Tamil Nadu,"Sri Aravindar Arts &science College ,Pondy-Mailam Road,Sedarapet-605 111","Pondy_mailam Road, Sedarapet P.O.",Vanur T.K.,Villupuram,Viluppuram,605111
2560,Tamil Nadu,Sri Aravindar Engineering College,"Pondy- Road, Sedarapet Post,",Vanur Taluk,Akasampet,Viluppuram,605111
2561,Tamil Nadu,"SRI AUROBINDO COLLEGE OF NURSING (Inst. Code - 294), KARUR","TNPL - Road, Punnamchathram, Karur - 639136",NA,Karur,Karur,639136
2562,Tamil Nadu,SRI AYYAPPA POLYTECHNIC COLLEGE AIVADHUGUDI,AIVADHUGUDI,ERANJI POST,VRIDHACHALAM,Cuddalore,606305
2563,Tamil Nadu,Sri Balaji Chockalingam Engineering College,Arcot Road,Irumbedu,Arni-632317,Tiruvannamalai,632317
2564,Tamil Nadu,Sri Balaji College of Education,"S.No.309/5, Knowledge temple campus,","Shri Ramachandra nagar, cheranmahadevi, Tirunelvel",Tirunelveli,Tirunelveli,627414
2565,Tamil Nadu,Sri Balaji College of Education,"Arcot Road, A.C.S.Nagar",Irumbedu,Arni,Tiruvannamalai,632317
2566,Tamil Nadu,"SRI BALAJI COLLEGE OF NURSING (Inst. Code - 386), TIRUNELVELI",309/5 KNOWLEDGE TEMPLE CAMPUS,SHRI RAMACHANDRA NAGAR,CHERANMAHADEVI,Tirunelveli,627414
2567,Tamil Nadu,SRI BALAJI POLYTECHNIC COLLEGE CHENGALPET,"BALAJI NAGAR KOLAPAKKAM, VANDALUR CHENNAI 48",NA,CHENNAI,Kancheepuram,600127
2568,Tamil Nadu,SRI BALAJI TEACHER TRAINING INSTITUTE FOR WOMEN CHERANMAHADEVI,309/5 KNOWLEDGE TEMPLE CAMPUS,SHRI RAMACHANDRA NAGAR,CHERANMAHADEVI,Tirunelveli,627414
2569,Tamil Nadu,SRI BALAJI TEACHERS TRAINING INSTITUTE SWAMY EDUCATIONAL TRUST CHROMEPET,"No.2, 7th Main Road","New Colony, Chrompet",Chennai -44,Kancheepuram,600044
2570,Tamil Nadu,SRI BALAKRISHNA POLYTECHNIC COLLEGE DHARAPURAM,opp to Salem Airport,Omalur Tk,Salem Dt,Salem,636309
2571,Tamil Nadu,Sri Balamurugan College of Arts & science,"SATHAPPADI, MECHERI-VIA,","METTUR-TK, SALEM-DT.",SALEM,Salem,636451
2572,Tamil Nadu,SRI BALAMURUGAN POLYTECHNIC COLLEGE THALAYUTHU,THALAIYUTHU,PALANI-624618,PALANI,Dindigul,624618
2573,Tamil Nadu,"Sri Bharathi Arts and Science College (W), Pudukkottai 622 303.",Kaikkurichi,Pudukkottai - 622 303,Pudukkottai,Pudukkottai,622303
2574,Tamil Nadu,Sri Bharathi Engineering College for Women,"ARANTHANGI ROAD, KAIKKURICHI,",ALANGUDI (TALUK),PUDUKKOTTAI-622303,Pudukkottai,622303
2575,Tamil Nadu,SRI BHARATHI POLYTECHNIC COLLEGE FOR WOMEN KAIKKURICHI,KAIKKURICHI(PO),ALANGUDI(T.K),PUDUKKOTTAI,Pudukkottai,622303
2576,Tamil Nadu,"SRI BHARATHI TEACHER TRAINING INSTITUTE (W), PUDUKOTTAI",KAIKKURICHI,KAIKKURICHI-622 303,ALANGUDI TALIK,Pudukkottai,622303
2577,Tamil Nadu,"SRI BHARATHI TEACHER TRAINING INSTITUTE, ILLUPPUR, PUDUKOTTAI","Mettusali,Townpanchayat",Illuppur,Pudukkottai,Pudukkottai,622102
2578,Tamil Nadu,SRI BHARATHI VELU POLYTECHNIC COLLEGE MELVENKATAPURAM,"jambukulam road,melvenkatapuram,katrambakkam post",NA,sholinghur,Vellore,631102
2579,Tamil Nadu,"Sri Bharathi Women arts&Science,Arni-VelloreMain,Road,Kunnathur,Arni-632314",",Arni-VelloreMain,Road,Kunnathur,Arni-632314",NA,Arni,Tiruvannamalai,632314
2580,Tamil Nadu,"Sri Bharathivelu arts &Science Kalpattu,Sholinghur-631 102","Sholinghur to Thiruthani High Road,",Kalpattu,Sholinghur,Vellore,631102
2581,Tamil Nadu,SRI BHAVANI VIDYALAYA T.T.I. FOR WOMEN THIRUVANTHIPURAM,"Thiruvanthipuram Main Road, K.N. Pettai",Cuddalore,Cuddalore,Cuddalore,607401
2582,Tamil Nadu,"Sri Chandrasekharendra Saraswathi Vishwa Mahavidyalaya, Kancheepuram",Sri Chandrasekharendra Saraswathi Vishwa Mahavidyalaya University,Enathur,Kancheepuram,Kancheepuram,631561
2583,Tamil Nadu,Sri Devi College of Education,"Krishnapuram, Ponneri",Thiruvallur - 601 204,Thiruvallur,Thiruvallur,601204
2584,Tamil Nadu,"SRI DEVI COLLEGE OF NURSING (Inst. Code - 481), THIRUVALLUR","SRIDEVI COLLEGE OF NURSING, KRISHNAPURAM,",PONNERI-601204,PONNERI,Thiruvallur,601204
2585,Tamil Nadu,"Sri Devi Kumari Women's College, Kuzhithurai, Kanyakumari Dist",Principal,"Sree Devi Kumari Women's College, Kuzhithurai",Kuzhithurai,Kanniyakumari,629163
2586,Tamil Nadu,SRI DEVI TEACHER TRAINING INSTITUTE KRISHNAPURAM PONNERI,Tiruvallur district,NA,ponneri,Thiruvallur,601204
2587,Tamil Nadu,SRI DURGA DEVI POLYTECHNIC COLLEGE KHIZL MUDALAM BEDU,"RSM NAGAR, KAVARAIPETTAI - 601206",GUMMIDIPOONDI TK,CHENNAI,Thiruvallur,601206
2588,Tamil Nadu,SRI DURGA SCHOOL OF NURSING PUDUKKOTTAI,"Thottaiampatti, Ponnamaravathy-622 407.",NA,NA,Pudukkottai,622407
2589,Tamil Nadu,Sri Eshwar College of Engineering,"Kondampatti Post, Vadasitur (Via)","Kinathukadavu,",Coimbatore,Coimbatore,641202
2590,Tamil Nadu,Sri Ganesh College of Arts & Science,Kamaraj Nagar Colony,Ammapet,Salem - 636 014.,Salem,636014
2591,Tamil Nadu,Sri Ganesh College of Education,"KAMARAJ NAGAR COLONY, AMMAPET, SALEM -14","KAMARAJ NAGAR COLONY, AMMAPET, SALEM -14",Salem,Salem,636014
2592,Tamil Nadu,Sri Ganesh School of Business management,DEPARTMENT OF MANAGEMENT STUDIES,"ATTUR MAIN ROAD, METTUPATTI POST, SALEM - 636 111.",SALEM,Salem,636111
2593,Tamil Nadu,Sri Gokulakrishna College of Education,"Aattukarampatti, Pennagaram Main Road,","Sogathur (po), Dharmapuri-636809",NA,Dharmapuri,636809
2594,Tamil Nadu,"SRI GOKULAM COLLEGE OF NURSING (Inst. Code - 217), SALEM","3/836,Periyakalam, Neikkarapatti",NA,Salem-636010.,Salem,636010
2595,Tamil Nadu,"SRI GOKULAM HOSPITAL (Inst. Code - 361), SALEM","3/60, MEYYANUR ROAD",SALEM,SALEM,Salem,636004
2596,Tamil Nadu,Sri GVG Visalakshi College for Women,Palani Road,S.V.Mills Post,Udumalpet - 642 128,Tiruppur,642128
2597,Tamil Nadu,SRI HAYAGREEVA ARTS & SCIENCE COLLEGE,"METTUR GATE,NH 7,MADURAI TO DINDIGUL HIGHWAY",NILAKOTTAI TALUK,DINDIGUL,Dindigul,624206
2598,Tamil Nadu,SRI ISSAC NEWTON TEACHER TRAINING INSTITUTE KADAMBADY,Pappakoil,Nagapattinam,Nagapattinam,Nagapattinam,611001
2599,Tamil Nadu,SRI JAY MARUTHI POLYTECHNIC COLLEGE MANIVIZHUNDAN SOUTH,Manivizhundan South (Post),Attur (Taluk),Salem (District),Salem,636121
2600,Tamil Nadu,Sri JayaJothi College of Education,"STEEL PLANT MAIN ROAD,PAVALATHANOUR(PO)","Omalur (TK),THARAMANGALAM, Salem (Dt), 636502",salem.,Salem,636502
2601,Tamil Nadu,SRI JAYARAM INSTITUTE OF ENGINEERING AND TECHNOLOGY,"51N ELAVUR, 58N NATHAM",GUMMIDIPOONDI,GUMMIDIPOONDI,Thiruvallur,601201
2602,Tamil Nadu,SRI JEYA SCHOOL OF NURSING VELLORE,No 4 Mugunthan nagar TNHB Phase II,Dharmapuri Road,Tirupattur,Vellore,635601
2603,Tamil Nadu,Sri Jeyandra Saraswathy Maha Vidyalaya College of Arts & Science,"182,S.I.H.S COLONY ROAD",SINGANALLUR,COIMBATORE,Coimbatore,641005
2604,Tamil Nadu,Sri K Ramachandra Naidu College of Education,"K. R. Naidu Nagar, Paruvakudi (Village), Karivalamvandanallur (Via)","Sankarankovil (Tk), Tirunelveli (Dt) - 627 753.",Sankarankovil,Tirunelveli,627753
2605,Tamil Nadu,SRI K.RAMACHANDRA NAIDU TEACHER TRAINING INSTITUTE SANKARANKOVIL,"K.R.NAIDU NAGAR,PARUVAKUDI, KARIVALAM (Via)",NA,SANKARANKOVIL,Tirunelveli,627753
2606,Tamil Nadu,SRI KAILASH WOMENS COLLEGE,"PERIYERIVILLAGE,V.KUTTUROAD,THALAIVASAL",AATUPPANAI(PO),ATTUR,Salem,636112
2607,Tamil Nadu,SRI KALISWARI COLLEGE,A.Meenakshipuram,Anaikuttam Post,Sivakasi - 626 130,Virudhunagar,626130
2608,Tamil Nadu,"SRI KALISWARI INSTITUTE OF MANAGEMENT AND TECHNOLOGY, VIRUDHUNAGAR",A.Meenakshipuram,Anaikuttam (post),Sivakasi,Virudhunagar,626130
2609,Tamil Nadu,Sri Kandhan College of Arts & Science,GOPALAPURAM,SOWTHAPURAM POST,ERODE 638008,Erode,638008
2610,Tamil Nadu,SRI KANYAKA PARAMESWARI ARTS AND SCIENCE COLLEGE FOR WOMEN,"NO.1, AUDIAPPA STREET",PARRYS,CHENNAI,Chennai,600001
2611,Tamil Nadu,SRI KARPAGA POLYTECHNIC COLLEGE KANCHIPURAM,OLIMUGAMEDPETTAI,OPP.EB GODOWN,KANCHIPURAM,Kancheepuram,631502
2612,Tamil Nadu,Sri Krishna Adithya College of Arts and Science,Arivozhi Nagar,Kovaipudur (Post),Coimbatore,Coimbatore,641042
2613,Tamil Nadu,Sri Krishna Arts and Science College,SUGUNAPURAM,KUNIAMUTHUR (POST),COIMBATORE,Coimbatore,641008
2614,Tamil Nadu,Sri Krishna College of Engineering,"TRS CAMPUS, SRI KRISHNA NAGAR,",TIRUTTANI ROAD,ARAKKONAM,Vellore,631003
2615,Tamil Nadu,Sri Krishna College of Engineering and Technology,"Sugunapuram, Kuniamuthur Post",Coimbatore-641008,Coimbatore,Coimbatore,641008
2616,Tamil Nadu,Sri Krishna College of Technology,Kovaipudur,Arivoli Nagar,Coimbatore,Coimbatore,641042
2617,Tamil Nadu,Sri Krishna Engineering College,"Panapakkam, Near Padappai","Via-Tambaram,Chennai",Chennai,Kancheepuram,601301
2618,Tamil Nadu,Sri Krishna Institute of Management,Sugunapuram,Kuniamuthur,Coimbatore,Coimbatore,641008
2619,Tamil Nadu,"SRI KRISHNA INSTITUTE OF NURSING, (Inst. Code - 620), Salem","#123,124, Kangeyanur Vil, Maattukkaranputhur (Po), Omalur (Tk), Salem - 636305.","URG Educational Charitable Trust,63, Sannathi Street, Tharamangalam, Salem.",Salem,Salem,636305
2620,Tamil Nadu,Sri Krishna Institute of Technology,"Panapakkam, Via Tambaram",Padappai,Chennai,Kancheepuram,601301
2621,Tamil Nadu,SRI KRISHNA POLYTECHNIC COLLEGE SEVUGAMPATTI,MADURAI MAINROAD,BATLAGUNDU,NILAKKOTTAI,Dindigul,624202
2622,Tamil Nadu,SRI KRISHNA POLYTECHNIC COLLEGE VADAMAMBAKKAM,"TCR COMPLEX, TIRUTTANI ROAD",ARAKKONAM,ARAKKONAM,Vellore,631003
2623,Tamil Nadu,"Sri Krishna Polytechnic College, Kovaipudur",KOVAIPUDUR,ARIVOZHI NAGAR,COIMBATORE,Coimbatore,641042
2624,Tamil Nadu,SRI KRISHNA TEACHER TRAINING INSTITUTE ARAKKONAM,"TRS CAMPUS, SRI KRISHNA NAGAR",TIRUTTANI HIGH ROAD,ARAKKONAM,Vellore,631003
2625,Tamil Nadu,Sri Kubera Vinayagar College of Education,Thamaraipulam (Post),Vedaraniyam (Tk),Nagapattinam (Dt),Nagapattinam,614809
2626,Tamil Nadu,Sri Kumaran B.Ed College,Thamarankottai village,Pattukkottai,pattukkottai,Thanjavur,614613
2627,Tamil Nadu,"SRI KUMARAN SCHOOL OF NURSING, CHENNAI","No.129, By Pass Road,","Near Kamatchi Amman Temple, Redhills,",Chennai-52.,Chennai,600052
2628,Tamil Nadu,Sri Lakshmi Ammal Engineering College,"AGARAM THEN ROAD,",THIRUVANCHERY,"SELAIYUR , CHENNAI 600126",Kancheepuram,600126
2629,Tamil Nadu,"Sri Lakshmi College of Arts & Science ,BangalamVillage,Thottiyam Post,Kallakurchi Taluk",BANGARAM,THOTTIYAM POST,KALLAKURCHI,Viluppuram,606201
2630,Tamil Nadu,Sri Lakshmi College of Education,K.K.C Kalvi Valagam,Karadikulam Post,Jayankondam,Ariyalur,621802
2631,Tamil Nadu,SRI LAKSHMI TEACHER TRAINING INSTITUTE VELAYUTHA NAGAR JAYANKONDAM,"K.K.C.KALVIVALAGAM, KARADICULAM, JAYAMKONDAM.",NA,JAYANKONDAM,Ariyalur,621802
2632,Tamil Nadu,"SRI MAHALAKSHMI POLYTECHNIC COLLEGE POONDIYANKUPPAM, CUDDALORE","CUDDALORE TO CHIDAMBARAM MAIN ROAD,","VAIRANKUPPAM, POONDIYANKUPPAM POST",CUDDALORE,Cuddalore,607005
2633,Tamil Nadu,SRI MAHALAKSHMI TEACHERS TRAINING INSTITUTE FOR WOMEN PALLADAM TIRUPUR,"163/1A , Ugayanoor Village , Pallavarayan Palayam, Pollikalipalayam(Post),Tirupur","Mahalakshmi kovil, Dharapuram Road ,Polikalipalayam(post).",Tirupur,Tiruppur,641665
2634,Tamil Nadu,Sri Manickam College of Education,"M R M NAGAR,",SIVAPURAM (PO),THIRUMAYAM (TK) Pudukkottai Dt-622 422,Pudukkottai,622422
2635,Tamil Nadu,SRI MEENAKSHI GOVERNMENT COLLEGE FOR WOMEN,"BANAGAL BUILDINGS, GORIPALAYAM",MADURAI,MADURAI- 625 002,Madurai,625002
2636,Tamil Nadu,"SRI MOOGAMBIGAI POLYTECHNIC COLLEGE, HOSUR MAIN ROAD, MADHAMPATTI","HOSUR MAIN ROAD,MADHAMAPTTAI","DHANDUKARANAHALLI POST, PALACODE",DHARMAPURI,Dharmapuri,636808
2637,Tamil Nadu,"SRI MOOKAMBIGAI SCHOOL OF NURSING, TIRUCHIRRAPPALLI","36,Nawab Garden street,woraiyur, trichirapalli-3","Pudukkottai main Road,nirmal Nagar,Mathur,Trichy",Trichirapalli,Tiruchirappalli,622515
2638,Tamil Nadu,"SRI MOOKAMBIKA COLLEGE OF NURSING (Inst. Code - 137), KANNIYAKUMARI",V.P.M. Hospital Complex,Padanilam,Kulasekharam,Kanniyakumari,629161
2639,Tamil Nadu,Sri Muppudathi Amman College of Education,"Adaikalapattanam,",Alangulam,Tirunelveli,Tirunelveli,627808
2640,Tamil Nadu,SRI MUPPUDATHIAMMAN TEACHERS TRAINING INSTITUTE ALANGULAM,Adikalapattanam,Alangulam,Tirunelveli,Tirunelveli,627808
2641,Tamil Nadu,SRI MUTHALAMMAN POLYTECHNIC COLLEGE THELICHATHANALLUR,SOMANATHAPURAM,THELICHATHANALLUR (POST),PARAMAKUDI,Ramanathapuram,623707
2642,Tamil Nadu,SRI MUTHUKUMARAN ARTS AND SCIENCE COLLEGE,CHIKKARAYAPURAM,KUNDRATHUR,CHENNAI,Chennai,600069
2643,Tamil Nadu,Sri Muthukumaran College of Education,Chikkarayapuram,Kundrathur Main Road,Chennai,Chennai,600069
2644,Tamil Nadu,Sri Muthukumaran Institute of Technology,chikkarayapuram near mangadu,NA,chennai,Kancheepuram,600069
2645,Tamil Nadu,"SRI MUTHUKUMARAN MEDICAL COLLEGE HOSPITAL AND RESEARCH INSTITUTE (Inst. Code - 349), CHENNAI","CHIKKARAYAPURAM, NEAR MANGADU, CHENNAI, TAMILNADU",NA,CHENNAI,Chennai,600069
2646,Tamil Nadu,SRI NAGALAKSHMI AMMAL COLLEGE OF SCIENCES,PAPPUNAYAKKANPATTY - 625708,KUNNATHUR (VIA),PERAIYUR(TK),Madurai,625708
2647,Tamil Nadu,SRI NALLALAGHU POLYTECHNIC COLLEGE THANDAL KALANI,GNT ROAD,THANDAL KALANI,CHENNAI,Thiruvallur,600066
2648,Tamil Nadu,Sri Nandhanam College of Engineering and Technology,Molakaranpatti (village),Tirupattur,Tirupattur,Vellore,635601
2649,Tamil Nadu,SRI NANDHANAM POLYTECHNIC COLLEGE MOLAGARAMPATTI,MOLAGARAMPATTI,TIRUPATTUR,TIRUPATTUR,Vellore,635602
2650,Tamil Nadu,"SRI NARAYANI COLLEGE OF NURSING (Inst. Code - 236), VELLORE","CHEKKANUR,SRIPURAM,VELLORE -55","CHEKKANUR,SRIPURAM,VELLORE -55",VELLORE,Vellore,632055
2651,Tamil Nadu,Sri Nehru Maha Vidyalaya College of Arts and Science,Shri Gambhirmal Bafna Nagar,Malumachampatti,Coimbatore - 641050,Coimbatore,641050
2652,Tamil Nadu,SRI PADMAM POLYTECHNIC COLLEGE PACHAL,"441,PACHAL TIRUPATTUR.T.K.635601","441,PACHAL TIRUPATTUR.T.K.635601",TIRUPATTUR,Vellore,635601
2653,Tamil Nadu,"Sri Paramakalyani College, Alwarkurichi - 627 412.",SIVASAILAM ROAD,ALWARKURICHI,ALWARKURICHI,Tirunelveli,627412
2654,Tamil Nadu,"Sri Parasakthi College for Women, Courtallam, Tirunelveli Dist. - 627 802","157, COURTALLAM NATHAR ROAD, COURTALLAM",TENKASI TALUK,TIRUNELVELI,Tirunelveli,627802
2655,Tamil Nadu,Sri Parasakthi College of Education for Women,"10, East Anna nagar",Vandiyur Via,Madurai - 625520,Madurai,625520
2656,Tamil Nadu,"Sri Pushpam Institute of Vocational Education and Training, 13 V.O.C. Nagar, First Street, Thanjavur - 613 007","27/13 FIRSTSTREET,",VOC NAGAR,THANJAVUR,Thanjavur,613007
2657,Tamil Nadu,Sri R. Ponnusamy Naidu College of Education,"2/396-1, KAKKIVADANPATTI POST, SIVAKASI 626124","2/396-1, KAKKIVADANPATTI POST, SIVAKASI 626124",SIVAKASI,Virudhunagar,626124
2658,Tamil Nadu,Sri Raaja Raajan College of Education,Amaravathiputhur village,Amaravathiputhur,Karaikudi,Sivaganga,630301
2659,Tamil Nadu,Sri Raaja Raajan College of Education for Women,Amaravathiputhur Village,Amaravathi Puthur,Karaikudi,Sivaganga,630301
2660,Tamil Nadu,"Sri Raaja Raajan College of Engineering and Technology, Karaikudi",Amaravathi Village,Amaravathipudur,Karaikudi,Sivaganga,630301
2661,Tamil Nadu,"Sri Ragavendra College of Education, Erode","6/350, ABC Komarapalayam",Sathyamangalam T.K,Erode,Erode,638401
2662,Tamil Nadu,SRI RAGAVENDRA POLYTECHNIC COLLEGE KOMARAPALAYAM,New Pallipalayam Road,"B. Komarapalayam - 638 183, Tiruchengode TK",Komarapalayam,Namakkal,638183
2663,Tamil Nadu,"Sri Raghavendra College of Education, Dindigul","P.V.P Nagar, K.Singarakottai",Batlagundu - Dindigul Highway,Dindigul,Dindigul,624708
2664,Tamil Nadu,SRI RAGHAVENDRA INSTITUTE OF TEACHER EDUCATION K. SINGARAKOTTAI,"PVP NAGAR, DINDIGUL-BATLAGUNDU HIGHWAY",K.SINGARAKOTTAI,DINIDIGUL,Dindigul,624708
2665,Tamil Nadu,"SRI RAGHAVENDRA SCHOOL OF NURSING, NAGAPATTINAM","75, Hospital Road, Velippalayam, Nagapattinam.","75, Hospital Road, Velippalayam, Nagapattinam.",Nagapattinam,Nagapattinam,611001
2666,Tamil Nadu,SRI RAJIV GANDHI POLYTECHNIC COLLEGE MYLADI,Erode to Chennimalai Main Road,"Myldi, Chennimalai",Erode,Erode,638112
2667,Tamil Nadu,Sri Ram Engineering College,Perumalpattu,"Thiruvallur Taluk, Thiruvallur District",Thiruvallur,Thiruvallur,602204
2668,Tamil Nadu,"Sri Ram Nallamani Yadava College of Arts & Science, Kodikurichi, Tenkasi - 627 804, Tirunelveli Dist",NALLAMANINAGAR,KODIKURICHI,TENKASI,Tirunelveli,627804
2669,Tamil Nadu,Sri Ram Nallamani Yadava College of Education,"NALLAMANI NAGAR,KODIKURICHI",TENKASI-627804,TIRUNELVELI,Tirunelveli,627804
2670,Tamil Nadu,"SRI RAM NALLAMANI YADAVA COLLEGE OF PHARMACY (Inst. Code - 101), TENKASI TALUK","NALLAMANI NAGAR, KODIKURICHI, TENKASI-627804","TIRUNLVELI(DISTRICT), TAMILNADU",TENKASI,Tirunelveli,627804
2671,Tamil Nadu,SRI RAM NALLAMANI YADAVA TEACHER TRAINING INSTITUTE KANJARAMPETTAI,Kancharampettai,NA,Madurai,Madurai,625014
2672,Tamil Nadu,SRI RAM POLYTECHNIC COLLEGE PERUMALPATTU,PERUMALPATTU,602024,PERUMALPATTU,Thiruvallur,602024
2673,Tamil Nadu,SRI RAM TEACHER TRAINING INSTITUTE VELIPPALAYAM,"113,NORTH STREET,KILVELUR,NAGAPATTINAM DISTRICT","113,NORTH STREET,KILVELUR,NAGAPATTINAM DISTRICT",NAGAPATTINAM,Nagapattinam,611104
2674,Tamil Nadu,Sri Ramachandira College of Education,SOMANATHAR KOVIL STREET,VADAKATTALAI,VEDARANIAM,Nagapattinam,614810
2675,Tamil Nadu,SRI RAMACHANDIRA TEACHER TRAINING INSTITUTE VEDARANIAM,SOMANATHARKOVIL STREET,VADAMAZHAI RASTHA,VEDARANYAM PO & TK,Nagapattinam,614810
2676,Tamil Nadu,"Sri Ramachandra Medical College and Research Institute, Chennai","No.1, Ramachandra Nagar",Porur,Chennai - 600116,Thiruvallur,600116
2677,Tamil Nadu,"SRI RAMACHANDRA POLYTECHNIC COLLEGE, DHARMANEETHI",DHARMANEETHI VILLAGE,AYARPADI POST,ARAKKONAM TALUK,Vellore,632531
2678,Tamil Nadu,"SRI RAMACHANDRA POLYTECHNIC COLLEGE, DHARMAPURI","104/7,ALAMELUPURAM POST,PAPPIREDDIPATTI TALUK,",DHARMAPURI DISTRICT-636905,DHARMAPURI,Dharmapuri,636905
2679,Tamil Nadu,Sri Ramakrishna College of Arts and Science for Women,"395, Sarojini Naidu Road,",Siddhapudur,Coimbatore,Coimbatore,641044
2680,Tamil Nadu,"Sri Ramakrishna College of Education, Perambalur","Sri Saradha Nagar, NH-45, Perambalur","Sri Saradha Nagar, NH-45, Perambalur",Perambalur,Perambalur,621113
2681,Tamil Nadu,"Sri Ramakrishna College of Education, Viluppuram",MELERI,MELAPATTU-606208,SANKARAPURAM,Viluppuram,606208
2682,Tamil Nadu,SRI RAMAKRISHNA COLLEGE OF ENGINEERING,"Sri Saradha Nagar, NH-45",Siruvachur Post,Perambalur TK & DT,Tiruchirappalli,621113
2683,Tamil Nadu,"SRI RAMAKRISHNA COLLEGE OF NURSING (Inst. Code - 496), KANNIYAKUMARI",PADANILAM,KULASEKHARAM,KULASEKHARAM,Kanniyakumari,629161
2684,Tamil Nadu,"SRI RAMAKRISHNA DENTAL COLLEGE AND HOSPITAL (Inst. Code - 204), COIMBATORE",SNR COLLEGE ROAD,NA,COIMBATORE,Coimbatore,641006
2685,Tamil Nadu,Sri Ramakrishna Engineering College,Vattamalaipalayam,NGGO Colony Post,Coimbatore,Coimbatore,641022
2686,Tamil Nadu,"SRI RAMAKRISHNA INSTITUTE OF PARAMEDICAL SCIENCES COLLEGE OF PHYSIOTHERAPY (Inst. Code - 038), COIMBATORE",395 sarojini naidu road,new siddhapudur,Coimbatore,Coimbatore,641044
2687,Tamil Nadu,"SRI RAMAKRISHNA INSTITUTE OF PARAMEDICAL SCIENCES, COLLEGE OF NURSING (Inst. Code - 034), COIMBATORE","395,SAROJINI NAIDU ROAD,SIDHAPUDUR,COIMBATORE-44",-do-,COIMBATORE-641 044.,Coimbatore,641044
2688,Tamil Nadu,"SRI RAMAKRISHNA INSTITUTE OF PARAMEDICAL SCIENCES, COLLEGE OF PHARMACY (Inst. Code - 030), COIMBATORE","395,SAROJINI NAIDU ROAD",NEW SIDDHAPUDUR POST,COIMBATORE,Coimbatore,641044
2689,Tamil Nadu,Sri Ramakrishna Institute of Technology,Pachapalayam,Perur Chettipalayam,Coimbatore,Coimbatore,641010
2690,Tamil Nadu,SRI RAMAKRISHNA MISSION VIDYALAYA GANDHI T.T.I. PERIANAICKENPALAYAM,RAMAKRISHNA VIDYALAY - POST,PERIYANAICKENPALAYAM COIMBATORE - 20,COIMBATORE,Coimbatore,641020
2691,Tamil Nadu,SRI RAMAKRISHNA MISSION VIDYALAYA POLY. COLLEGE GUDALUR,METTUPALAYAM MAIN ROAD,SRK VIDYALAYA POST,PERIANAICKEN PALAYAM,Coimbatore,641020
2692,Tamil Nadu,SRI RAMAKRISHNA POLYTECHNIC COLLEGE -IDIGARAI PANCHAYAT,Vattamalaipalayam,N.G.G.O. Colony post,Coimbatore,Coimbatore,641022
2693,Tamil Nadu,SRI RAMAKRISHNA POLYTECHNIC COLLEGE -SIRUVACHIUR,"SRI SARADHA NAGAR,","NH 45, SIRUVACHOOR,",PERAMBALUR,Perambalur,621113
2694,Tamil Nadu,SRI RAMAKRISHNA POLYTECHNIC COLLEGE KOOTHAMBAKKAM,KOOTHAMBAKKAM BANAVARAM ARAKKONAM TK,VELLORE DIST,VELORE,Vellore,632505
2695,Tamil Nadu,Sri Ramalinga Sowdambigai College of Science and Commerce,"vadavalli - Thondamuthur road,",onappalayam,coimbatore,Coimbatore,641109
2696,Tamil Nadu,SRI RAMANA INSTITUTE OF POLYTECHNIC COLLEGE MOOLAIKARAIPATTI,MOOLAIKARAIPATTI - 627 354,NA,TIRUNELVELI,Tirunelveli,627354
2697,Tamil Nadu,Sri Ramana Maharishi College of Engineering,Thumbai Village,Kanchipuram - Cheyyar Main Road,Cheyyar,Tiruvannamalai,604407
2698,Tamil Nadu,Sri Ramanathan Engineering College,"Uthukuli Main Road,","Nadupatti Post,",Tiruppur,Tiruppur,638056
2699,Tamil Nadu,Sri Ramanujar Engineering College,Kolapakkam,Vandalur,Chennai,Kancheepuram,600127
2700,Tamil Nadu,"SRI RANGABOOPATHY TEACHER TRAINING INSTITUTE, VILLUPURAM","Alampoondi,Gingee.T.K.",Villupuram District,Chennai,Viluppuram,604151
2701,Tamil Nadu,Sri Rangachinnammal College of Education,ALAMPOONDI VILLAGE & POST,GINGEE T.K,VILLUPURAM,Viluppuram,604151
2702,Tamil Nadu,"SRI RANGANATHAR INSTITUTE OF ENGINEERING AND TECHNOLOGY, COIMBATORE","1/162,Athipalayam Village,Thudiyalur - Kovilpalayam road, coimbatore-641 110",NA,Coimbatore,Coimbatore,641110
2703,Tamil Nadu,SRI RANGANATHAR INSTITUTE OF POLYTECHNIC COLLEGE ATHIPALAYAM,"1/104-A, THUDIYALUR - KOVILPALAYAM ROAD","ATHIPALAYAM VILLAGE,",COIMBATORE-641 110.,Coimbatore,641110
2704,Tamil Nadu,Sri Rangapoopathi College of Education,ALAMPOONDI,GINGEE T.K,VILLUPURAM,Viluppuram,604151
2705,Tamil Nadu,"SRI RANGAPOOPATHI COLLEGE OF NURSING (Inst. Code - 318), VILLUPURAM","Alampoondi,Gingee.T.k.",Villupuram district,Villupuram,Viluppuram,604151
2706,Tamil Nadu,Sri Rangapoopathy College of Engineering,"Alampoondi (village),Gingee (taluk).",Villupuram(district) - 604151,Gingee,Viluppuram,604151
2707,Tamil Nadu,Sri Renga College of Education,"3/169,CHENNAI BYE PASS ROAD",SIRUGANUR,TRICHY,Tiruchirappalli,621105
2708,Tamil Nadu,SRI RENGA POLYTECHNIC COLLEGE MANNACHANALLUR,TRICHY-CHENNAI BYE PASS ROAD,SIRUGANUR,TRICHY,Tiruchirappalli,621105
2709,Tamil Nadu,SRI RENGAA TEACHERS TRAINING INSTITUTE MANALMEDU TITTAGUDI,"RAJA NAGAR,VAITHIYANATHAPURAM VILLAGE","THOLUDUR POST,606303 -TITTAGUDI TAULK",CUDDALORE,Cuddalore,606303
2710,Tamil Nadu,SRI RENGESWARAR POLYTECHNIC COLLEGE POTTIREDDIPATTI,3/333 Pottireddipatti,0,namakkal,Namakkal,637013
2711,Tamil Nadu,SRI RENGESWARAR TEACHER TRAINING INSTITUTE POTTI RETTI PATTI,"3/333, POTTIREDDIPATTI",POTTIREDDIPATTI (POST),NAMAKKAL,Namakkal,637013
2712,Tamil Nadu,Sri Rengeswarer College of Education,"3/333,Pottireddipatti,",Namakkal District.,Namakkal - 637 013,Namakkal,637013
2713,Tamil Nadu,Sri Renugambal College of Education,C.C.ROAD,ETTIVADI,POLUR,Tiruvannamalai,606907
2714,Tamil Nadu,Sri Renugambal college of Physical Education,C.C.ROAD,ETTIVADI,POLUR,Tiruvannamalai,606907
2715,Tamil Nadu,SRI RENUGAMBAL POLYTECHNIC COLLEGE ETTIVADI,"C.C. ROAD, ETTIVADI",NA,POLUR - 606 907.,Tiruvannamalai,606907
2716,Tamil Nadu,SRI S RAMASAMY NAIDU MEMORIAL POLYTECHNIC COLLEGE E MUTHULINGAPURAM,Venkatachalapuram,NA,Sattur,Virudhunagar,626203
2717,Tamil Nadu,SRI SAI BHARATH COLLEGE OF ARTS & SCIENCE,ODDANCHATRAM TO VEDASANDUR HIGHWAY,NAVAMARATHUPATTY - 624710,DINDIGUL,Dindigul,624710
2718,Tamil Nadu,"SRI SAI BHARATH NURSING AND PARAMEDICAL INSTITUTE, (Inst. Code - 630), DINDIGUL","ODDACHATRAM, VEDASANDUR HIGHWAY",NAVAMARATHUPATTY,DINDIGUL,Dindigul,624710
2719,Tamil Nadu,Sri Sai Ram Institute of Technology,Sai Leo Nagar,West Tambaram,Chennai,Kancheepuram,600044
2720,Tamil Nadu,"SRI SAIRAM AYURVEDA MEDICAL COLLEGE AND RESEARCH CENTRE (Inst. Code - 213), CHENNAI","SAILEO NAGAR, POONTHANDALAM",WEST TAMBARAM,CHENNAI,Chennai,600044
2721,Tamil Nadu,Sri Sairam Engineering College,SAI LEO NAGAR,WEST TAMBARAM,Chennai,Kancheepuram,600044
2722,Tamil Nadu,"SRI SAIRAM HOMOEOPATHY MEDICAL COLLEGE (Inst. Code - 209), CHENNAI","SAI LEO NAGAR, POONTHANDALAM,WEST TAMBARAM, CHENNAI - 44",NA,Chennai,Chennai,600044
2723,Tamil Nadu,SRI SAIRAM POLYTECHNIC COLLEGE POONTHANDALAM,SAI LEO NAGAR,WEST TAMBARAM,CHENNAI-44,Kancheepuram,600045
2724,Tamil Nadu,"SRI SAIRAM SIDDHA MEDICAL COLLEGE & RESEARCH CENTRE (Inst. Code - 190), KANCHEEPURAM","SAILEO NAGAR, POONTHANDALAM",WEST TAMBARAM,CHENNAI,Kancheepuram,600044
2725,Tamil Nadu,"SRI SAKTHI AMMA INSTITUTE OF ALLIED HEALTH SCIENCES, (SRI NARAYANI HOSPITAL AND RESEARCH CENTE) (Inst. Code - 423) VELLORE",SRI SAKTHI AMMA INSTITUTE OF ALLIED HEALTH SCIENCE,"SRI NARAYANI HOSPITAL AND RESEARCH CENTRE, SRIPURAM",VELLORE,Vellore,632055
2726,Tamil Nadu,"SRI SAKTHI NARAYANI SCHOOL OF NURSING & PARAMEDICAL SCIENCES (Inst. Code - 577), VELLORE",NEW CANARA BANK UPSTAIRS,BDO OFFICE ROAD,ANAICUT,Vellore,632101
2727,Tamil Nadu,SRI SAKTHI POLYTECHNIC COLLEGE CHE-NACHIPATTU,CHE.NACHIPATTU & POST,CHENGAM TALUK,TIRUVANNAMALAI,Tiruvannamalai,606709
2728,Tamil Nadu,Sri Sakthikailash College for Women,"Military Road, Salem - 3","Ammapet,",Salem - 3,Salem,636003
2729,Tamil Nadu,"SRI SAMRAJ INSTITUTE OF MEDICAL SCIENCE, (Inst. Code - 628), VILLUPURAM","NEHRU ST,TINDIVANAM","NEHRU ST,TINDIVANAM",VILLUPURAM,Viluppuram,604001
2730,Tamil Nadu,"Sri Sankara Arts and Science College, Neelathanallur Road, Asur, Kumbakonam, 612 501",Sri Sankara Arts and Science College,"Neelathanallur Road, Asur, Kumbakonam-612501",Kumbakonam,Thanjavur,612501
2731,Tamil Nadu,SRI SANKARA COLLEGE OF ARTS AND SCIENCE,ENATHUR,KANCHIPURAM,KANCHIPURAM,Chennai,631561
2732,Tamil Nadu,SRI SANTHOSHI POLYTECHNIC COLLEGE PAIYAMBADI,"9,Paiyambadi village",Polambakkam post,Madurandakam-603309,Kancheepuram,603309
2733,Tamil Nadu,"SRI SANTHOSI COLLEGE OF NURSING (Inst. Code - 295), KANCHEEPURAM","Paiyambadi (village), Polambakkam (post), Maduranthakam (tk)","Paiyambadi (village), Polambakkam (post), Maduranthakam (tk)",Maduranthakam,Kancheepuram,603309
2734,Tamil Nadu,Sri Sarada College for Women(Autonomous),"Fairlands,",Salem - 636 016.,Salem,Salem,636016
2735,Tamil Nadu,"Sri Sarada College for Women, V.M. Chatram, Tirunelveli - 627 011",ARIYAKULAM,MAHARAJANAGAR POST,Tirunelveli,Tirunelveli,627011
2736,Tamil Nadu,Sri Sarada college of Education for women,"Ariyakulam, Maharaja Nagar Post",Tirunelveli - 627 011,Tirunelveli,Tirunelveli,627011
2737,Tamil Nadu,Sri Sarada College of Education for Women,"Sri Sarada Compus, New Edaikkal.",NA,Ulundurupet,Viluppuram,606107
2738,Tamil Nadu,Sri Sarada College of Physical Education for Women,The Secretary,"Sri Sarada College of Physical Education for Women,","Fairlands, Salem - 636016",Salem,636016
2739,Tamil Nadu,Sri Sarada Institute for Teacher Training,Narasingapuram,Attur - 630 108,Salem District,Salem,630108
2740,Tamil Nadu,"Sri Sarada Mahavidyalayam Arts & Science College for women ,New Edikal ,Uludurpettai",Vivekenanda Nagar,New Edaikkal,ULUNDURPET,Viluppuram,606107
2741,Tamil Nadu,Sri Sarada Nicketan College of Arts & Science for Women,"Kanavaipudur Po,","Omalur Tk,",Salem Dt.,Salem,636354
2742,Tamil Nadu,"Sri Sarada Niketan college for Women, Amaravathipudur",Thenjarambadi,Amaravathipudur,karaikudi,Sivaganga,630301
2743,Tamil Nadu,"Sri Sarada Niketan College of Science for Women, Karur - 639 005.",Sri Saradapuri,Thanthonimalai,Karur,Karur,639005
2744,Tamil Nadu,"Sri Saradha College for Women, Perambalur - 621 212.","Sri Saradha Nagar, NH - 45,",Siruvachur,Perambalur,Perambalur,621113
2745,Tamil Nadu,SRI SARADHA TEACHER TRAINING INSTITUTE FOR WOMAN SIRUVACHUR,"Sri Saradha Nagar, NH-45, Siruvachur, Perambalur - 621 113","Sri Saradha Naga, NH-45, Siruvachur, Perambalur - 621 113",Perambalur,Perambalur,621113
2746,Tamil Nadu,"Sri Saraswathi College of Education, Tiruchirappalli",Trichy- Chidambaram main Road,"Manthurai, Lalgudi(Tk)",Trichy Dt - 621 703.,Tiruchirappalli,621703
2747,Tamil Nadu,SRI SARASWATHI TEACHER TRAINING INSTITUTE SAMAYAPURAM,TRICHY - CHIDAMBARAM MAIN ROAD,"MANDURAI, LALGUDI",TRICHY,Tiruchirappalli,621703
2748,Tamil Nadu,SRI SATHGURU SANGEETHA VIDYALAYAM,"15A Gokhale Road,Tallakulam Post, ,Madurai.",NA,Madurai,Madurai,625002
2749,Tamil Nadu,Sri Shakthi Institute of Engineering and Technology,"Sri Shakthi Nagar, L & T By-pass Road,","Chinniyampalayam post,",Coimbatore-641062,Coimbatore,641062
2750,Tamil Nadu,"SRI SHANMUGHA COLLEGE OF ENGINEERING AND TECHNOLOGY, SALEM","Tiruchengode - Sankari main road, Pullipalayam","Morur (Po), Sankari(Tk), Salem(Dt) - 637304",Salem,Salem,637304
2751,Tamil Nadu,SRI SITHESWARRAR TEACHER TRAINING INSTITUTE ARCOT,KALVAI ROAD,POONGODU,ARCOT,Vellore,632503
2752,Tamil Nadu,Sri Sivasubramaniya Nadar College of Engineering,RAJIV GANDHI SALAI (OMR),"KALAVAKKAM,THIRUPORUR POST",CHENNAI,Kancheepuram,603110
2753,Tamil Nadu,Sri Sowbackiya College of Education,195/12,Virudhachalam Road,Andimadam,Ariyalur,621801
2754,Tamil Nadu,SRI SOWDAMBIKA POLYTECHNIC COLLEGE ARUPPUKOTTAI,THIRUCHULI ROAD,CHOCKALINGAPURAM,ARUPPUKOTTAI,Virudhunagar,626101
2755,Tamil Nadu,SRI SUBABHARATHI POLYTECHNIC COLLEGE KALLALANGUDI,"KALLALANGUDI,ALANGUDI(TK)",622301,PUDUKKOTTAI,Pudukkottai,622301
2756,Tamil Nadu,Sri Subash Arts and Science College,"2/3,A.sangampalayam(po)",Kovai road,pollachi,Coimbatore,642002
2757,Tamil Nadu,SRI SUBRAMANIYA SWAMY GOVT ARTS COLLEGE,"Chennai-Tirupathi High ways,",Tiruttani,Chennai,Chennai,631209
2758,Tamil Nadu,SRI SUBRAMANIYAA TEACHER TRAINNING INSTITUTE KULITHALAI,Sathiyamangalam,Kulithalai,NA,Karur,639120
2759,Tamil Nadu,"Sri Subramanya College of Engineering and Technology, Palani","Sukkamanaickanpatti,Chinnakalayamputhur(po),","Udumalai Road, Palani",Palani,Dindigul,624615
2760,Tamil Nadu,Sri Sundareswari College of Education,"Sivakasi Road, Malli, Srivilliputtur Taluk, PIN : 626141","Sivakasi Road, Malli, Srivilliputtur Taluk, PIN : 626141",Srivilliputtur,Virudhunagar,626141
2761,Tamil Nadu,Sri Thangam Periyasamy College of Education,Vedappar Kovil Opp.,Pennadam Road,Vriddhachalam,Cuddalore,606001
2762,Tamil Nadu,SRI THIAGARAJAR POLYTECHNIC COLLEGE VALAPPADY,"LAKSHMI NAGAR,VALAPPADY",VALAPPADY(PO)&(TK),SALEM,Salem,636115
2763,Tamil Nadu,SRI THIYAGARAJA INSTITUTE OF TEACHER EDUCATION THIRUVARUR,1.77 NAVELISALAI,KATTUR,THIRUVARUR,Thiruvarur,610104
2764,Tamil Nadu,SRI VARADHAR TEACHER TRAINING INSTITUTE NERIKUPPAM,"Aranganathan Nagar, Ponneri Karai, Big Kanchipuram",Kanchipuram,Kanchipuram,Kancheepuram,631502
2765,Tamil Nadu,Sri Vari College of Education,Thenarasampattu Village,Malappampadi Post,Tiruvannamalai-606 611,Tiruvannamalai,606611
2766,Tamil Nadu,Sri Vasavi College,VASAVI COLLEGE POST,NA,ERODE,Erode,638316
2767,Tamil Nadu,Sri Vasavi College of Education,"Vasavi college Post,",Erode - 638 316.,Erode,Erode,638316
2768,Tamil Nadu,Sri Vatsa College of Education,"College Code 13110. Mettamalai. Kumaralingapuram Road,","Sattur Taluk, Virudhunagar district- 626 203",Virudhunagar.,Virudhunagar,626203
2769,Tamil Nadu,"SRI VATSA POLYTECHNIC COLLEGE E., VIRUDHUNAGAR",E.Kumaralingapuram Road,Mettamalai,Sattur,Virudhunagar,626203
2770,Tamil Nadu,Sri Vekkaliamman College of Education,"Anna nagar, Trichy Chennai NH 45,","Kazhudur post, Tittagudi Tk,",Cuddalore Dt - 606 304.,Cuddalore,606304
2771,Tamil Nadu,"Sri Vengateswara College of Education, Cuddalore","Anna nagar, Trichy Chennai NH-45,","Kazhudur Post, Tittagudi Tk,",Cuddalore-606 304,Cuddalore,606304
2772,Tamil Nadu,SRI VENGATESWARAA POLYTECHNIC COLLEGE VENNANDUR,"5/202-3, VENNANDUR (P.O)",RASIPURAM (T.K),SALEM,Namakkal,637505
2773,Tamil Nadu,Sri Venglamani Amman College of Education,NALLUR,N.PUDUPPATTY PO,NAMAKKAL,Namakkal,637020
2774,Tamil Nadu,Sri Venkatachalapathy College of Education,"New By Pass Road,Venugopalapuram",Thiruvannamalai,Thiruvannamalai,Tiruvannamalai,606611
2775,Tamil Nadu,SRI VENKATACHALAPATHY POLYTECHNIC COLLEGE VADAKUCHIPALAYAM,VADAKUCHIPALAYAM,KAPPIYAMPULIYUR,VILLUPURAM,Viluppuram,605601
2776,Tamil Nadu,"Sri Venkateshwara College of Arts & Science, Peravurani - 614 804.",V.M.Krishnamoorthy Nagar,Aranthangi Road,Peravurani,Thanjavur,614804
2777,Tamil Nadu,"SRI VENKATESHWARA INSTITUTE OF ENGINEERING, KRISHNAGIRI",NH - 7 BANGALORE MAIN ROAD,MELUMALAI,KRISHNAGIRI,Krishnagiri,635115
2778,Tamil Nadu,SRI VENKATESHWARAA POLYTECHNIC COLLEGE PAPPINAICKANAHALLI,PAPINAICKANAHALLI VILL AGE,SOGATHUR POST,DHARMAPURI,Dharmapuri,636809
2779,Tamil Nadu,SRI VENKATESVARA POLYTECHNIC COLLEGE THIRUMALAIRAYASAMUTHIRAM,"ARANTHANGI ROAD,KAIKURUCHU POST,",THIRUMALAIRAYASAMUTHIRAM,PUDUKKOTTAI,Pudukkottai,622303
2780,Tamil Nadu,Sri Venkateswara College of Arts & Science,Papinaickanahalli Village,Sogathur Post,Dharmapuri,Dharmapuri,636809
2781,Tamil Nadu,Sri Venkateswara College of Computer Applications and Management,"sri venkateswara college road,",Ettimadai,coimbatore,Coimbatore,641112
2782,Tamil Nadu,"Sri Venkateswara College of Education, Tiruvannamalai",Parasur village,Cheyyar Tk,Cheyyar,Tiruvannamalai,604409
2783,Tamil Nadu,Sri Venkateswara College of Engineering,"Post Bag No. 1, Chennai-Bengaluru Highway","Pennalur, Irungattukottai S.O",Sriperumbudur Taluk 602117,Kancheepuram,602117
2784,Tamil Nadu,Sri Venkateswara College of Engineering and Technology,Thirupachur,Thiruvallur T.K & Dt,Thiruvllur,Thiruvallur,631203
2785,Tamil Nadu,"SRI VENKATESWARA DENTAL COLLEGE AND HOSPITAL (Inst. Code - 270), KANCHEEPURAM","Off Rajiv Gandhi Salai, Near Navalur",Thalambur,Chennai,Kancheepuram,600130
2786,Tamil Nadu,Sri Venkateswara Institute of Information Technology and Management,sri venkateswara college road,Ettimadai,Coimbtore,Coimbatore,641112
2787,Tamil Nadu,Sri Venkateswara Institute of Science and Technology,Kolundhalur,Thiruvallur,Thiruvallur,Thiruvallur,631203
2788,Tamil Nadu,SRI VENKATESWARA POLYTECHNIC COLLEGE ADUKKAMPARAI,NEXT TO GOVT. MEDICAL COLLEGE & HOSPITAL,ADUKKAMPARAI,VELLORE,Vellore,632011
2789,Tamil Nadu,SRI VENKATESWARA POLYTECHNIC COLLEGE PARASUR,PARASUR VILLAGE AND POST,CHEYYAR TALUK - 604 409,CHEYYAR,Tiruvannamalai,604409
2790,Tamil Nadu,"SRI VENKATESWARA POLYTECHNIC COLLEGE, KAZHUDUR",KAZHUDUR,KAZHUDUR PO,TITTAGUDI,Cuddalore,606304
2791,Tamil Nadu,Sri Venkateswaraa College of Technology,VADAKAL VILLAGE,PONDUR POST,SRIPERUMBUDUR,Kancheepuram,602105
2792,Tamil Nadu,"Sri Vidaya Mandir College of Education, Dharmapuri","Katteri, 636 902 Uthangarai Tk",NA,NA,Dharmapuri,636902
2793,Tamil Nadu,Sri Vidhya Mandir Arts & Science College,vignesh nager katteri (vill),636902,uthangarai,Krishnagiri,636902
2794,Tamil Nadu,Sri Vidhya Mandir College of Arts & Science,PERIYAKALAM,NEIKKARAPPATTI,SALEM,Salem,636010
2795,Tamil Nadu,Sri Vidya College of Education,SIVAKASI MAIN ROAD,P.KUMARALINGAPURAM,VIRUDHUNAGAR,Virudhunagar,626005
2796,Tamil Nadu,Sri Vidya College of Engineering and Technology,Sivakasi Main Road,Virudhunagar,Virudhunagar,Virudhunagar,626005
2797,Tamil Nadu,"Sri Vidya Mandir College of Education, Namakkal","Opp.LIC Building,Kattur Road,",Rasipuram- 637 408,Namakkal,Namakkal,637408
2798,Tamil Nadu,Sri Vidya Vihar College of Education,PUDU GOVINDAPURAM KKS PANNAI,MC ROAD AMBUR,VELLORE,Vellore,635802
2799,Tamil Nadu,SRI VIGNESH POLYTECHNIC COLLEGE KOOTHUR,TRICHY - CHENNAI TRUNK ROAD,KOOTHUR,TRICHY,Tiruchirappalli,621216
2800,Tamil Nadu,"SRI VIJAY VIDHYALAYA COLLEGE OF NURSING (Inst. Code - 306), DHARMAPURI",DNC Compound Gandhi Nagar,DNC Compound Gandhi Nagar,Dharmapuri,Dharmapuri,636701
2801,Tamil Nadu,Sri Vijay Vidyalaya College of Arts and Science,"DNC Compound, Gandhi Nagar, Dharmapuri.",NA,Dharmapuri,Dharmapuri,636701
2802,Tamil Nadu,SRI VIJAY VIDYALAYA TEACHER TRAINING INSTITUTE GANDHI NAGAR,Gandhi Nagar,Dharmapuri,Dharmapuri,Dharmapuri,636701
2803,Tamil Nadu,Sri Vinayaga College of Education,nagar,ulunthurpet,villupuram,Viluppuram,606107
2804,Tamil Nadu,"Sri Vinayaga Colllege of Arts 7Science College,Virudhachalam Main ,Road,Ulundur pet- 606 107","Nagar, Ulundurpet - 606 107",NA,Villupuram,Viluppuram,606107
2805,Tamil Nadu,SRI VINAYAGA POLYTECHNIC COLLEGE PUDHUMOTTUR,GINKALKATHIRAMPATTI(POST),POCHAMPALLI(TK0,KRISHNAGIRI(DT),Krishnagiri,635201
2806,Tamil Nadu,"SRI VIRUDHAMBIGAI PARAMEDICAL COLLEGE (Inst. Code - 474), CUDDALORE","RRS (Opp), Cuddalore Main Road, Kuppanatham Po, Vridhachalam","RRS (Opp), Cuddalore Main Road, Kuppanatham Po, Vridhachalam",Vridhachalam,Cuddalore,606001
2807,Tamil Nadu,SRI VIRUTHAMBIGAI SCHOOL OF NURSING CUDDALORE,"Cuddalore Main Road, RRS (opp)","Kuppanatham, post.",Vridhachalam,Cuddalore,606001
2808,Tamil Nadu,SRI VIRUTHAMBIGAI TEACHER TRAINING INSTITUTE VRIDDHACHALA,"RRS (Opp), Cuddalore Main Rd, Kuppanatham Po, Vridhachalam","RRS (Opp), Cuddalore Main Rd, Kuppanatham Po, Vridhachalam",Vridhachalam,Cuddalore,606001
2809,Tamil Nadu,SRI. R. PONNUSAMY NAIDU T.T.I SIVAKASI,"2/396,KAKKIVADANPATTI(PO)","2/396,KAKKIVADANPATTI(PO)",SIVAKASI,Virudhunagar,626124
2810,Tamil Nadu,"SRI.K.RAMACHANDRAN NAIDU COLLEGE OF NURSING (Inst. Code - 136), TIRUNELVELI","K.R.Naidu Nagar, Paruvakudi Village, Karivalam Via , Sankarankovil- 627753","K.R.Naidu Nagar, Paruvakudi Village, Karivalam Via, Sankarankovil - 627753",Sankarankovil,Tirunelveli,627753
2811,Tamil Nadu,SRI.VIDYA TEACHER TRAINING INSTITUTE P.KUMARALINGAPURAM,SIVAKASI MAIN ROAD,P. KUMARALINGAPURAM,VIRUDHUNAGAR,Virudhunagar,626005
2812,Tamil Nadu,SRIDEVI ARTS AND SCIENCE COLLEGE,"Krishnapuram, Ponneri -601204","Krishnapuram, Ponneri -601 204",Ponneri,Chennai,601204
2813,Tamil Nadu,Sriguru Institute Of Technology,"Varathaiyangar Palayam, Kondayampalayam (P.O),",Near Saravanampatti,Coimbatore,Coimbatore,641110
2814,Tamil Nadu,Srii Jayajothi College of Arts and Science for Women,"JALAKANDAPURAM MAIN ROAD, NEAR G.H THARAMANGALAM","JALAKANDAPURAM MAIN ROAD, NEAR G.H THARAMANGALAM",SALEM,Salem,636502
2815,Tamil Nadu,"SRILAKSHMI HAIGIRIVASH EDUCATIONAL TRUST (Inst. Code - 435), VILLUPURAM","BANGARAM, THOTTIYAM - PO","KALLAKURICHI - TK, VILLUPURAM - DT PIN: 606 201",KALLAKURICHI,Viluppuram,606201
2816,Tamil Nadu,"Srimad Andavan Arts & Science College, Thiruvanaikoil, Tiruchirappalli - 620 005.","No 7, Nelson Road",Thiruvanaikoil,Tiruchirappalli,Tiruchirappalli,620005
2817,Tamil Nadu,"SRINIDHI COLLEGE OF HEALTH SERVICES AND RESEARCH (Inst. Code - 384), MADURAI","103F, Sathya sai nagar, Madurai -3",NIL,Madurai,Madurai,625003
2818,Tamil Nadu,Srinivasa Institute of Engineering and Technology,Poonamalle Bye pass Road,Parivakkam,Chennai - 56,Thiruvallur,600056
2819,Tamil Nadu,SRINIVASA POLYTECHNIC COLLEGE KALAMAVUR,"SRINIVASA NAGAR, KALAMAVUR",NA,KEERANUR,Pudukkottai,622502
2820,Tamil Nadu,SRINIVASA RAMANUJAN CENTRE,Lakshmi Vilas Agraharam,Behind State Bank Colony,Kumbakonam,Thanjavur,612001
2821,Tamil Nadu,SRINIVASA SUBBARAYA POLYTECHNIC COLLEGE ANNAIKARAN CHATARAM,PUTTUR,SIRKALI,NA,Nagapattinam,609108
2822,Tamil Nadu,"Srinivasan College of Arts and Science, Perambalur - 621 212.",Thuraiyur Road,Perambalur,Perambalur,Perambalur,621212
2823,Tamil Nadu,"SRINIVASAN COLLEGE OF NURSING (Inst. Code - 479), PERAMBALUR","NH-45,TRICHY MAIN ROAD",SIRUVACHUR,PERAMBALUR,Perambalur,621113
2824,Tamil Nadu,Srinivasan Engineering College,274,Thuraiyur Road,Perambalur,Perambalur,621212
2825,Tamil Nadu,SRINIVASAN POLYTECHNIC COLLEGE PERAMBALUR,THURAIYUR ROAD,PERAMBALUR,PERAMBALUR,Perambalur,621212
2826,Tamil Nadu,SRIRAM COLLEGE OF ARTS AND SCIENCE,PERUMALPATTU,THIRUVALLUR DISTRICT,THIRUVALLUR,Chennai,602024
2827,Tamil Nadu,Srithiyagaraja Institute of Teacher education,"1.77, Naveli Salai,","Agaraththrunallur, Kattur",Thiruvarur,Thiruvarur,610104
2828,Tamil Nadu,SRM ARTS AND SCIENCE COLLEGE,"SRM NAGAR,","KATTANKULATHUR, POTHERI",CHENNAI,Chennai,603203
2829,Tamil Nadu,SRMV College of Arts and Science,SRKV POST,PERIYANAICKENPALAYAM,COIMBATORE,Coimbatore,641020
2830,Tamil Nadu,SRP College of Education,Near N H 7 Salem Main Road,Muthukkalippatty,Rasipuram Tk,Namakkal,637401
2831,Tamil Nadu,SRR Engineering College,OLD MAAMALLAPURAM ROAD,PADUR,CHENNAI,Kancheepuram,603103
2832,Tamil Nadu,"SRRI PASPO COLLEGE OF NURSING (Inst. Code - 296), DHARMAPURI","Sri paspo nagar,A.Jattihalli",Dharmapuri-636807,Dharmapuri,Dharmapuri,636807
2833,Tamil Nadu,SRS College of Engineering & Technology,HARUR MAIN ROAD,KUPPANUR,SALEM,Salem,636122
2834,Tamil Nadu,SRV College of Education,SRIVILLIPUTHUR MAIN ROAD,"OPP.TO AJ COLLEGE, SIVAKASI WEST-626124.",SIVAKASI,Virudhunagar,626124
2835,Tamil Nadu,SSKV COLLEGE OF ARTS AND SCIENCE FOR WOMEN,KRISHNAPURAM POST,KIZHAMBI,KANCHIPURAM - 631551,Chennai,631551
2836,Tamil Nadu,SSM academy,"NH 47,",Salem Main Road,Komarapalayam,Erode,638183
2837,Tamil Nadu,SSM College of Arts & Science,"NH 47, Salem main road",Valayakkaranur (Post),Komarapalayam,Namakkal,638183
2838,Tamil Nadu,SSM College of Engineering,"NH-47, SALEM MAIN ROAD",VALAYAKARANUR,KOMARAPALAYAM,Namakkal,638183
2839,Tamil Nadu,"SSM INSTITUTE OF ENGINEERING AND TECHNOLOGY, DINDIGUL","Kuttathupatti Village,Dindigul-Palani Highway,","Sindalagundu Post,",Dindigul,Dindigul,624002
2840,Tamil Nadu,SSM INSTITUTE OF TEXTILE TECHNOLOGY AND POLYTECHNIC COLLEGE KOMARAPALAYAM - AMANI,VALAYAKARANOOR PO,SSM NAGAR,KOMARAPALAYAM - 638183,Namakkal,638183
2841,Tamil Nadu,SSM School of Management and Computer Applications,"NH-47, SALEM MAIN ROAD",VALAYAKARANUR,KOMARAPALAYAM,Namakkal,638183
2842,Tamil Nadu,SSR POLYTECHNIC COLLEGE,"KANDEDUTHAN PATTI,MATHIYANI VILLAGE",ARASAMALAI PANCHAYATH,PONNAMARAVATHI,Pudukkottai,622402
2843,Tamil Nadu,SSS JAIN COLLEGE FOR WOMEN,"No.3, MADLEY ROAD,",T.NAGAR,CHENNAI,Chennai,620017
2844,Tamil Nadu,St Alphonsa College of Arts and Science,Soosaipuram,Karinkal (P O),Karinkal,Kanniyakumari,629157
2845,Tamil Nadu,ST ANTONY'S SCHOOL OF NURSING KANYAKUMARI,AMANATTANTHERI,ENAYAM,VIZHAVANCODE,Kanniyakumari,629193
2846,Tamil Nadu,"ST BENEDICTs SCHOOL OF NURSING FOR WOMEN, TIRUVANNAMALAI",Adaiyur village,Vengikkal Post,Tiruvannamalai,Tiruvannamalai,606604
2847,Tamil Nadu,ST JOSEPH TEACHER TRAINING INSTITUTE RAMJEE NAGAR,PUNGANUR,RAMJINAGAR POST,TRICHY,Tiruchirappalli,620009
2848,Tamil Nadu,ST JOSEPHS COLLEGE,"KUNDRATHUR HIGH ROAD,KOVOOR",NA,CHENNAI,Chennai,600128
2849,Tamil Nadu,"ST JOSEPHS COLLEGE OF NURSING, KANYAKUMARI","fatima Road, Azhagappapuram",K. K. Dist - 629401,Azhagappapuram,Kanniyakumari,629401
2850,Tamil Nadu,ST JOSEPHS POLYTECHNIC COLLEGE KRISHNAGIRI,"soolamalai bus stop, periyapanamutlu",anchoor post,krishangiri,Krishnagiri,635001
2851,Tamil Nadu,"ST JOSEPHS SCHOOL OF NURSING, KRISHNAGIRI","4th KM, Thiruvannamalai NH Road, Periyapanamuttlu VIII, Solamalai Bus Stop, Anchoor Post, Krishnagiri Taluk & District.","4th KM, Thiruvannamalai NH Road, Periyapanamuttlu VIII, Solamalai Bus Stop, Anchoor Post, Krishnagiri Taluk & District.",krishnagiri,Krishnagiri,635108
2852,Tamil Nadu,"ST JUDES POLYTECHNIC COLLEGE, ANNAI NAGAR, VILAVANCODE",16-184-1 Annai Nagar,Tholayavattam,Karungal,Kanniyakumari,629157
2853,Tamil Nadu,ST LOUIS COLLEGE FOR THE DEAF,"CANAL BANK ROAD, GANDHI NAGAR,",NA,ADYAR,Chennai,600020
2854,Tamil Nadu,ST MARK S TEACHER TRAINING INSTITUTE MADUKKARAI,"NAVAKKARAI, MADUKKARAI, COIMBATORE - 641 105","MARAPPALAM, MADUKKARAI, COIMBATORE - 641 105",COIMBATORE,Coimbatore,641105
2855,Tamil Nadu,ST MARY'S SCHOOL OF NURSING TIRUNELVELI,"KUTHUKKALVALASAI, TENKASI, 627803",NA,TENKASI,Tirunelveli,627803
2856,Tamil Nadu,"ST MARYS HOSPITAL & INSTITUTE OF BIO-MEDICAL TECHNOLOGY, TIRUVANNAMALAI","ST MARYS HOSPITAL & INSTITUTE OF BIO-MEDICAL TECHNOLOGY, TIRUVANNAMALAI","ST MARYS SCHOOL OF NURSING, ARNI",ARNI,Tiruvannamalai,632301
2857,Tamil Nadu,ST MARYS SCHOOL OF NURSING COIMBATORE,ST MARY'S HOSPITAL CAMPUS,PODANUR,COIMBATORE,Coimbatore,641023
2858,Tamil Nadu,ST MARYS TEACHER TRAINING INSTITUTE CHENGALPATTU,"G.S.T Road,J.C.K Nagar Chengalpattu",Kanchipuram District,Chennai,Kancheepuram,603002
2859,Tamil Nadu,ST MICHAELS POLYTECHNIC COLLEGE VELLANUR,"SANTHOSH GARDEN, SANTHAPURAM,","VELLANUR, AVADI,",CHENNAI - 600 062,Thiruvallur,600062
2860,Tamil Nadu,ST PAUL ANNAI INDIRA TEACHER TRAINING INSTITUTE VRIDHACHALAM,"15,ayiyar madam",NA,vriddhachalam,Cuddalore,606001
2861,Tamil Nadu,St Peter's College of Engineering and Technology,College Road,Avadi,Chennai,Thiruvallur,600054
2862,Tamil Nadu,ST THERESA OF CHILD JESUS SCHOOL OF NURSING CHENNAI-,"5/105, Defence colony Road","St. Thomas Hospital, St. Thomas mount",Chennai,Kancheepuram,600016
2863,Tamil Nadu,ST THOMAS COLLEGE OF ARTS AND SCIENCE,"140/6, St.Thomas Nagar,","Koyambedu,",Chennai,Chennai,600107
2864,Tamil Nadu,ST XAVIERS CATHOLIC TEACHER TRAINING INSTITUTE MUTTOM,"MUTTOM,",KANYAKUMARI DISTRICT,NAGERCOIL,Kanniyakumari,629202
2865,Tamil Nadu,"ST XAVIERS POLYTECHNIC COLLEGE MULLIKKUNDU, DEVAKOTTAI","Thirupattur Main Road,Devakottai Extn.,Mullikkundu,","Devakottai , Sivaganga (Dt)-630 303",Devakottai,Sivaganga,630303
2866,Tamil Nadu,ST XAVIERS POLYTECHNIC COLLEGE SEYDUNGANALLUR,SEYDUNGANALLUR,NA,THOOTHUKUDI,Thoothukkudi,628809
2867,Tamil Nadu,ST. ANGELAS TEACHER TRAINING INSTITUTE PONAMALAIPATTI,"St. Angelas Teacher Training Institute, Ponmalaipatti",NA,Trichirappalli,Tiruchirappalli,620008
2868,Tamil Nadu,"ST. ANN'S COLLEGE OF NURSING (Inst. Code - 492), THOOTHUKKUDI","ST.ANN'S COLLEGE OF NURSING, SACRED HEART HOSPITAL, THOOTHUKUDI","ST.ANN'S SCHOOL OF NURSING, SACRED HEART HOSPITAL, THOOTHUKUDI",THOOTHUKUDI,Thoothukkudi,628002
2869,Tamil Nadu,St. Anthonys College of Education,Angel Nagar,Mannarpuram,Thisayanvilai - 627 657,Tirunelveli,627657
2870,Tamil Nadu,"St. Antony's College for Arts and Science for Women,Thamaraipadi",Amala Annai Nagar,Thamaraipadi,Dindigul,Dindigul,624005
2871,Tamil Nadu,St. ANTONYS COLLEGE OF NURSING (Inst. Code -618),"3/5 first cross, old krishnagiri road,","3/5 first cross, old krishnagiri road,",hosur,Krishnagiri,635109
2872,Tamil Nadu,ST. ANTONYS TEACHER TRAINING INSTITUTE PAVITRAM,THRESPURAM,PAVITHRAM-606 806,TIRUVANNAMALAI,Tiruvannamalai,606806
2873,Tamil Nadu,St. Basil College of Education for Women,MAHENDRAPURI,NEAR HOUSING BOARD,SALEM,Salem,636008
2874,Tamil Nadu,"ST. BONNIE WHITE COLLEGE OF NURSING (Inst. Code - 478), SALEM","VAI THATHANOOR, POOVANOOR (PO), PARUTHIKADU, SALEM-636122.","VAI THATHANOOR, POOVANOOR (PO), PARUTHIKADU, SALEM-636122",SALEM,Salem,636122
2875,Tamil Nadu,St. Charles College of Education,Thanakkankulam,Thirunagar,Madurai - 6,Madurai,625006
2876,Tamil Nadu,"ST. CHRISTOPHERS TEACHER TRAINING INSTITUTE VEPERY, CHENNAI","63, E.V.K SAMPATH ROAD",VEPERY,CHENNAI,Chennai,600007
2877,Tamil Nadu,ST. GEORGE JEYARAJ CHELLADURAI COLLEGE FOR WOMEN,KOMBADI MAIN ROAD,THOTTIAPATTI,Madurai,Madurai,625022
2878,Tamil Nadu,St. Grace Lilian College of Education,"Promised Land,Via thathanoor","Poovanur (po),Paruthikadu",Salem-636122,Salem,636122
2879,Tamil Nadu,"St. Ignatius college of Education, (Autonomous)",Punithavathiyar Street,Palayamkottai,Tirunelveli - 627 002.,Tirunelveli,627002
2880,Tamil Nadu,"St. ISABEL COLLEGE OF NURSING (Inst. Code - 537), CHENNAI","St. Isabel's school of Nursing, 49, Oliver Road, Mylapore, Chennai -04","St. Isabel's College of Nursing, 49, Oliver Road, Mylapore, Chennai -04","Mylapore, Chennai",Chennai,600004
2881,Tamil Nadu,St. Joans College of Education,Mittapalli,Balinayanapalli post 635108,Krishnagiri,Krishnagiri,635108
2882,Tamil Nadu,St. John De Britto College of Education,"Bishop Sundaram Campus,","Pudukkottai Road,",Thanjavur,Thanjavur,613007
2883,Tamil Nadu,ST. JOHN DE BRITTO TEACHER TRAINING INSTITUTE VALLAM,Sennampatty Road,Vallam,Thanjavur,Thanjavur,613403
2884,Tamil Nadu,St. John's College of Physical Education,veeravanallur,veeravanallur,Tirunelveli,Tirunelveli,627426
2885,Tamil Nadu,St. Joseph College of Engineering,Near Toll Plaza,"Sriperumbudur, Chennai - 602 117",Chennai,Kancheepuram,602117
2886,Tamil Nadu,St. Joseph's College for Women,Kangeyam road,NA,Tirupur,Tiruppur,641604
2887,Tamil Nadu,"St. Joseph's College, Tiruchirappalli - 620 002.",Teppakulam (PO),0,Tiruchirappalli - 620002,Tiruchirappalli,620002
2888,Tamil Nadu,"ST. JOSEPH'S INSTITUTE OF TECHNOLOGY, OMR",OLD MAMALLAPURAM ROAD,CHENNAI,CHENNAI,Chennai,600119
2889,Tamil Nadu,"ST. JOSEPH'S PARAMEDICAL COLLEGE (Inst. Code - 485), KRISHNAGIRI","4th Km Thiruvannamalai NH road, soolamalai bus stop, Anchoor(p),Krishnagiri","4th Km Thiruvannamalai NH road, soolamalai bus stop, Anchoor(p),Krishnagiri",krishnagiri,Krishnagiri,635108
2890,Tamil Nadu,St. Josephs College of Engineering,JEPPIAAR NAGAR,OLD MAMALLAPURAM ROAD,CHENNAI,Kancheepuram,600119
2891,Tamil Nadu,ST. JOSEPHS TEACHER TRAINING INSTITUTE SATANKULAM PANDARAPURAM,"puthukulam vilaku, sathankulam, thoothukudi dist",NA,sathankulam,Thoothukkudi,628704
2892,Tamil Nadu,St. Josephs Womens College of Education,"35 A/1,","Jeyamadha Nagar, Parsempet,",Jolarpettai,Vellore,635851
2893,Tamil Nadu,"St. Justins College of Education, (Aided)","161, kamarajar salai",Madurai,Madurai,Madurai,625009
2894,Tamil Nadu,ST. MARIAM POLYTECHNIC COLLEGE MARANTHAI,"TIRUNELVELI - TENKASI MAIN ROAD,","SIVALARKULAM VILLAGE, MARANTHAI POST,",ALANGULAM,Tirunelveli,627851
2895,Tamil Nadu,ST. MARYS TEACHER TRAINING INSTITUTE FOR WOMEN VICKRAMASINGAPURAM,100/15 VADAMALAI SAMUDRAM,VICKRAMASINGAPURAM,AMBASAMUDRAM,Tirunelveli,627425
2896,Tamil Nadu,"St. Michael College of Engineering and Technology, Kalayarkoil, Sivagangai Dist",St. Santhiagapper Nagar,Kalayarkoil,Sivaganga,Sivaganga,630551
2897,Tamil Nadu,ST. MICHAEL TEACHER TRAINING INSTITUTE KALAIYARKOIL,ST.SANTHIAGAPPAR NAGAR,KALAYARKOIL,SIVAGANGA,Sivaganga,630551
2898,Tamil Nadu,St. Mother Theresa Engineering College,VAGAIKULAM,MUDIVAITHANENDAL POST,THOOTHUKUDI,Thoothukkudi,628102
2899,Tamil Nadu,St. Pauls College of Arts and Science for Women,"Eden garden,st.paul's nagar","Thadagam main Road,",Coimbatore,Coimbatore,641025
2900,Tamil Nadu,St. Pauls College of Education,"39,A, Pillayar kovil street",Karattur,Gobichettipalayam,Erode,638476
2901,Tamil Nadu,"St. Peter's Institute of Higher Education and Research, Chennai",Tonakela Camp Road,Avadi,Chennai,Thiruvallur,600054
2902,Tamil Nadu,St. Peters College of Education,ST.PETER'S COLLEGE OF EDUCATION,KARUMATHAMPATTI,COIMBATORE - 641659,Coimbatore,641659
2903,Tamil Nadu,ST. STEPHENS TEACHER TRAINING INSTITUTE KOLLEMCODE,Velayudha Nagar,Kollemcode - 629160,Nagercoil,Kanniyakumari,629160
2904,Tamil Nadu,"ST. THERESA (G)TEACHER TRAINING INSTITUTE, THARANGAMBADI, NAGAPATINAM",Tharangambadi,NA,Tharangambadi,Nagapattinam,609313
2905,Tamil Nadu,ST. THERESAS TEACHER TRAINING INSTITUTE VIRAHANUR,"NIRMAL NAGAR, VIRAHANUR, MADURAI - 625009",NA,MADURAI,Madurai,625009
2906,Tamil Nadu,"St. Xavier College of Education, Thanjavur","45 Karuppur, Marudhanallur post,","Thippirajapuram via, Kumbakonam taluk",Kumbakonam,Thanjavur,612402
2907,Tamil Nadu,"St. Xaviers College of Education, Pudukkottai",venkatakulam,alangudi(tk),pudukkottai,Pudukkottai,622303
2908,Tamil Nadu,ST. XAVIERS TEACHER TRAINING INSTITUTE ALANGUDI,venktakulam(po),alangudi(tk),NA,Pudukkottai,622303
2909,Tamil Nadu,ST.ANN'S TEACHER TRAINING INSTITUTE ADAIKALAPURAM,"ST. ANNE'S TEACHER TRAINING INSTITUTE, ADAIKALAPURAM",NA,TIRUCHENDUR,Thoothukkudi,628217
2910,Tamil Nadu,St.Anne's College of Engineering and Technology,ANGUCHETTYPALAYAM,"SIRUVATHUR POST, PANRUTI",CUDDALORE,Cuddalore,607106
2911,Tamil Nadu,St.Annes College of Education for Women,JACOLLEGECAMPUS,PERIYAKULAM,PERIYAKULAM,Theni,625601
2912,Tamil Nadu,ST.ANNES TEACHER TRAINING INSTITUTE MADAVARAM,"PONNIAMMANMEDU, MADAVARAM,",CHENNAI - 600 110,CHENNAI,Thiruvallur,600110
2913,Tamil Nadu,"St.Christophers College of Education, Autonomous","63, E.V.K Sampath Road",Vepery,Chennai,Chennai,600007
2914,Tamil Nadu,"St.Jerome's College, Allan Street, Asaripallam Road (via) Ananthanadarkudy, Kanyakumari Dist - 629 201",Anandhanadarkudy,NA,Near Nagercoil,Kanniyakumari,629201
2915,Tamil Nadu,"St.John's College of Arts & Science, Ammandiviali, Kanyakumari Dist - 629 204","Thivandakottai Road, Ammandivilai",Ammandivilai Post - 629204,Nagercoil,Kanniyakumari,629204
2916,Tamil Nadu,"ST.JOHN'S COLLEGE OF NURSING (Inst. Code - 191), VELLORE","NH 234, VELLORE - ARNI HIGHWAY","NELVOY, PENNATHUR",VELLORE,Vellore,632011
2917,Tamil Nadu,"St.John's College, Palayamkottai - 627 002",St. John's College,Palayamkottai - 627002,Tirunelveli,Tirunelveli,627002
2918,Tamil Nadu,"ST.JOHN'S PARAMEDICAL COLLEGE (Inst. Code - 520), PUDUKKOTTAI","TS.No.9954/3A,2A,Nizam Colony,Pudukkottai","TS.No.9954/3A,2A,Nizam Colony,Pudukkottai",Pudukkottai,Pudukkottai,622001
2919,Tamil Nadu,"St.Johns college of Education, Tirunelveli","27, AVANIMOOLAVINAYAKAR KOIL STREET",VEERAVANALLUR,veeravanallur,Tirunelveli,627426
2920,Tamil Nadu,ST.JOHNS TEACHER TRAINING INSTITUTE FOR WOMEN VEERAVANALLUR,"26,Avanomoola vinayakar Kovil St",Veeravanallur,Veeravanallur,Tirunelveli,627426
2921,Tamil Nadu,ST.JOHNS TEACHER TRAINING INSTITUTE NAZARETH,"7,WILLIAMS ROAD",NA,NAZARETH-628617,Thoothukkudi,628617
2922,Tamil Nadu,"St.Joseph College of Arts & Science College,Autonomous),Cuddalore- 607001",St. Joseph's College Road,Manjakuppam,Cuddalore,Cuddalore,607001
2923,Tamil Nadu,"ST.JOSEPH COLLEGE OF EDUCATION , SIVAGANGA",Near leader school,Trichy bipass,Karaikudi,Sivaganga,630002
2924,Tamil Nadu,ST.JOSEPH POLYTECHNIC COLLEGE PICHANOOR,VELANTHAVALAM ROAD,VEERAPPANUR,COIMBATORE,Coimbatore,641105
2925,Tamil Nadu,ST.JOSEPH POLYTECHNIC COLLEGE TIRUMAYAM,"KULATHUPPATTI, KARAIKUDI MAIN ROAD",THIRUMAYAM,THIRUMAYAM,Pudukkottai,622507
2926,Tamil Nadu,St.Joseph's College of Engineering and Technology,"A.S. Nagar, Elupatti (Village),","Rawasapatti (Po),",Thanjavur,Thanjavur,613403
2927,Tamil Nadu,St.Josephs College of Arts & Science for (W),"SIPCOT,",MOOKANDAPALLI,HOSUR,Krishnagiri,635126
2928,Tamil Nadu,"St.Josephs College of Education, The Nilgiris",St. Joseph's College of Education,"P. B. No:29, Woodcock Road, St. Mary's Hill",Udhagamandalam,The Nilgiris,643001
2929,Tamil Nadu,"ST.JOSEPHs POLYTECHNIC COLLEGE PAPPU NAGAR, DINDIGUL","R.M.T.C NAGAR,",REDIYAPATTI(POST),DINDIGUL,Dindigul,624003
2930,Tamil Nadu,ST.JOSEPHS TEACHER TRAINING INSTITUTE FOR WOMEN SURAMANGALAM PAGALPATTY,Pagalpatty,Omalur T.K,Salem,Salem,636304
2931,Tamil Nadu,ST.JOSEPHS TEACHER TRAINING INSTITUTE RUKKMANIPALAYAM MANNARGUDI,"Ruckmanipalayam Road,Mannargudi 614001","Ruckmanipalayam Road,Mannargudi 614001",Mannargudi,Thiruvarur,614001
2932,Tamil Nadu,"St.Jude's College, Thoothoor - 629 176, Kanyakumari Dist","Opp.State Bank of Trivancore, Thoothoor post",NA,Marthandam,Kanniyakumari,629176
2933,Tamil Nadu,"ST.MARY'S COLLEGE OF PARAMEDICAL SCIENCE (Inst. Code - 505), CUDDALORE","VKN TOWER, JUNCTION ROAD, VIRUDHACHALAM","VKN TOWER, JUNCTION ROAD, VIRUDHACHALAM",VIRUDHACHALAM,Cuddalore,606001
2934,Tamil Nadu,"St.Mary's College, North Beach Road, Tuticorin - 628 001",North Beach Road,NA,Thoothukkudi,Thoothukkudi,628001
2935,Tamil Nadu,St.Marys College of Education and Research Institute,"G.S.T.Road J.C.K Nagar, Chengalpattu.",Kanchipuram District-603 002,Chennai,Kancheepuram,603002
2936,Tamil Nadu,"St.Marys College of Education, Erode","ANNAMADUVU, ANTHIYUR - BHAVANI MAIN ROAD,","ANTHIYUR, BHAVANI TK, ERODE DT.",ANTHIYUR,Erode,638314
2937,Tamil Nadu,"St.Marys college of Education, Thoothukkudi",Opposite to Railway Station,Seydunganallur,Seydunganallur,Thoothukkudi,628809
2938,Tamil Nadu,ST.MARYS TEACHER TRAINING INSTITUTE PONMALAIPATTY PONMALAI,"19,Nehru St, Kottapattu Main Road,",Ponmalaipatti,Tiruchirappalli,Tiruchirappalli,620004
2939,Tamil Nadu,ST.MICHAEL POLYTECHNIC COLLEGE KALAYARKOIL,St.Santhiyagapper Nagar,Kalayarkoil,Kalayarkoil,Sivaganga,630551
2940,Tamil Nadu,ST.MICHAELS TEACHER TRAINING INSTITUTE PALANI,"21, Convent Road",Palani,NA,Dindigul,624601
2941,Tamil Nadu,ST.STANISLAUS TEACHER TRAINING INSTITUTE SATTUR,"45,MANNARKOTTAI ROAD,",SATTUR,SATTUR,Virudhunagar,626203
2942,Tamil Nadu,St.Thomas College of Education,"52, KRISHNARAJA PURAM",THOOTHUKUDI,THOOTHUKUDI,Thoothukkudi,628002
2943,Tamil Nadu,"ST.XAVIER CATHOLIC COLLEGE OF NURSING (Inst. Code - 239), KANNIYAKUMARI",CHUNKANKADAI NAGERCOIL KANYAKUMARI DISTRICT,NAGERCOIL,NAGERCOIL,Kanniyakumari,629003
2944,Tamil Nadu,"ST.XAVIER COLLEGE OF NURSING (Inst. Code - 392), THANJAVUR","Needamangalam Main Road, Sakkottai,Kumbakonam(Tk).",NA,Kumbakonam,Thanjavur,612401
2945,Tamil Nadu,St.Xavier' Catholic College of Engineering,Chunkankadai,Kalkulam (TK),Nagercoil 629 003,Kanniyakumari,629003
2946,Tamil Nadu,"St.Xavier's College, Palayamkottai - 627 002","21 North Highground Road,",Palayamkottai,NA,Tirunelveli,627002
2947,Tamil Nadu,"St.Xaviers college of Education, (Autonomous)",John's College Road,"Palayamkottai, P.O.",Tirunelveli,Tirunelveli,627002
2948,Tamil Nadu,"STANLEY MEDICAL COLLEGE & HOSPITAL (Inst. Code - 002), CHENNAI","1,Old Jail Road",NA,Chennai,Chennai,600001
2949,Tamil Nadu,Star College of Education,"PERIYAMANALI POST,","THIRUCHENGODU TK,",NAMAKKAL DT.,Namakkal,637410
2950,Tamil Nadu,Star Lion College of Education,"STARLION COLLEGE OF EDUCATION,AYYAMPET,(PO)",PAPANASAM (TK),NA,Thanjavur,614201
2951,Tamil Nadu,Star Lion College of Engineering and Technology (New),Manankorai,Thanjavur,Thanjavur,Thanjavur,614206
2952,Tamil Nadu,STATE INSTITUTE OF COMMERCE EDUCATION CHENNAI,"THARAMANI,",CHENNAI - 600 113.,CHENNAI,Chennai,600113
2953,Tamil Nadu,STELLA MARIS COLLEGE FOR WOMEN,"17, CATHEDRAL ROAD",GOPALAPURAM,CHENNAI,Chennai,600086
2954,Tamil Nadu,Stella Marys college of Education,Devipattinam Villakku,Sivagiri-627757,Sivagiri,Tirunelveli,627757
2955,Tamil Nadu,"STELLA MARYÃ¢Â€Â™S TEACHER TRAINING INSTITUTE, SIVAGIRI, THIRUNELVELI",Devipattanam Vilakku,Sivagiri-627757,Sivagiri,Tirunelveli,627757
2956,Tamil Nadu,"Stella Matutina College of Education, (Autonomous)","Door No.2c, 86th Street,","Kamarajar Salai, Ashok Nagar,",Chennai,Chennai,600083
2957,Tamil Nadu,STELLA MATUTINA TEACHER TRAINING SCHOOL ASHOK NAGAR,"2,C KAMARAJAR SALAI",ASHOK NAGAR,CHENNAI,Chennai,600083
2958,Tamil Nadu,"Subashkathi Arts and Science College for Women, Kulithalai - 639 120.","Sathiyamangalam,",kulithalai(TK),Karur,Karur,639120
2959,Tamil Nadu,SUBBALAKSHMI LAKSHMIPATHI COLLEGE OF SCIENCES,"TVR Nagar, Aruppukottai Road",NA,Madurai,Virudhunagar,625022
2960,Tamil Nadu,Subham College of Education,No.113 New Mambakkam Post,Viluarayanallur,Maduranthakam,Kancheepuram,603306
2961,Tamil Nadu,Subramaniam Arts & Science College,"Namakkal Main Road,",Mohanur- 637015,Namakkal.,Namakkal,637015
2962,Tamil Nadu,SUBRAMANIAN POLYTECHNIC COLLEGE -,RAYAVARAM,THIRUMAYAM TALUK,PUDUKKOTTAI,Pudukkottai,622506
2963,Tamil Nadu,SUBRAMANYA COLLEGE OF ARTS & SCIENCE,Thalayuthu,NA,palani,Dindigul,624618
2964,Tamil Nadu,SUDARSAN POLYTECHNIC COLLEGE -SATHIYAMANGALAM,"SATHIYAMANGALAM,","KULATHUR - TALUK,",PUDUKKOTTAI.,Pudukkottai,622501
2965,Tamil Nadu,"Sudharsan College of Arts Science, Perumanadu Village, Iluppur Taluk,Pudukkottai - 622 104.",PERUMANADU,ILLLUPPUR TALUK,PUDUKKOTTAI,Pudukkottai,622104
2966,Tamil Nadu,Sudharsan College of Education,PERUMANADU,VAYALOGAM POST,TAMIL NADU,Pudukkottai,622104
2967,Tamil Nadu,Sudharsan Engineering College,Sathiyamangalam,NA,Pudukkottai,Pudukkottai,622501
2968,Tamil Nadu,SUDHARSHANA POLYTECHNIC COLLEGE KALIPATTI,KALIPATTI VILLAGE,AMMAPATTI POST,THURAIYUR,Tiruchirappalli,621014
2969,Tamil Nadu,"SUGAM HOSPITALS (P) LTD., (Inst. Code - 369), CHENNAI","No.349,THIRUVOTRUR HIGH ROAD, THIRUVOTRIYUR,CHENNAI- 600 019","No.349,THIRUVOTRIYUR HIGH ROAD, THIRUVOTRIYUR,CHENNAI-600 019",CHENNAI,Chennai,600019
2970,Tamil Nadu,SUGUNA COLLEGE OF ENGINEERING,"NEHRU NAGAR, KALAPATTI ROAD,",CIVIL AERODROME PO,COIMBATORE - 61014,Coimbatore,641014
2971,Tamil Nadu,SUGUNA POLYTECHNIC COLLEGE -KALAPATTI,"NEHRU NAGAR, KALAPATTI ROAD,",CIVIL AERODROME PO,COIMBATORE,Coimbatore,641014
2972,Tamil Nadu,SULAIHA YASIN TEACHER TRAINING INSTITUTE PARAMAKUDI,"275/2vengaloor road,kamudhakudi.",NA,PARAMAKUDI,Ramanathapuram,623707
2973,Tamil Nadu,"Sulthana Abdullah Rowther College for Women, Thiruvarur - 614 101.","Thiruvarur Road, SH-202, Melapanangattangudi,",BUDAMANGALAM P.O.Thiruvarur District Pin 610 114,Thiruvarur,Thiruvarur,610114
2974,Tamil Nadu,"Sun Arts &Science College,Keeranoor,(V),Rajapalayam- 606 755",Keeranoor (V) Rajapalayam (P),NA,Tiruvannamalai,Tiruvannamalai,606755
2975,Tamil Nadu,Sun College of Education,Sun Nagar,Erachakulam,Nagercoil,Kanniyakumari,629902
2976,Tamil Nadu,Sun College of Engineering and Technology,"Sun Nager, Erachakulam Post",Nagercoil,Nagercoil,Kanniyakumari,629902
2977,Tamil Nadu,SUN INSTITUTE OF POLYTECHNIC ERACHAKULAM,SUN NAGAR,ERACHAKULAM POST,NAGERCOIL,Kanniyakumari,629902
2978,Tamil Nadu,SUN INSTITUTE OF TECHNOLOGY ERACHAKULAM,SUN NAGER,ERACHAKULAM & POST,NAGERCOIL,Kanniyakumari,629902
2979,Tamil Nadu,SUN POLYTECHNIC COLLEGE ERACHAKULAM,Sun Nagar,Erachakulam Post,Nagercoil,Kanniyakumari,629902
2980,Tamil Nadu,"SUNDARAM MEDICAL FOUNDATION, Dr.RANGARAJAN MEMORIAL HOSPITAL ( Inst. Code - 525), CHENNAI",D.Ranagarjan Memorial Hospital,Shanthi Colony,Anna Nagar,Chennai,600040
2981,Tamil Nadu,"SUNDARAM MEDICAL FOUNDATION, DR.RANGARAJAN MEMORIAL HOSPITAL (Inst. Code - 418), CHENNAI",Dr.Rangarajan Memorial Hospital,"Shanthi Colony,4th Avenue",Chennai,Chennai,600040
2982,Tamil Nadu,"SURABI COLLEGE OF NURSING (Inst. Code - 502), COIMBATORE",kanjam patti,pollachi,coimbatore,Coimbatore,642003
2983,Tamil Nadu,"SURABI SCHOOL OF NURSING (Inst. Code - 377), DINDIGUL",PAPPANAM PATTY,PERIYAMALLANAM PATTY,DINDIGUL,Dharmapuri,624622
2984,Tamil Nadu,"SURABI SCHOOL OF NURSING (Inst. Code - 514), KARUR","NO 75,SALEM MAIN ROAD",VENGAMEDU,KARUR,Karur,639006
2985,Tamil Nadu,SURABI SCHOOL OF NURSING DINDIGUL,"Pappanam patti,Periyamallanam patti(via)",Dindigul,Dindigul,Dindigul,624622
2986,Tamil Nadu,Suraj College of Education,Melathangal Village,Via chetpet,Chetpet Taluk,Tiruvannamalai,606807
2987,Tamil Nadu,"SURAN COLLEGE OF NURSING (Inst. Code - 309), VIRUDHUNAGAR","Vanniampatti-Chatrapatti Road,","Near Rajapalayam, srivilliputhur (TK)",Rajapalayam,Virudhunagar,626137
2988,Tamil Nadu,SUREYA COLLEGE OF ENGINEERING,"TEC Campus, Somu Nagar,Konalai",Mannachanallur,Trichy,Tiruchirappalli,621132
2989,Tamil Nadu,Surya College of Engineering and Technology,"NH-45 , GST Road",Vikiravandi,Vikiravandi,Viluppuram,605652
2990,Tamil Nadu,Surya Engineering College,"Perundurai Road, Mettukadai","Kathirampatti (Po), Erode",Erode,Erode,638107
2991,Tamil Nadu,Surya Institute of Management Studies,NH 45,GST Road,Vikravandi,Viluppuram,605602
2992,Tamil Nadu,SURYA POLYTECHNIC COLLEGE KEEZHAKONDAI,"GST ROAD, SURYA NAGAR,","KEEZHAKONDAI, VIKRAVANDI.",VILLUPURAM.,Viluppuram,605652
2993,Tamil Nadu,SURYA POLYTECHNIC COLLEGE NEENDAKARAI B,UDAYANAGAR,AMMANDIVILAI,AMMANDIVILAI,Kanniyakumari,629204
2994,Tamil Nadu,SURYA SCHOOL OF ARCHITECTURE,"NH-45,GST ROAD,","SURYA NAGAR,VIKIRAVANDI",VILLUPURAM,Viluppuram,605652
2995,Tamil Nadu,"SURYA SCHOOL OF PHARMACY (Inst. Code - 380), VILLUPPURAM","SURYA NAGAR, GST ROAD NH-45,",VIKRAVANDI -605652,VILLUPURAM,Viluppuram,605652
2996,Tamil Nadu,Susila College of Education,"Kuppusamy Nagar,Chennai Main Road,",Veeracholapuram.PIN-606206,Kallakurichi,Viluppuram,606206
2997,Tamil Nadu,"SUTHANTHIRA POLYTECHNIC COLLEGE, NATARAJAPURAM, KALAYARKOIL",kallakkanmai,kalaiyarkoil,sivagangai,Sivaganga,630555
2998,Tamil Nadu,SVA COLLEGE OF POLYTECHNIC,NALLUR,N.PUDUPPATTY PO,NAMAKKAL,Namakkal,637020
2999,Tamil Nadu,SVS College Of Engineering,"J.P.Nagar,","Arasampalayam,",Coimbatore - 642 109,Coimbatore,642109
3000,Tamil Nadu,SVS POLYTECHNIC COLLEGE RAMADEVAM,"Melsathampoor Road,",R.Pudupalayam,"RAMADEVAM POST, P.VELUR (TK)",Namakkal,637203
3001,Tamil Nadu,SVS School of Architecture,"J.P.Nagar, Arasampalayam, Myleripalayam(via), Coimbatore - 642109","J.P.Nagar, Arasampalayam, Myleripalayam(via), Coimbatore - 642109",Coimbatore,Coimbatore,642109
3002,Tamil Nadu,"Swami Dayananda College of Arts & Science, Tiruvarur - 612 610.",Manjakkudi - 612 610,NA,Kodavasal Post,Thiruvarur,612610
3003,Tamil Nadu,"Swami Vivekananda Arts & Science College, Sami Arul Nagar, Vallam, Thanjavur - 613 007.","191/1pillaiyarpatti, vallam","191/1pillaiyarpatti, vallam",Thanjavur,Thanjavur,613403
3004,Tamil Nadu,"Swami Vivekananda Arts &Science College,Lakshmipuram,Orathur X Road,Gingee Main Road-605 601","GINGEE MAIN ROAD, ORATHUR VILLAGE,",MUNDIYAMPAKKAM (S.O),VILLUPURAM,Viluppuram,605601
3005,Tamil Nadu,"Swami Vivekananda College of Education, Perambalur","66D,METTUR ROAD, ARUMBAVUR POST","VEPPANTHATTAI TALUK, PERAMBALUR DISTRICT - 621103",ARUMBAVUR POST,Perambalur,621103
3006,Tamil Nadu,"SWAMI VIVEKANANDA COLLEGE OF NURSING (Inst. Code - 289), A.JETTIHALLI, DHARMAPURI",SRI RAMAKRISHNA NAGAR,A.JETTIHALLI POST,DHARMAPURI,Dharmapuri,636807
3007,Tamil Nadu,SWAMI VIVEKANANDA POLYTECHNIC COLLEGE,Kottarakundru Road,"Arumbavur Post, Veppanthattai Taluk",Perambalur,Perambalur,621103
3008,Tamil Nadu,SWAMI VIVEKANANDA TEACHER TRAINING INSTITUTE ARUMBAVUR VEPANTHATTAI,"66D,METTUR ROAD,ARUMBAVUR (PO), VEPPANTHATTAI (TK)",PERAMBALUR DT. PIN - 621103,ARUMBAVUR,Perambalur,621103
3009,Tamil Nadu,SWAMY ABEDHANANDHA POLYTECHNIC COLLEGE THELLAR,Vandavasi - Tindivanam Highway,Thellar-604406,Vandavasi Taluk,Tiruvannamalai,604406
3010,Tamil Nadu,"SWAMY VIVEKANANDHA COLLEGE OF PHARMACY (Inst. Code - 059), SALEM",ELAYAMPALAYAM,TIRUCHENGODE,NAMAKKAL,Salem,637205
3011,Tamil Nadu,"SWEC SCHOOL OF NURSING, ERODE","225/218, Cutchery Street, Karavaikkal-638 001",NA,NA,Erode,638001
3012,Tamil Nadu,"Syed Ammal College of Arts and Science, Ramanathapuram","23, Dr. E.M.Abdullah Nagar","Kootampuli, Pullankudi Post",Ramanathapuram.,Ramanathapuram,623513
3013,Tamil Nadu,"Syed Ammal Engineering College, Lanthai, Ramanathapuram Dist",Lanthai,Achunthanvayal Post,Ramanathapuram,Ramanathapuram,623502
3014,Tamil Nadu,"Syed Hameedha Arabic College, Kilakarai",Syed Hameedha Arabic College,"East Coast Road,",Kilakarai,Ramanathapuram,623806
3015,Tamil Nadu,"Syed Hameetha Arts and Science College, Kilakarai","East Coast Road,",NA,Kilakarai - 623 806,Ramanathapuram,623806
3016,Tamil Nadu,T P E V R GOVT. POLYTECHNIC COLLEGE SIVARAMAPURAM,"BAGAYAM ROAD,SIVARAMAPURAM",THORAPADI POST,VELLORE-632002,Vellore,632002
3017,Tamil Nadu,T S SRINIVASAN POLYTECHNIC COLLEGE AND CENTRE FOR ADVANCED VANAGARAM,"NO.1, TVS SCHOOL ROAD",VANAGARAM,CHENNAI,Thiruvallur,600095
3018,Tamil Nadu,"T.B.M.L. College, Porayar - 609 307.",VeerappaPillai Street,PORAYAR,NAGAPATTINAM,Nagapattinam,609307
3019,Tamil Nadu,T.D.T.A.D.S. Daniel Rajammal College of Education,Ilanji Tenkasi T.K,Courtallam,Tenkasi,Tirunelveli,627805
3020,Tamil Nadu,T.J. Institute of Technology,RAJIV GANDHI SALAI,KARAPAKKAM,CHENNAI,Kancheepuram,600097
3021,Tamil Nadu,"T.J.S POLYTECHNIC COLLEGE, THIRUVALLUR","T.J.S POLYTECHNIC COLLEGE,","PERUVOYAL VILLAGE,KAVARAIPET-POST",GUMMIDIPONDI-T.K,Thiruvallur,601206
3022,Tamil Nadu,T.J.S. Engineering College,"T.J.S.NAGAR, PERUVOYAL ,NEAR KAVARAIPETTAI","GUMMIDIPOONDI TALUK, THIRUVALLUR DIST - 601 206",NA,Thiruvallur,601206
3023,Tamil Nadu,T.K. Raja College of Education,ADHIYUR VILL & PO,SELAM MAIN ROAD,TIRUPATTUR,Vellore,635602
3024,Tamil Nadu,T.S.M. Jain College of Technology,"MELUR (PO), KALLAKURICHI (TK)",VILLUPURAM (DT) - 606 201,KALLAKURICHI,Viluppuram,606201
3025,Tamil Nadu,T.V.M. College of Education,"TVM Nagar, Podaturpet",Thiruvallur District,Thiruvallur,Thiruvallur,631208
3026,Tamil Nadu,TAGORE COLLEGE OF ARTS AND SCIENCE,"CLC Works Road, New Colony",Chromepet,Chennai,Chennai,600044
3027,Tamil Nadu,Tagore College of Education,"Deviyakurichi (PO), Attur (TK)",Pin Code:636112,Salem,Salem,636112
3028,Tamil Nadu,"TAGORE DENTAL COLLEGE & HOSPITAL (Inst. Code - 273), CHENNAI",Tagore Dental College & Hospital,Rathinamangalam Melakottaiyur Post,Chennai,Chennai,600127
3029,Tamil Nadu,Tagore Engineering College,Rathinamangalam,"Melakottaiyur Post, Vandalur",Chennai - 600 127,Kancheepuram,600127
3030,Tamil Nadu,Tagore Institute of Engineering and Technology,SALEM - CHENNAI MAIN ROAD,DEVIYAKURICHI,ATTUR,Salem,636112
3031,Tamil Nadu,"TAGORE MEDICAL COLLEGE & HOSPITAL (Inst. Code - 351), CHENNAI",Rathinamangalam,Melakkotaiyur Post,Chennai,Chennai,600127
3032,Tamil Nadu,"Tamil Nadu Dr. Ambedkar Law University, Chennai","""Poompozhil"",","NO: 5, DR. D.G.S. DINAKARAN SALAI",CHENNAI,Chennai,600028
3033,Tamil Nadu,"Tamil Nadu Dr. M.G.R. Medical University , Chennai","No.69, ANNA SALAI",GUINDY,CHENNAI,Chennai,600032
3034,Tamil Nadu,TAMIL NADU FISHERIES UNIVERSITY,First Line Beach Road,NA,Nagapattinam,Nagapattinam,611001
3035,Tamil Nadu,"TAMIL NADU GOVERNMENT DENTAL COLLEGE AND HOSPITAL (Inst. Code - 020), CHENNAI","No. 2, FRAZER BRIDGE ROAD, PARK TOWN, CHENNAI-3","No. 2, FRAZER BRIDGE ROAD, PARK TOWN, CHENNAI-3",CHENNAI,Chennai,600003
3036,Tamil Nadu,TAMIL NADU INSTITUTE OF LABOUR STUDIES,"5,KAMARAJAR SALAI,",CHENNAI - 600 005,CHENNAI,Chennai,600005
3037,Tamil Nadu,"TAMIL NADU INSTITUTE OF PALLIATIVE MEDICINE & PARA MEDICAL SCIENCE OF SCOPE INDIA (Inst. Code - 560), CUDDALORE",No 5A/1 Ramadass Naidu Street Pudupalayam,Cuddalore- 01 Tamil Nadu,Cuddalore,Cuddalore,607001
3038,Tamil Nadu,TAMIL NADU NATIONAL LAW SCHOOL,NAVALURKUTTAPATTU,SRIRANGAM TALUK,TIRUCHIRAPPALLI,Tiruchirappalli,620009
3039,Tamil Nadu,"Tamil Nadu Open University, Chennai",No.577,Anna Salai,Saidapet,Chennai,600015
3040,Tamil Nadu,"Tamil Nadu Teacher Education University, Chennai",GANGAIAMMAN KOIL STREET,"KARAPAKKAM,",Chennai,Chennai,600097
3041,Tamil Nadu,"Tamil Univesity, Thanjavur",Trichy Road,Thanjavur 613 010,Thanjavur,Thanjavur,613010
3042,Tamil Nadu,"Tamilavel Umamaheswaranar Karanthai Arts College, Thanjavur - 613 002.","Karanthai Tamilsangam Road,",Karanthai,Thanjavur - 613 002,Thanjavur,613002
3043,Tamil Nadu,"Tamilnadu Agricultural University, Coimbatore",Lawley Road,NA,Coimbatore,Coimbatore,641003
3044,Tamil Nadu,"TAMILNADU CHRISTIAN REVIVIAL MISSION ORGANISATION, SCHOOL OF NURSING, PERAMBALUR",Venkatresapuram,NA,Perambalur,Perambalur,621212
3045,Tamil Nadu,Tamilnadu College of Engineering,"Palanisame Ravi Nagar, Karumathampatti",Coimbatore- 641659,Coimbatore,Coimbatore,641659
3046,Tamil Nadu,"Tamilnadu Physical Education and Sports University, Chennai",Melakottaiyur Post,Vandalur,Chennai 600127,Kancheepuram,600127
3047,Tamil Nadu,TAMILNADU POLYTECHNIC COLLEGE -,T.P.K. ROAD,MADURAI - 625 011,MADURAI,Madurai,625011
3048,Tamil Nadu,Tamilnadu School of Architecture,"TCE, CAMPUS",KARUMATHAMPATTI,COIMBATORE,Coimbatore,641659
3049,Tamil Nadu,TAMILNADU THEOLOGICAL SEMINARY,Arasaradi,NA,Madurai,Madurai,625010
3050,Tamil Nadu,"Tamilnadu Veterinary & Animal Sciences University, Chennai","Madhavaram Milk Colony, Chennai-600 051",NA,Chennai,Thiruvallur,600051
3051,Tamil Nadu,Tamizhan College of Engineering and Technology,"Tamilan Nagar ,",Chenbagaramanputhoor,nagercoil,Kanniyakumari,629304
3052,Tamil Nadu,"TARA INSTITUTE OF PARA MEDICAL SCIENCES (Inst. Code - 458), VILLUPURAM","NO.12F,DHANALAKSHMI GARDEN, POONTHOTAM",TRICHY MAIN ROAD,VILLUPURAM,Viluppuram,605602
3053,Tamil Nadu,"TCR HOSPITAL & CHARITABLE TRUST (Inst. Code - 558), KRISHNAGIRI","1/450,AVVAI NAGAR,NEAR LIC,KRISHNAGIRI","1/450,AVVAI NAGAR,NEAR LIC,KRISHNAGIRI",KRISHNAGIRI,Krishnagiri,635001
3054,Tamil Nadu,TEACHER TRAINING INSTITUTE CHIDAMBARAM,TEACHER TRAINING INSTITUTE,KEEZHAMOONGILADI - 608 102,CHIDAMBARAM,Cuddalore,608102
3055,Tamil Nadu,"TEAM SPECIALITY HOSPITAL (Inst. Code - 452), PUDUKKOTTAI","No.10, Sathiyamoorthy Road,",Opp. New Bus Stand,pudukkottai,Pudukkottai,622001
3056,Tamil Nadu,Tejaa Shakthi Institute of Technology for Women,"Near Chenniandavar Temple, NH-47, Avinashi Road","Karumathampatti, Coimbatore - 641 659",Coimbatore,Coimbatore,641659
3057,Tamil Nadu,TELC TEACHER TRAINING INSTITUTE FOR MEN THARAGAMBADI,tharangambadi,NA,nagapattinam,Nagapattinam,609313
3058,Tamil Nadu,TELC TEACHER TRAINING INSTITUTE FOR WOMEN USILAMPATTI,TELC TEACHER TRAINING INSTITUTE FOR WOMEN USILAMPATTI,PERAIYUR ROAD,USILAMPATTI,Madurai,625532
3059,Tamil Nadu,Terasa College of Education,VEERAPPATTI PANCHAYAT,ILLUPPUR-622102,ILLUPPUR,Pudukkottai,622102
3060,Tamil Nadu,TERESA TEACHER TRAINING INSTITUTE ILLUPUR,Veerappatti Panchayat,Illuppur,Illuppur,Pudukkottai,622102
3061,Tamil Nadu,TERF's Academy College of Arts and Science,"Kovilpalayam pudur,avinashi palayam",Tirupur,Tirupur,Tiruppur,641660
3062,Tamil Nadu,Texcity Arts and Science College,"Palathurai Road,","Madukkarai Market,",Coimbatore,Coimbatore,641105
3063,Tamil Nadu,"TEXCITY COLLEGE OF NURSING (Inst. Code - 231), COIMBATORE",PODANUR MAIN ROAD,NA,COIMBATORE,Coimbatore,641023
3064,Tamil Nadu,"THAAI POLYTECHNIC COLLEGE T.VADIPATTI, MADURAI","UNION OFFICE ROAD, NEERATHAN,",T.VADIPATTI,MADURAI,Madurai,625218
3065,Tamil Nadu,THAI MOOGAMBIGAI POLYTECHNIC COLLEGE MOGAPPAIR,MOGAPPAIR,NERKUNDRAM,Chennai-107,Thiruvallur,600107
3066,Tamil Nadu,Thalapathy College of Education,B N SOWDAPPA CHETTY STREET,"KARIMANGALAM POST, PALACODE TALUK",DHARMAPURI,Dharmapuri,635111
3067,Tamil Nadu,THAMIL THAI TEACHER TRAINING INSTITUTE ELUMALAI,THAMIL THAI TEACHER TRAINING INSTITUTE,MALLAPURAM - ELUMALAI,MADURAI,Madurai,625535
3068,Tamil Nadu,"THAMIRABHARANI ENGINEERING COLLEGE, TIRUNELVELI","WARD 1, CHATHIRAMPUTHUKULAM VILLAGE",CHIDAMBARANAGAR-VEPANKULAM ROAD,THATCHANALLUR - 627 358,Tirunelveli,627358
3069,Tamil Nadu,THANAPANDIYAN POLYTECHNIC COLLEGE UCHAPATTI,"THANAPANDIYAN NAGAR,","AUSTINPATTI ROAD, UCHAPATTI,",MADURAI,Madurai,625008
3070,Tamil Nadu,THANGAM MUTHU POLYTECHNIC COLLEGE ENDAPULI KAMATCHIPURAM,"Madurai main Road, Velnagar,","Periyakulam East,",Periyakulam,Theni,625604
3071,Tamil Nadu,Thangavelu Engineering College,RAJIV GANDHI SALAI,KARAPAKKAM,CHENNAI,Kancheepuram,600097
3072,Tamil Nadu,"THANJAVUR MEDICAL COLLEGE (Inst. Code - 005), THANJAVUR",THANJAVUR MEDICAL COLLEGE,M.C ROAD,THANJAVUR,Thanjavur,613006
3073,Tamil Nadu,Thanthai Hans Roever College of Education,"Indira nagar,","Elambalur post, Perambalur Dt-621212",Perambalur,Perambalur,621212
3074,Tamil Nadu,"Thanthai Hans Roever College, Perambalur - 621 212.","Trichy-Chennai Road, Elambalur (P.o)",Perambalur (D.t),Perambalur,Perambalur,621212
3075,Tamil Nadu,THANTHAI PERIYAR GOVERNMENT INSTITUTE OF TECHNOLOGY,CHITHERI ROAD,BAGAYAM,VELLORE,Vellore,632002
3076,Tamil Nadu,"THANTHAI ROEVER COLLEGE OF NURSING (Inst. Code - 222), PERAMBALAUR","""ROEVER CAMPUS"" PERAMBALUR","ROEVER CAMPUS, PERAMBALUR",PERAMBALUR,Perambalur,621212
3077,Tamil Nadu,"THANTHAI ROEVER COLLEGE OF PHARMACY (Inst. Code - 138), PERAMBALUR",ROEVER MAIN CAMPUS PERAMBALUR,NEW MG PURAM PERAMBALUR,PERAMBALUR,Perambalur,621212
3078,Tamil Nadu,"THANTHAI ROEVER COLLEGE OF PHYSIOTHERAPY (Inst. Code - 108), TRICHIRAPALLI",Roever Main Campus,New M.G.Puram,Perambalur,Tiruchirappalli,621212
3079,Tamil Nadu,THANTHAI ROEVER INST. OF POLYTECHNIC COLLEGE ELAMBALUR,"ELAMBALUR - POST, PERAMBALUR - TALUK & DISTRICT",TAMIL NADU - SOUTH INDIA,PERAMBALUR,Perambalur,621220
3080,Tamil Nadu,"THANTHAI ROEVER INSTITUTE OF AGRICULTURE AND RURAL DEVELOPMENT, PERAMBALUR","Vallikandapuram,621115",NA,Perambalur,Perambalur,621115
3081,Tamil Nadu,"THASIAH COLLEGE OF NURSING (Inst. Code - 299), KANNIYAKUMARI",VELLIVILAGAM,VIRICODE POST,MARTHANDAM,Kanniyakumari,629165
3082,Tamil Nadu,Thavathiru Kundrakudi Adigalar College of Education for Women,O.Siruvayal Road,Nemam Block,Kundrakudi - 630 206,Sivaganga,630206
3083,Tamil Nadu,"Thavathiru Santhalinga Adigalar Arts, Science and Tamil College",SIRUVANI MAINIROAD,PERUR,COIMBATORE,Coimbatore,641010
3084,Tamil Nadu,THE AMERICAN COLLEGE,Goripalayam,NA,Madurai,Madurai,625002
3085,Tamil Nadu,THE CHRISTIAN INST FOR TECH EDN POLY COLLEGE ODDANCHATRAM,NEAR CHECK POST,ODDANCHATRAM,ODDANCHATRAM,Dindigul,624619
3086,Tamil Nadu,"THE ERODE COLLEGE OF PHARMACY (Inst. Code - 058), ERODE",PERUNDURAI,VEPPAMPALAYAM,ERODE,Erode,638112
3087,Tamil Nadu,"THE EYE FOUNDATION (Inst. Code - 420), COIMBATORE",582-A DB Road,RS PURAM,Coimbatore,Coimbatore,641002
3088,Tamil Nadu,THE INDIAN POLYTECHNIC COLLEGE SADAIYANERI AZHAGANERI,Raja Nagar,Vadakkangulam,Azhaganeri,Tirunelveli,627116
3089,Tamil Nadu,"THE INSTITUTE OF NEUROLOGICAL SCIENCES, THE VOLUNTARY HEALTH SCIENCES (Inst. Code - 425) , CHENNAI",RAJIV GANDHI SALAI,TARAMANI,CHENNAI-600113,Chennai,600113
3090,Tamil Nadu,THE KARUR POLYTECHNIC COLLEGE ANDAN KOIL EAST,SANJAY NAGAR ATHUR POST,KARUR ERODE MAIN ROAD,KARUR,Karur,639008
3091,Tamil Nadu,The Kavery College of Engineering,M.Kallipatti(po),Mecheri,Mettur,Salem,636453
3092,Tamil Nadu,The Kavery Engineering College,M. Kalipatty,"Mecheri, Mettur Taluk",Salem,Salem,636453
3093,Tamil Nadu,THE KAVERY INSTITUTE OF TECHNOLOGY M KALIPATTI,"M.KALI PATTI,MECHERI","METTUR (TK), SALEM (DT)",SALEM,Salem,636453
3094,Tamil Nadu,THE KAVERY POLYTECHNIC COLLEGE M KALIPATTI,M. KALIPATTI POST,"MECHERI, METTUR TALUK",SALEM,Salem,636453
3095,Tamil Nadu,THE KEVIN POLYTECHNIC COLLEGE VILLAGE,RAJA NAGAR,OPPOSITE TO SENGULAM RAILWAY STATION,PONNAKUDI,Tirunelveli,627152
3096,Tamil Nadu,THE KONGHU POLYTECHNIC COLLEGE MUKKUTHIPALAYAM,"KALLIYANVALASU,NH-7 TRICHY MAIN ROAD,","MUKKUTHIPALAYAM (POST),MALLUR (VIA),AMMAPALAYAM,",SALEM,Salem,636203
3097,Tamil Nadu,"The M.D.T. Hindu College, Pettai, Tirunelveli - 627 008",The Madurai Diraviyam Thayumanavar Hindu College,Pettai,Tirunelveli,Tirunelveli,627008
3098,Tamil Nadu,"THE MADRAS MEDICAL MISSION, (Inst. Code - 415), CHENNAI","No. 4A, Kannadasan Salai",Mogappair East,Chennai,Chennai,600037
3099,Tamil Nadu,THE MADRAS SANSKRIT COLLEGE AND SSV PATASALA,"84, Royapettah High Road (Thriu-vi-ka Road)",Mylapore,Chennai - 600 004,Chennai,600004
3100,Tamil Nadu,THE NEW POLYTECHNIC COLLEGE INAM KULATHUR,Vellivadi Bus Stop,Inamkulathur Post,Trichy,Tiruchirappalli,621303
3101,Tamil Nadu,The Rajaas Engineering Colleges,RAJA NAGAR,VADAKKANGULAM,VADAKKANGULAM,Tirunelveli,627116
3102,Tamil Nadu,THE SALEM CO OP SUGAR MILLS POLYTECHNIC COLLEGE PETTAPALAYAM,MOHANUR POST,NAMAKKAL,NAMAKKAL,Namakkal,637015
3103,Tamil Nadu,THE SALEM POLYTECHNIC COLLEGE GAJALNAICKENPATTY,PANAMARATHUPATTY PIRIVU ROAD,GAJJALNAICKENPATTY (PO),SALEM,Salem,636201
3104,Tamil Nadu,"THE SALVATION ARMY CATHERINE BOOTH COLLEGE OF NURSING (Inst. Code - 544), NAGERCOIL","Catherine Booth Hospital Campus,Vadasery,nagercoil-629001","Catherine Booth Hospital Campus,Vadasery,nagercoil-629001",Nagercoil,Kanniyakumari,629001
3105,Tamil Nadu,THE SURABI COLLEGE OF POLYTECHNIC -MARAPPANAICKENPATTY,"TIRUCHENGODE ROAD,MANIKATTIPUDHUR",NALLIPALAYAM (PO) NAMAKKAL,NAMAKKAL,Namakkal,637003
3106,Tamil Nadu,"The Thassim Beevi Abdul Kadar College for Women, Kilakarai","8/93 & 94, Pearl Matriculation School Road, Kilakarai, Ramanathapuram District",Kilakarai,Kilakarai,Ramanathapuram,623517
3107,Tamil Nadu,Thellar College of Education,Thellar village & post,Thellar block,vandavasi,Tiruvannamalai,604406
3108,Tamil Nadu,THENI COLLEGE OF ARTS SCIENCE,NEAR POLICE QUARTERS,NA,VEERAPANDI,Theni,625534
3109,Tamil Nadu,"THENI GOVERNMENT MEDICAL COLLEGE (Inst. Code - 240), THENI","K.Vilakku, Aundipatti (Tk), Theni District.","K.Vilakku, Aundipatti (Tk), Theni District.",Theni,Theni,625512
3110,Tamil Nadu,"THENI GOVERNMENT MEDICAL COLLEGE, COLLEGE OF NURSING, (Ins. Code - 615), Theni","COLLOGE OF NURSING, GOVT. THENI MEDICAL COLLEGE HOSPITAL","SHANMUGASUNDARA PURAM VILLGE, K.VILLAKU, AUNDIPATTI TALUK",AUNDIPATTI,Theni,625512
3111,Tamil Nadu,"Theni Kamavar Sangam College of Technology, Theni","Theni Main Road, Koduvilarpatti P.O",Veerapandi Via,Theni,Theni,625534
3112,Tamil Nadu,THENI KAMMAVAR SANGAM COLLEGE OF ARTS & SCIENCE,0,KODUVILARPATTY,0,Theni,625534
3113,Tamil Nadu,Theni Kammavar Sangam College of Education,Kammavar Nagar,Koduvilarpatti,Theni,Theni,625534
3114,Tamil Nadu,THENI KAMMAVAR SANGAM POLYTECHNIC COLLEGE KODUVILARPATTI,KAMMAVAR NAGAR,KODUVILARPATTI,THENI - 625534,Theni,625534
3115,Tamil Nadu,THENI KAMMAVAR SANGAM TEACHER TRAINING INSTITUTE KODUVILARPATTY,KAMMAVAR NAGAR,KODUVILARPATTI,THENI,Theni,625534
3116,Tamil Nadu,"Thevanai Ammal College for Women,(Autonomous),Chennai-Trichy Trunk Road,605 401",Chennai Trichy Trunk Road,Salamedu,Villupuram,Viluppuram,605401
3117,Tamil Nadu,"THEVANESAM ERUDHAYA AMMAL POLYTECHNIC COLLEGE, VEMBAR",East coast road,Vilathikulam Taluk,Vemabr,Thoothukkudi,628906
3118,Tamil Nadu,THIAGARAJAR COLLEGE,"139-140, Kamarajar Salai",Teppakulam,Madurai,Madurai,625009
3119,Tamil Nadu,Thiagarajar College of Education,"LAKSHMI NAGAR,VALAPPADY",VALAPPADY(PO)&(TK),SALEM,Salem,636115
3120,Tamil Nadu,"Thiagarajar College of Engineering, Madurai",Tiruparankundram,Madurai - 15,madurai,Madurai,625015
3121,Tamil Nadu,"Thiagarajar College of Preceptors, (Aided)","No.3, Teppakulam West, Madurai-9, Tamilnadu",NA,Madurai,Madurai,625009
3122,Tamil Nadu,THIAGARAJAR POLYTECHNIC COLLEGE JAGIR AMMAPALAYAM - MEYYANOOR,"POST BOX No 523, JUNCTION MAIN ROAD",NA,SALEM,Salem,636005
3123,Tamil Nadu,THIAGARAJAR SCHOOL OF MANAGEMENT,Pamban Swamy Nagar,Tirupparankundram,Madurai,Madurai,625005
3124,Tamil Nadu,THIAGI THARMAKKAN AMIRTHAM COLLEGE OF ARTS AND SCIENCE,"141/1A, East coast road,",Kannirajapuram,Kadaladi Taluk,Ramanathapuram,623135
3125,Tamil Nadu,"THIRAVIAM COLLEGE OF ARTS & SCIENCE FOR WOMEN, PERIYAKULAM","Kailasapatti, Thamaraikulam post, Periyakulam","Kailasapatti, Thamaraikulam post, Periyakulam",Periyakulam,Theni,625605
3126,Tamil Nadu,Thiraviam College of Education,Kailasapatty,Thamaraikulam,Theni,Theni,625605
3127,Tamil Nadu,"THIRAVIAM COLLEGE OF NURSING (Inst. Code - 343), MOUNT JERUSALEM, THENI","MOUNT JERUSALEM,PERIYAKULAM ROAD,","THAMARAIKULAM (PO),KAILASAPATTY,",PERIYAKULAM,Theni,625605
3128,Tamil Nadu,"THIRAVIUM PARA MEDICAL COLLEGE (Inst. Code - 629), THENI",MOUNT JERUSALEM,"KAILASAPATTI,THAMARAIKULAM(PO)",PERIYAKULAM,Theni,625605
3129,Tamil Nadu,"Thiru Kolanchiyappar Govt.Arts College,Virudachalam-606001",JUNCTION ROAD,NA,VRIDDHACHALAM,Cuddalore,606001
3130,Tamil Nadu,THIRU RAMAKRISHNA NALLAMMAI POLYTECHNIC COLLEGE NANJIYAMPALAYAM,NALLAMMAI NAGAR,DHARAPURAM,DHARAPURAM,Tiruppur,638656
3131,Tamil Nadu,THIRU SEVEN HILLS POLYTECHNIC COLLEGE -MADURAVOYAL,0,MADURAVOYAL,CHENNAI,Thiruvallur,600095
3132,Tamil Nadu,"Thiru. A.Govindasamy Govt.Arts College,Tindivanam-604 001","Government Arts college, Tindivanam",604001,Tindivanam,Viluppuram,604001
3133,Tamil Nadu,"Thiru. Vi. Ka. Government Arts College, Thiruvarur - 610 003.",NAGAPATTINAM ROAD,KIDARANKONDAN,THIRUVARUR,Thiruvarur,610003
3134,Tamil Nadu,"THIRUMAGAL POLYTECHNIC COLLEGE, VANCHUVANCHERY, SRIPERUMBUDUR","144,VANCHUVANCHERY VILLAGE,","PADAPPAI POST, KANCHIPURAM DISTRICT-601301",kancheepuram,Kancheepuram,601301
3135,Tamil Nadu,Thirumal College of Education,"Thirumal Nagar, Lakkinayakkan patti, Tirupattur",Vellore,Tiruppattur,Vellore,635654
3136,Tamil Nadu,Thirumalai Engineering College,kilambi krishnapuram post,kanchipuram,kanchipuram,Kancheepuram,631551
3137,Tamil Nadu,THIRUMALAI MADHANUR POLYTECHNIC COLLEGE PALUR,THIRUMALAIKUPPAM,NA,"MADHANUR,",Vellore,635804
3138,Tamil Nadu,THIRUMALAI POLYTECHNIC COLLEGE KANCHIPURAM,KRISHNAPURAM - POST,KILAMBI - VILLAGE,KANCHEEPURAM,Kancheepuram,631551
3139,Tamil Nadu,"THIRUMALAI SRINIVASA PARA MEDICAL INSTITUTE, TIRUCHIRAPPALLI","96, Attur Road, Thuraiyur Taluk - 621010.",NA,thuraiyur,Tiruchirappalli,621010
3140,Tamil Nadu,THIRUMATHI ELIZABETH POLYTECHNIC COLLEGE ANNAMANGALAM,"SELCRIM LAND, ANNAMANGALAM-621102.",VEPPANTHATTAI-TK,PERAMBALUR,Perambalur,621102
3141,Tamil Nadu,THIRUMURUGAN ARTS AND SCIENCE COLLEGE,KOSAVANPALAYAM VILLAGE,THIRUPPASUR POST,THIRUVALLUR,Chennai,631203
3142,Tamil Nadu,THIRUTHANGAL NADAR COLLEGE,SELAVAYAL,SELAVAYAL,CHENNAI -51,Chennai,600051
3143,Tamil Nadu,THIRUTHANI POLYTECHNIC COLLEGE LAKSHMAPURAM,"LAKSHMAPURAM VILLAGE,NABALUR POST,",TIRUTTANI(T.K)-631204,TIRUTTANI,Thiruvallur,631204
3144,Tamil Nadu,"Thiruvalluvar Arts &Science College,Kurinjipadp-607 302",K.Nellikuppam Road.,Kurinjipadi post & T.K,Cuddalore,Cuddalore,607302
3145,Tamil Nadu,"THIRUVALLUVAR COLLEGE OF ARTS AND SCIENCE FOR WOMEN, MADURAI","THIRUVALLUVAR COLLEGE OF ARTS AND SCIENCE FOR WOMEN, SOOLAPPURAM",MADURAI,MADURAI,Madurai,625535
3146,Tamil Nadu,Thiruvalluvar College of Education for Women,"Mallappuram (po),","Elumalai (via), Peraiyur (tk),",Madurai,Madurai,625535
3147,Tamil Nadu,Thiruvalluvar College of Engineering and Technology,"Arunachala City,","PONNUR HILLS,",Vandavasi 604 505,Tiruvannamalai,604505
3148,Tamil Nadu,"Thiruvalluvar College, Papanasam, V.K.Puram - 627 425",POTHIGAIADI,PAPANASAM.DANA(P.O),VICKRAMASINGAPURAM,Tirunelveli,627425
3149,Tamil Nadu,Thiruvalluvar Government Arts College,0,0,0,Namakkal,637401
3150,Tamil Nadu,"THIRUVALLUVAR NURSING INSTITUTION (Inst. Code - 600), THIRUVALLUR",NO86 MPR COMPLEX GANDHI BAZAR GINGEE.,GINGEE.,GINGEE.,Thiruvallur,604202
3151,Tamil Nadu,THIRUVALLUVAR POLYTECHNIC COLLEGE SOOLAPPURAM,SOOLAPPURAM,NA,ELUMALAI,Madurai,625535
3152,Tamil Nadu,THIRUVALLUVAR POLYTECHNIC COLLEGE VELLAMADAI,"KALIPALAYAM, VELLAMADAI (PO)",VAIYAMPALAYAM (VIA),COIMBATORE - 641110,Coimbatore,641110
3153,Tamil Nadu,THIRUVALLUVAR TEACHER TRAINING INSTITUTE KATPADI,"NO. 1, R.S. ROAD, AMMANANKUPPAM,",GUDIYATTAM TALUK,VELLORE,Vellore,635803
3154,Tamil Nadu,"Thiruvalluvar Univeristy, Vellore",SERKKADU,VELLORE-632 115,VELLORE,Vellore,632115
3155,Tamil Nadu,"Thiruvalluvar University College of Arts & Science ,Thennangur Village,Vandavasi Taluk-604 408",Thennangur,NA,vandavasi,Tiruvannamalai,604408
3156,Tamil Nadu,"Thiruvalluvar University college of Arts &Science ,E.V.N.Govt.Boys Higher SEcondary School,Krishanagiri Road,Gazhanayeganpatti,Tirupattur Taluk,Tirupattur-635 901aGd,","E.V.N.Govt.Boys Higher SEcondary School,Krishanagiri Road,","Gazhanayeganpatti,Tirupattur Taluk,Tirupattur-635 901",vellore,Vellore,635901
3157,Tamil Nadu,"Thiruvalluvar University College of Arts &SCience,Panchayat Union Middle School,Kacharapalayam Road, Kallakuruchi-606 202","Panchayat Union Middle School,Kachirayapalayam road,",Kallakurichi,Kallakurichi,Viluppuram,606202
3158,Tamil Nadu,"Thiruvalluvar University College of Arts &Science,Thiruvannainallur,Tirukoilur-607 203",THIRUVENNAINALLUR,THIRUKOVILUR,VILLUPURAM,Viluppuram,607203
3159,Tamil Nadu,"Thiruvalluvar University PG Extension Centre ,Arignar Anna Govt.Arts College Campus",Arignar Anna Goverment Arts college Campus,Villupuram 605 602,Villupuram,Viluppuram,605602
3160,Tamil Nadu,THIRUVANNAMALAI TEACHER TRAINING INSTITUTE THIRUVANNAMALAI - ALURPET MAIN,Tiruvannamalai to avalurpet main road,kalasthampadi village,tiruvannamalai district,Tiruvannamalai,606805
3161,Tamil Nadu,"THIRUVARUR GOVERNMENT MEDICAL COLLEGE AND HOSPITAL (Inst. Code - 400), THIRUVARUR",MASTER PLAN COMPLEX,VILAMAL VILLAGE,THIRUVARUR,Thiruvarur,610004
3162,Tamil Nadu,THIRUVIUM TEACHER TRAINING INSTITUTE PERIYAKULAM ROAD,"kailasapatti,thamaraikumam(po),periyakulam","kailasapatti,thamaraikumam(po),periyakulam",theni,Theni,625605
3163,Tamil Nadu,Thiyagi Dharmakkan Amirtham College of Education,"140/1A, East Coast Road, Kannirajapuram",NA,Ramanathapuram,Ramanathapuram,623135
3164,Tamil Nadu,"THOOTHUKUDI GOVERNMENT MEDICAL COLLEGE (Inst. Code - 160), THOOTHUKUDI","THIRD MILE, KAMARAJ NAGAR, THOOTHUKUDI-628 008.",NA,Thoothukudi,Thoothukkudi,628008
3165,Tamil Nadu,THOZHILATHIBAR TEACHER TRAINING INSTITUTE EDAMALAI PATTI PUDUR,"43, Rajiv Gandhi Nagar",Edamalaipatti Pudur,Tiruchirappalli - 620 012,Tiruchirappalli,620012
3166,Tamil Nadu,"Tirukkoilur College of Arts &Science (co-ed) No.282,Asanur Road,Sandapet,Thirukkoilur-605 757","No.282,Asanur Road",SANDAPET,TIRUKOILUR,Viluppuram,605766
3167,Tamil Nadu,"TIRUMALA POLYTECHNIC COLLEGE, TIRUVANNAMALAI","NALLAN PILLAI PETRAL VILLAGE ,PALLIKONDAPATTU POST",TIRUVANNAMALAI TALUK & DISTRICT - 606611,TIRUVANNAMALAI,Tiruvannamalai,606611
3168,Tamil Nadu,"Tirunelveli Dakshina Mara Nadar Sangam College, T.Kallikulam - 627 113, Tirunelveli Dist",Tirunelveli Dakshina Mara Nadar Sangam College,T. Kallikulam - 627 113,Tirunelveli,Tirunelveli,627113
3169,Tamil Nadu,"TIRUNELVELI MEDICAL COLLEGE (Inst. Code - 008), TIRUNELVELI",North Highground Road,Tirunelveli,627011,Tirunelveli,627011
3170,Tamil Nadu,"Tirupattur Arts and Science College,SalaiNagar,VaniyambadiRoad,Tirupattur-635 506","Vaniyambadi Road, Tirupattur",Tirupattur (Tk),Tirupattur,Vellore,635506
3171,Tamil Nadu,TIRUPATTUR POLYTECHNIC COLLEGE -PACHAL,441/213 Pachal Village,Pachal,Tirupattur,Vellore,635601
3172,Tamil Nadu,Tirupur Kumaran College for Women,"S.R. Nagar,","Mangalam Road,",Tirupur,Tiruppur,641687
3173,Tamil Nadu,TMG COLLEGE OF ARTS AND SCIENCE,"#85,MUDICHUR ROAD",MANIMANGALAM,CHENNAI,Chennai,601301
3174,Tamil Nadu,"TMT RAJAMANIAMMAL EDUCATIONAL TRUST, TRICHY","School of Nursing,I.S.Nursing Home,No.5 Raja colony,Trichy","School of Nursing,I.S.Nursing Home,No.5 Raja colony,Trichy",Trichy,Tiruchirappalli,620001
3175,Tamil Nadu,Trichy Engineering College,"Sivagnanam Nagar, Konalai,",Mannachanallur,Trichy,Tiruchirappalli,621132
3176,Tamil Nadu,Trinity College for Women,"Sanyasikaradu, Trinity Nagar",Mohanur Road,Namakkal,Namakkal,637003
3177,Tamil Nadu,"TRINITYC MISSION MEDICAL FOUNDATION, COLLEGE OF PHYSIOTHERAPY (Inst. Code - 084), MADURAI","4/235, COLLEGE ROAD",THASILDHAR NAGAR,MADURAI,Madurai,625020
3178,Tamil Nadu,TRP Engineering College (New),IRUNGALUR,MANACHANALLUR,TRICHY,Tiruchirappalli,621105
3179,Tamil Nadu,TS NARAYANASWAMI COLLEGE OF ARTS AND SCIENCE,Thalambur Road,Navalur,Chennai,Chennai,600130
3180,Tamil Nadu,TVS Teacher Training Academy,"R.S. No 7/1A Sivagangai Road,","Veerapanchan, Madurai - 20.",Madurai,Madurai,625020
3181,Tamil Nadu,"U.C.A. COLLEGE OF PARAMEDICAL SCIENCES (Inst. Code - 149), CHETPUT","30, PACHAIYAPPA'S COLLEGE HOSTEL ROAD,",CHETPET,CHENNAI,Chennai,600031
3182,Tamil Nadu,U.S.P. POLYTECHNIC COLLEGE KODIKURICHI,USP Nagar,Kodikurichi,Tenkasi-627804,Tirunelveli,627804
3183,Tamil Nadu,U.S.P.College of Education,"usp nagar,",kodikurichi,Tenkasi,Tirunelveli,627804
3184,Tamil Nadu,"Udaya College of Arts and Science, Vellamodi, Ammandivilai Post, K.K. Dist - 629 204","Udaya College of Arts and Science Vellamodi Ammandivilai Post, K.K. Dist - 629 204","Udaya College of Arts and Science Vellamodi Ammandivilai Post, K.K. Dist - 629 204",Nagercoil,Kanniyakumari,629204
3185,Tamil Nadu,Udaya College of Education,"UDAYA NAGAR, AMMANDIVILAI POST",KANYAKUMARI DISTRICT,NAGERCOIL,Kanniyakumari,629204
3186,Tamil Nadu,UDAYA INSTITUTE OF TECHNOLOGY NEENDAKARAI - B,UDAYA NAGAR,AMMANDIVILAI & POST,NAGERCOIL,Kanniyakumari,629204
3187,Tamil Nadu,UDAYA POLYTECHNIC COLLEGE NEENDAKARAI B,"UDAYA NAGAR, VELLAMODI Jn, ESANTHANGU","AZHIKKAL POST,629202.",NAGERCOIL,Kanniyakumari,629202
3188,Tamil Nadu,Udaya School of Engineerings,"Udaya Nagar, Vellamadi Junction, Ammandivilai Post,","Kanyakumari District, Tamil Nadu 629 204.",Nagercoil,Kanniyakumari,629204
3189,Tamil Nadu,UDHAYAM POLYTECHNIC COLLEGE THANGACHIMADAM,"Thenkuda, Ariyankundu",Thangachimadam,Rameswaram,Ramanathapuram,623529
3190,Tamil Nadu,"Ultra College of Engineering and Technology for Women, Madurai",Ultra Nagar,Madurai - Chennai Highway,Madurai,Madurai,625104
3191,Tamil Nadu,"ULTRA COLLEGE OF PHARMACY (Inst. Code - 046), MADURAI",4/235 COLLEGE ROAD,THASILDHAR NAGAR,MADURAI,Madurai,625020
3192,Tamil Nadu,UMA MAHESWARANAR TEACHER TRAINING INSTITUTE KARANTHAI,KARANTHAI TAMIL SANGAM,KARANTHAI,THANJAVUR,Thanjavur,613002
3193,Tamil Nadu,UNION CHRISTIAN POLYTECHNIC COLLEGE EDAICODE,"KUTTAICODE,MELPALAI(PO)",NA,NA,Kanniyakumari,629152
3194,Tamil Nadu,UNION TEACHER TRAINING INSTITUTE NORTH ARCOT,VIRUTHAMPET,VELLORE,VELLORE,Vellore,632006
3195,Tamil Nadu,United Institute of Technology,G.Koundampalayam,Periyanaickenpalayam,Coimbatore - 641020,Coimbatore,641020
3196,Tamil Nadu,Universal College of Education,"Anbagam Campus , Post Box :1",Radhapuram,Vallioor,Tirunelveli,627117
3197,Tamil Nadu,"UNIVERSAL COLLEGE OF ENGINEERING TECHNOLOGY, TIRUNELVELI",Anbagam Campus,Radhapuram Road,Vallioor,Tirunelveli,627117
3198,Tamil Nadu,UNIVERSAL TEACHER TRAINING INSTITUTE PONMALAIPATTI,"59/3A,CHENNAI-TRICHY HIGHWAY ROAD(NH-45)","KONALAI(PO),NEAR SAMAYAPURAM-621105",TRICHIRAPPALLI,Tiruchirappalli,621132
3199,Tamil Nadu,University College of Engineering Arni,"ARNI TO DEVIKAPURAM ROAD, THATCHUR","THATCHUR POST, ARNI TK.",ARNI,Tiruvannamalai,632326
3200,Tamil Nadu,University College of Engineering Kancheepuram,"UCEK , Ponnerikarai Campus ,","NH-4 , Chennai - Bangalore Highways",Kanchipuram-631 552,Kancheepuram,631552
3201,Tamil Nadu,University College of Engineering Nagercoil,Nagercoil Industrial Estate,Konam,Nagercoil 629 004,Kanniyakumari,629004
3202,Tamil Nadu,University College of Engineering Tindivanam,MELPAKKAM,604001,TINDIVANAM,Viluppuram,604001
3203,Tamil Nadu,University College of Engineering Villupuram,"University College of Engineering, Villupuram, kakuppam,",Villupuram-605103.,Villupuram,Viluppuram,605103
3204,Tamil Nadu,University Departments of Anna University of Technology Tirunelveli,"Regional Office,",Anna University : Regional Office,Tirunelveli,Tirunelveli,627007
3205,Tamil Nadu,University Of Madras Constituent College - Nemmili,East Coast road,Nemmeli,Nemmeli,Chennai,603104
3206,Tamil Nadu,University Of Madras Constituent College - Thiruvottiyur,NO. 36 POONTHOTTAM STREET,THIRUVOTTIYUR,CHENNAI,Chennai,600019
3207,Tamil Nadu,University V.O.Chidambaranar College of Engineering Tuticorin,BRYANT NAGAR 7TH STREET,NA,TUTICORIN,Thoothukkudi,628008
3208,Tamil Nadu,Unnamalai Institute of Technology,Suba Nagar,Kovilpatti,Kovilpatti,Thoothukkudi,628502
3209,Tamil Nadu,"Urumu Dhanalakshmi College, Tiruchirappalli - 620 019.","The principal, Urumu Dhanalakshmi College,","Kattur,",Tiruchirappalli,Tiruchirappalli,620019
3210,Tamil Nadu,"USWATHAN HASANA MAMANJI HAJI ABDUL LATHEEF WOMENS COLLEGE, PALLAPATTI",South Manthai Street,NA,Pallapatti,Karur,639205
3211,Tamil Nadu,V G SCHOOL OF NURSING COIMBATORE,"VG Hospital Buildings, 76-A, Mettupalayam Road, Thudiyalur Post - 641034",NA,coiumbatore,Coimbatore,641034
3212,Tamil Nadu,V P MUTHEIAH PILAI MEENAKSHIAMMAL TEACHER TRAINING KRISHNANKOIL,V.P.M NAGAR,KRISHNANKOIL,SRIVILLIPUTTUR TALUK,Virudhunagar,626190
3213,Tamil Nadu,V RAMAKRISHNA POLYTECHNIC COLLEGE THIRUVOTTIYUR,Manali Road,Thiruvottiyur,Chennai,Chennai,600019
3214,Tamil Nadu,"V S EDUCATIONAL TRUST, SCHOOL OF NURSING, SALEM","S.K.S Hospital Complex,","Alagapuram,",Salem,Salem,636004
3215,Tamil Nadu,V S TEACHER TRAINING INSTITUTE THIRUKKALKUNDRAM,Mangalam,NA,Thirukkalukundram,Kancheepuram,603109
3216,Tamil Nadu,"V V VANNIAPERUMAL NURSING COLEGE FOR WOMEN (Inst. Code - 394), VIRUDHUNAGAR","369/2, Chatrareddiapatti Village,",Virudhunagar,Virudhunagar,Virudhunagar,626001
3217,Tamil Nadu,V.G HOSPITAL (VGH) INDIAN INSTITUTE OF LAPOROSCOPIC SURGERY RESEARCH TRAINING CENTRE (Inst.code - 413),No 76 A Meetupalayam Road,Thudiyalur Post,Coimbatore,Coimbatore,641034
3218,Tamil Nadu,V.G. INSTITUTE OF PARAMEDICAL SCIENCES (Inst. Code - 391),No 76 A Mettupalayam Road,Thudiyalur,Coimbatore,Coimbatore,641034
3219,Tamil Nadu,V.J.P TEACHER TRAINIING INSTITUTION SIRUGANUR,"Trichy Chennai Highways, siruganur",Trichy,Trichy,Tiruchirappalli,621105
3220,Tamil Nadu,V.J.P. POLYTECHNIC COLLEGE MANNACHANALLUR,TRICHY-CHENNAI HIGHWAYS,SIRUGANUR,TIRUCHIRAPPALLI,Tiruchirappalli,621105
3221,Tamil Nadu,"V.K.P. POLYTECHNIC COLLEGE, TIRUNELVELI",MADURAI MAIN ROAD,CHOCKAMPATTI,TENKASI,Tirunelveli,627765
3222,Tamil Nadu,V.N.Krishnasamy Naidu College of Arts and Science for Women,"odandurai, ooty main road",mettupalayam,Coimbatore,Coimbatore,641301
3223,Tamil Nadu,"V.O.C. College, Tuticorin - 628 008",Palayamkottai Road,NA,Thoothukkudi,Thoothukkudi,628008
3224,Tamil Nadu,V.P. Muthiah Pillai Meenakshi Ammal College of Education for Women,V.P.M.NAGAR,KRISHNANKOIL,SRIVILLIPUTTUR TALUK,Virudhunagar,626190
3225,Tamil Nadu,"V.P.M.M. COLLEGE OF NURSING (Inst. Code - 534), VIRUDHUNAGAR","VPM NAGAR,KRISHNANKOIL.",VPM NAGAR KRISHNANKOIL.,SRIVILLIPUTTUR,Virudhunagar,626190
3226,Tamil Nadu,V.P.M.M.Engineering College,V.P.M Nagar,Krishnan Koil,Srivilliputhur,Virudhunagar,626190
3227,Tamil Nadu,V.PP. MUTHIAH PILLAI MEENAKSHI AMMAL COLLEGE (W),"V.P.M.Nagar, Krishnankoil, Srivilliputtur(t.k)",Virudhunagar(D.t),Srivilliputtur,Virudhunagar,626190
3228,Tamil Nadu,V.R.S. College of Engineering and Technology,V.R.S. College of Engineering and Technology,Arasur & post,Ulundurpet Taluk,Viluppuram,607107
3229,Tamil Nadu,V.S. Isaac College of Education,"126, ATTUPAKKAM",MANJAMBADI RAILWAY GATE,ARAKKONAM,Vellore,631051
3230,Tamil Nadu,V.S.B COLLEGE OF ENGINEERING TECHNICAL CAMPUS,"Soalvampalayam Village and Post,",Kinathukadavu Taluk,Combatore,Coimbatore,642109
3231,Tamil Nadu,V.S.B. Engineering College,NH-67 Coimbatore Road,Karudayampalayam Post,Karur 639 111,Karur,639111
3232,Tamil Nadu,"V.T.M. College of Arts and Science, Arumanai - 629 151, Kanyakumari Dist",Kunjaluvilai,Arumanai,Marthaandam,Kanniyakumari,629151
3233,Tamil Nadu,V.V. TEACHER TRAINING INSTITUTE MILLERPURAM,BMC TEACHER TRAINING INSTITUTE,MILLERPURAM,THOOTHUKUDI,Thoothukkudi,628008
3234,Tamil Nadu,V.V.College of Engineering,"VV NAGAR, ARASOOR, TISAYANVILAI(VIA), SATTANKULAM TALUK,",NA,TISAIYANVILAI,Tirunelveli,627657
3235,Tamil Nadu,V.V.V. COLLEGE FOR WOMEN,"Madurai Road, NH-7","Virudhunagar, Virudhunagar District.",Virudhunagar,Virudhunagar,626001
3236,Tamil Nadu,"VAANI POLYTECHNIC COLLEGE, VELLORE","BETHAKKLLUPALLI VILLAGE, THEKKUPATU POST,","AMBALU VIA, VANIYAMBADI.",VELLORE,Vellore,635801
3237,Tamil Nadu,VAANI TEACHER TRAINING INSTITUTE VAMYAMBADI,INDIRA NAGAR CHETTIYAPPANUR POST,VANIYAMBADI,VELLORE,Vellore,635751
3238,Tamil Nadu,"VADAMALAYAN INSTITUTE OF MEDICAL AND ALLIED HEALTH SCIENCES (Inst. Code - 444), MADURAI",0,0,0,Madurai,625002
3239,Tamil Nadu,Vadaranyam College of Education,"No.1/190, Adigathur Road,","Kadambathur, Thiruvallur Taluk and District",Thiruvallur,Thiruvallur,631203
3240,Tamil Nadu,VADARANYAM TEACHER TRAINING INSTITUTE TIRUVALLUR,"1/190,adigathur road,kadambhatur,tiruvallur",NA,NA,Thiruvallur,631203
3241,Tamil Nadu,VAIGAI COLLEGE OF ENGINEERING,"Therkutheru Post, Madurai 625122",NA,Madurai,Madurai,625122
3242,Tamil Nadu,"VAIGARAI NURSING & HEALTH SCIENCE COLLEGE (Inst. Code - 557), THIRUVAIYARU",No:23 BRAMANAR METTU STREET THIRUVAIYARU,NA,THANJAVUR,Thanjavur,613204
3243,Tamil Nadu,VAIRAMANI RAMASASMY POLYTECHNIC COLLEGE THAMBIKKOTTAI,THAMBIKKOTTAI VADAKADU 614 704,PATTUKKOTTAI TK - THANJAVUR DIST,PATTUKKOTTAI,Thanjavur,614704
3244,Tamil Nadu,VALIVALAM DESIKAR INSTITUTE OF TEACHER TRAINING SOUTH PALPANNAICHERRY,SOUTH PALLPANAICHERRY,NAGAPATTINAM,NAGAPATTINAM,Nagapattinam,610001
3245,Tamil Nadu,VALIVALAM DESIKAR POLYTECHNIC COLLEGE NAGAPATTINAM,"NAGORE MAIN ROAD, COLLECTORATE POST,","SOUTH PALPANNAICHERY,",NAGAPATTINAM 611 003,Nagapattinam,611003
3246,Tamil Nadu,"Vallalar Arts & Science College,Neyveli Main Road,Vadalur-607 303",NEYVELI MAIN ROAD,VADALUR-607303,CUDDALORE,Cuddalore,607303
3247,Tamil Nadu,VALLALAR TEACHER TRAINING INSTITUTE GUDIYATTAM,PEERAN NAGAR,NA,GUDIYATTAM - 632602.,Vellore,632602
3248,Tamil Nadu,"Valliammai College of Arts & Science ,Villupuram Main Road,Vadakarai Thazhanoor,tirukoilur-605 752","villupuram main road,","near Arakandanallur, tirukovillur taluk.",villupuram,Viluppuram,605752
3249,Tamil Nadu,Valliammai Engineering College,"SRM Nagar, Kattankulathur",Potheri Village,Chennai,Kancheepuram,603203
3250,Tamil Nadu,VALLIAMMAI POLYTECHNIC COLLEGE KATTANKULATHUR,"SRM NAGAR,POTHERI",KATTANKULATHUR,KATTANKULATHUR,Kancheepuram,603203
3251,Tamil Nadu,VALLIAMMAIYAR HINDU TEACHER TRAINING INSTITUTE FOR WOMEN KULASHEKARAPATNAM,No - 23 EAST STREET,KULASEKARAPATTINAM,TIRUCHENDUR TALUK,Thoothukkudi,628206
3252,Tamil Nadu,"Valluvar College of Science and Management, Kodaiyur, Aravakurichi Taluk, Karur - 639 003","New Madurai Bye-Pass Road,","Puthambur(Post),",Karur,Karur,639003
3253,Tamil Nadu,"VANAVARAYAR INSTITUTE OF AGRICULTURE, COIMBATORE",Diwansapudur(post),Manakkadavu,Pollachi,Coimbatore,642103
3254,Tamil Nadu,"Vanavil Arts &Science College,Thayappa Gounder Street,Natrampaal-635 852","Thayappa Gounder Street,Natrampaal-635 852",NA,vaniyambadi,Vellore,635852
3255,Tamil Nadu,"VANDAVASI POLYTECHNIC COLLEGE, VANDAVASI",MELMARUVATHUR SAALAI,CHENNAVARAM VILLAGE,VANDAVASI TALUK,Tiruvannamalai,604408
3256,Tamil Nadu,Vandayar College of Education,Pulavarnatham,Nagai Main Road,Thanjavur,Thanjavur,613501
3257,Tamil Nadu,Vandayar Engineering College,"Pulavarnatham post,",Mariammankovil via,Thanjavur 613501,Thanjavur,613501
3258,Tamil Nadu,VANDAYAR POLYTECHNIC COLLEGE PULAVARNATHAM,"Pulavarnatham post,","Mariammankovil via,",Thanjavur -613501,Thanjavur,613501
3259,Tamil Nadu,VANDAYAR TEACHER TRAINING INSTITUTE MARIAMMAN KOVIL,"Pulavarnatham, mariamman kovil(via),",Thanjavur,Thanjavur,Thanjavur,613501
3260,Tamil Nadu,"VARADHARAJAN POLYTECHNIC COLLEGE, MUTHAL VARISAIPATTI, KUNNAM","Muthal varisaipatti, kelamathur post, kunnam taluk",near marudhaiyan kovil,perambalur,Perambalur,621713
3261,Tamil Nadu,Varuvan Vadivelan Institute of Technology,"NH7,Krishnagiri main road",Gundalapatti,Dharmapuri,Dharmapuri,636703
3262,Tamil Nadu,"VASAN INSTITUTE OF OPHTHALMOLOGY & RESEARCH (Inst. Code - 424), CHENNAI","120A, BAZAAR ROAD, SAIDAPET",NA,CHENNAI,Chennai,600015
3263,Tamil Nadu,Vasavi Vidya Trust Group of Institutions Faculty of MBA,MASINAICKENPATTY,AYOTHIYAPATTNAM(PO),SALEM,Salem,636103
3264,Tamil Nadu,VASU TEACHER TRAINING INSTITUTE TIRUNAGAR,"12A,2 RANGANATHAN STREET, THIRUNAGAR",MADURAI-625006,MADURAI,Madurai,625006
3265,Tamil Nadu,Vathsala Johnson College of Teacher Education,"83 A /23 VISALAKSHI NAGAR,SIVAKASI",NA,SIVAKASI,Virudhunagar,626184
3266,Tamil Nadu,VEDHANTHA INSTITUTE OF TECHNOLOGY,"NH-45,chennai-trichy highway, padur","NH-45,chennai-trichy highway, padur",Villupuram,Chennai,606115
3267,Tamil Nadu,"VEE CARE COLLEGE OF NURSING (Inst. Code - 487), CHENNAI","1/5,CHETTIAR AGARAM,","SIVABOOTHAM VILLAGE, VANAGARAM,",CHENNAI - 600095,Chennai,600095
3268,Tamil Nadu,"VEECARE COLLEGE OF HEALTH SCIENCE (Inst. Code - 476), CHENNAI","No:2/5,chettiar Agaram Road ,Sivabootham Village, Vanagaram",NA,CHENNAI,Chennai,600095
3269,Tamil Nadu,VEERALAKSHMI TEACHER TRAINING INSTITUTE FOR WOMEN ALANGUDY,KOVILUR POST,ALANGUDI TALUK,PUDUKKOTTAI,Pudukkottai,622301
3270,Tamil Nadu,Vel College of Education,"NEW DHARAPURAM ROAD,",PULIAMPATTI (PO),PALANI - 624 617,Dindigul,624617
3271,Tamil Nadu,"VEL R.S. MEDICAL COLLEGE, COLLEGE OF NURSING (Inst. Code - 188),. CHENNAI","No.42,Avadi-Alamathi Road, Vellanur,","Avadi, Chennai",Chennai,Chennai,600062
3272,Tamil Nadu,VEL TEACHER TRAINING INSTITUTE PALANI,"New Dharapuram Road,",Pulliampatti post,Palani,Dindigul,624617
3273,Tamil Nadu,Vel Tech,"#60, Avadi","VelTech - Road, Avadi",Chennai,Thiruvallur,600062
3274,Tamil Nadu,Vel Tech High Tech Dr.Rangarajan Dr.Sakunthala Engineering College,"#60, AVADI-VELTECH ROAD,","AVADI,",CHENNAI-600 062.,Thiruvallur,600062
3275,Tamil Nadu,VEL TECH MORAI,"AVADI-VELTECH ROAD,","AVADI, CHENNAI-62.",CHENNAI,Thiruvallur,600062
3276,Tamil Nadu,Vel Tech Multi Tech Dr. Rangarajan Dr. Sakunthala Engineering College,"#42, AVADI - VELTECH ROAD",AVADI,CHENNAI,Thiruvallur,600062
3277,Tamil Nadu,VEL TECH RANGA SANKU ARTS COLLEGE,"NO.42, AVADI-ALAMATHI ROAD",AVADI,CHENNAI,Chennai,600062
3278,Tamil Nadu,"Vel Tech Rangarajan Dr. Sagunthala R & D Institute of Science & Technology, Chennai","No. 42, Avadi Veltech Road,","Avadi, Chennai - 600 062",Chennai,Thiruvallur,600062
3279,Tamil Nadu,Velalar College of Engineering and Technology,Thindal post,Erode,Erode,Erode,638012
3280,Tamil Nadu,Velammal College of Education,Nambipatti,H.Doddampatti (post),Harur,Dharmapuri,636903
3281,Tamil Nadu,"Velammal College of Engineering & Technology, Madurai","Velammal Nagar , Viraganoor",Madurai - Rameshwaram Road,Madurai,Madurai,625009
3282,Tamil Nadu,Velammal Engineering College,"Velammal NewGen Park, Ambattur-Redhills Road,","Surapet, Chennai",Chennai,Thiruvallur,600066
3283,Tamil Nadu,Velammal Institute of Technology,"Velammal Knowledge park, Chennai-Kolkatta Highway,",Panchetti,Chennai,Thiruvallur,601204
3284,Tamil Nadu,VELAMMAL MEDICAL COLLEGE HOSPITAL AND RESEARCH INSTITUTE (Inst. Code - 598),VELAMMAL VILLAGE,MADURAI - TUTICORIN RINGROAD,ANUPPANADI,Madurai,625009
3285,Tamil Nadu,Vellakoil Arts and Science College,"NH-67, Trichy Main Road,Senapathipalayam (po), Vellakovil - 638 111","NH-67, Trichy Main Road,Senapathipalayam (po), Vellakovil - 638 111",Tiruppur .,Erode,638111
3286,Tamil Nadu,Vellalar College for Women,Thindal,"Thindal, Erode - 12",Erode,Erode,638012
3287,Tamil Nadu,Vellalar College of Education for Women,Maruthi nagar,Thindal,Erode,Erode,638012
3288,Tamil Nadu,"VELLALAR COLLEGE OF NURSING (Inst. Code - 321), ERODE","Maruthi Nagar, Thindal Post, Erode",NA,Erode,Erode,638012
3289,Tamil Nadu,VELLALAR TEACHER TRAINING INSTITUTE THINDAL,"Maruthi Nagar,",Thindal,Erode,Erode,638012
3290,Tamil Nadu,"VELLORE GOVERNMENT MEDICAL COLLEGE (Inst. Code - 221), VELLORE","MUNJURPET ROAD, ADUKKAMPARAI, VELLORE-11","GOVT. VELLORE MEDICAL COLLEGE, ADUKKAMPARAI, VELLORE - 11",VELLORE-632011,Vellore,632011
3291,Tamil Nadu,"VELLORE INSTITUTE OF PARA MEDICALS (Inst. Code - 518), VELLORE",NO 21 II FLOOR,KATPADI ROAD THOTTAPALAYAM,VELLORE,Vellore,632004
3292,Tamil Nadu,"Vellore Institute of Technology, Vellore",Katpadi-Thiruvalam Road,NA,Vellore,Vellore,632014
3293,Tamil Nadu,"VELLORE POLYTECHNIC COLLEGE OYYATHUR, VELLORE","Oyyathur, Tirimani Post,",Katpadi T.K.,Vellore,Vellore,632202
3294,Tamil Nadu,"Vels Institute of Science, Technology and Advanced Studies, Chennai",Velan Nagar P.V.Vaithiyalingam Road,Pallavaram Chennai 600 117,Chennai,Kancheepuram,600117
3295,Tamil Nadu,Vels Srinivasa College of Engineering and Technology,Thalambur,Old Mahabalipuram Road,Chennai,Kancheepuram,600130
3296,Tamil Nadu,"VELUDAIYAR POLYTECHNIC COLLEGE, AMMAIYAPPAN",PAVUKKARA STREET,NEW ROAD AMMAIYAPPAN,THIRUVARUR,Thiruvarur,613701
3297,Tamil Nadu,Veludayar College of Education,MEIPORUL NAGAR,DURGALAYA ROAD,TIRUVARUR,Thiruvarur,610001
3298,Tamil Nadu,VELUDAYAR SCHOOL OF EDUCATION TEACHER TRAINING INSTITUTE MEIPPORUL NAGAR,"MEIPORUL NAGAR, DURGALAYA ROAD, TIRIVARUR",NA,TIRUVARUR,Thiruvarur,610001
3299,Tamil Nadu,"VELUMAILU SIDDHA MEDICAL COLLEGE (Inst. Code - 194), KANCHEEPURAM","No.48, GWT Road, Sriperumbudur - 602105",NA,Sriperumbudur,Kancheepuram,600105
3300,Tamil Nadu,Venkatesvara College of Education,Aranthangi Road,Kaikkurichi,Pudukkottai,Pudukkottai,622303
3301,Tamil Nadu,VENKATESVARA TECHER TRAINING INSTITUTE THIRUMAIRAYASAMUTHIRAM,Aranthagi Road,Kaikurichi,Pudukkottai,Pudukkottai,622303
3302,Tamil Nadu,"VENKATESWARA HOMOEOPATHIC MEDICAL COLLEGE (Inst. Code - 205), CHENNAI","No.4/11, Samayapuram Main Road,","Karambakkam, Porur,",chennai,Chennai,600116
3303,Tamil Nadu,"VENKATESWARA NURSING COLLEGE (Inst. Code - 238), CHENNAI","Off OMR, Near Navalur,","Thalambur,",Chennai,Kancheepuram,600130
3304,Tamil Nadu,VENKATESWARA POLYTECHNIC COLLEGE KAIKKURICHI,ARANTHANGI ROAD,KAIKURICHI,PUDUKKOTTAI,Pudukkottai,622303
3305,Tamil Nadu,"VENKATESWARA SCHOOL OF NURSING, THANJAVUR","Kumbakonam-Chennai Main Road, Anaikkarai 612 502.",NA,NA,Thanjavur,612502
3306,Tamil Nadu,"VENKATRAMANA POLYTECHNIC COLLEGE, KARUR","VENKATAPURAM,45A VELLIYANAI SOUTH VILLAGE","VELLIYANAI,KARUR",KARUR,Karur,639118
3307,Tamil Nadu,Vestley College of Education,ARANTHANGI,ARANTHANGI,ARANTHANGI,Pudukkottai,614616
3308,Tamil Nadu,VESTLEY INSTITUTE OF DIPLOMA IN TEACHER EDUCATION ARANTHANGI,KOOTHADIVAYAL,ARANTHANGI,ARANTHANGI 614 616,Pudukkottai,614616
3309,Tamil Nadu,VESTLEY TEACHER TRAINING INSTITUTE FOR WOMEN ARANTHANGI,KUNNAKURMBI,KUNNAKURMBI,ARANTHANGI,Pudukkottai,614616
3310,Tamil Nadu,"Veterinary College and Research Institute, Namakkal",Sanyasikaradu Post,Namakkal,Salem,Namakkal,637001
3311,Tamil Nadu,"Veterinary College and Research Institute, Orathanad",Keelathottam,Orathanadu,Orathanadu,Thanjavur,614625
3312,Tamil Nadu,"Veterinary College and Research Institute, Tirunelveli","Sripuram, S.N. High Road",Tirunelveli,Tirunelveli,Tirunelveli,627012
3313,Tamil Nadu,VETHATHIRI MAHARISHI INSTITUTE OF TECHNOLOGY KODIVALASAI ATHIMANJERI PET,KODIVALASA VILLAGE,PALLIPET POST,ATHIMANJERIPET,Thiruvallur,631202
3314,Tamil Nadu,Vetri Vinayaha College of Engineering and Technology,"VETRI CAMPUS,NAMAKKAL-TRICHY MAIN ROAD","THOLURPATTI (P.O), THOTTIAM (T.K) - 621 215",TIRUCHIRAPPALLI,Tiruchirappalli,621215
3315,Tamil Nadu,VETRI VINAYAHA POLYTECHNIC COLLEGE THOTTIAM,"NAMAKKAL-TRICHY MAIN ROAD, THOLURPATTI POST",THOTTIAM 621 215,TIRUCHIRAPPALLI,Tiruchirappalli,621215
3316,Tamil Nadu,Vettri Vel College of Education,"Jalakandapuram main road, Tharamangalam","Omalur (TK), Salem (DT)",Salem 636502,Salem,636502
3317,Tamil Nadu,VGM HOSPITAL INSTITUTE OF GASTROENTEROLOGY ( Inst. Code - 438),"NO . 2100 , TRICHY ROAD ,",(RAJALAKSHMI MILLS STOP ),COIMBATORE,Coimbatore,641005
3318,Tamil Nadu,Vi Institute of Technology,"Sirunkundram, Chengalpattu To Thiruporur Highway",Thiruporur TK,Chennai,Kancheepuram,603108
3319,Tamil Nadu,"Vickram College of Engineering, Madurai Sivagangai Road, Enathi",Sreenivasa Gardens,"Madurai Sivagangai Road, Enathi",Sivagangai - 630 561,Sivaganga,630561
3320,Tamil Nadu,VICKRAM POLYTECHNIC COLLEGE ENATHI,SREENIVASA GARDENS,MADURAI - SIVAGANGAI ROAD,ENATHI,Sivaganga,630561
3321,Tamil Nadu,Vickram Teacher Training College,Sreenivasa Gardens,Madurai-Sivagangai Rd,"Enathi,sivagangai-630561",Sivaganga,630561
3322,Tamil Nadu,Victory College of Education,Kambiliampatty,Kambiliampatty,Dindigul,Dindigul,624306
3323,Tamil Nadu,VICTORY TEACHER TRAINING INSTITUTE SRIPERUMBUDUR,POLLIVAKKAM,THIRUVALLUR,THIRUVALLUR,Thiruvallur,602002
3324,Tamil Nadu,Vidayaa Vikas College of Education,"S.F. No.131, Varahoorampatti Village",Koottappalli Post,Tiruchengode - 637 214.,Namakkal,637214
3325,Tamil Nadu,"VIDHYA MANDHIR INSTITUTE OF TECHNOLOGY, ERODE",Perundurai - Chennimalai State Highway,"Ingur, Perundurai Taluk",Erode,Erode,638052
3326,Tamil Nadu,Vidhya Sagar Women's College of Education,Vedanarayanapuram,Chengalpattu,Chengalpattu,Kancheepuram,603111
3327,Tamil Nadu,VIDHYA SAGAR WOMENS COLLEGE,G.S.T Road,Vedhanarayanapuram,Chengalpattu,Chennai,603111
3328,Tamil Nadu,VIDHYA SAGAR WOMENS TEACHER TRAINING INSTITUTE CHENGALPATTU,G.S.T Road,"Vedanarayanapuram, Chengalpattu",Chengalpattu,Kancheepuram,603111
3329,Tamil Nadu,Vidhya Vikas Plus The Institute of Education,Udumbiam (Po),NA,Veppanthattai,Perambalur,621116
3330,Tamil Nadu,VIDHYA VIKAS TEACHER TRAINING INSTITUTE TIRUCHENGODE,VARAHOORAMPATTI VILLAGE,KOOTTAPALLI POST,TIRUCHENGODE,Namakkal,637214
3331,Tamil Nadu,Vidhyaa Arts & Science College,KONGANAPURAM,IDAPPADI-TK,SALEM,Salem,637102
3332,Tamil Nadu,VIDYA VIHAR TEACHER TRAINING INSTITUTE AMBUR,"PUDU GOVINDAPURAM, KKS PANNAI","MC ROAD, AMBUR",VELLORE,Vellore,635802
3333,Tamil Nadu,VIDYA VIKAS PLUS TEACHER TRAINING INSTITUTE UDUMBIAM,ATTUR MAIN ROAD,"UDUMBIAM, VENGANOOR POST",VEPPANTHATTAI TALUK,Perambalur,621116
3334,Tamil Nadu,Vidyaa Vikas College of Engineering and Technology,Varahoorampatti Village,Koottappalli Post,Tiruchengode Taluk,Namakkal,637214
3335,Tamil Nadu,Vidyalaya College of Education,TINDIVANAM SALAI,SIRUNATHUR POST & VILLAGE,TIRUVANNAMALAI,Tiruvannamalai,604601
3336,Tamil Nadu,Vidyasagar College of Arts and Science,Post Box No : 9,Pollachi Road,Udumalpet,Tiruppur,642126
3337,Tamil Nadu,Vignesh College of Education,Melputhiyandal,Nallavanpalayam Post,Tiruvannamalai,Tiruvannamalai,606603
3338,Tamil Nadu,"VIGNESH NURSING COLLEGE (Inst. Code - 297), TIRUVANNAMALAI","No. Manalurpet Road,","Kizhanaikarai,",Tiruvannamalai,Tiruvannamalai,606603
3339,Tamil Nadu,VIGNESH POLYTECHNIC COLLEGE KIZHKACHIRAPET,Melputhiyandal,Tiruvannamalai,Tiruvannamalai,Tiruvannamalai,606603
3340,Tamil Nadu,"VIGNESHWARA POLYTECHNIC COLLEGE CHIDAMBARAM, CUDDALORE",CUDDALORE - CHIDAMBARAM ECR HIGHWAY,"KEEZHPOOVANIKUPPAM,",ALAPAKKAM,Cuddalore,608801
3341,Tamil Nadu,VIGNESHWARA TEACHER TRAINING INSTITUTE BODINAYAKANUR,vigneshwara Teacher Training Institute,Subburaj Nagar,Bodinayakanur,Theni,625513
3342,Tamil Nadu,Vijay College of Education,Mallavadi,Thurinjapuram - 606 805,Tiruvannamalai,Tiruvannamalai,606805
3343,Tamil Nadu,"Vijay Institute of Management, Dindigul","NH7 Madurai Road, Panjampatty post",Kallikampatti Village,Dindigul,Madurai,624303
3344,Tamil Nadu,VIJAY TEACHER TRAINING INSTITUTE THURINJAPURAM,"Mallavadi ,Tiruvannamalai Dt",thurinjapuram,Tiruvannamalai,Tiruvannamalai,606805
3345,Tamil Nadu,VIJAYA EDUCATIONAL ACADEMY (Inst. Code - 441),"New No. 323, OLD No. 175, N.S.K. SALAI",VADAPALANI,CHENNAI,Chennai,600026
3346,Tamil Nadu,"VIJAYA SCHOOL OF NURSING, CHENNAI","New No. 323, OLD No. 175, N.S.K. SALAI",VADAPALANI,CHENNAI,Chennai,600026
3347,Tamil Nadu,"VIKRAM SCHOOL OF NURSING, MADURAI","3/424, SIVAGANGAI ROAD NEAR RING ROAD JUNCTION.",NA,madurai,Madurai,625020
3348,Tamil Nadu,"VILLUPURAM GOVERNMENT MEDICAL COLLEGE AND HOSPITAL (Inst. Code - 399), VILLUPURAM","GOVERNMENT VILLUPURAM MEDICAL COLLEGE,","MUNDIYAMBAKKAM,",VILLUPURAM,Viluppuram,605601
3349,Tamil Nadu,VINAYAGA NURSING COLLEGE (Inst. Code - 529),POST BOX NO 1851,KARUPPUR,KEELAPALUVUR,Ariyalur,621707
3350,Tamil Nadu,VINAYAGA TEACHER TRAINING INSTITUTE CUDDALORE,136 POTTAVELI,KURINJIPADI,KURINJIPADI,Cuddalore,607302
3351,Tamil Nadu,VINAYAGAS INSTITUTE OF TEACHER EDUCATION ARIYALUR,"PBOX.1851,VINAYAGANAGAR","KARUPPUR, KEELAPALUVUR.",ARIYALUR,Ariyalur,621707
3352,Tamil Nadu,Vinayaka College of Education,"Malliga Nagar,","P.V.Vaithyalingam Road, Pallavaram,",Chennai,Chennai,600117
3353,Tamil Nadu,Vinayaka Mission's Annapoorana College of Nursing,chinnaseeragapadi po,salem,salem,Salem,636308
3354,Tamil Nadu,Vinayaka Mission's College of Pharmacy,Yercaud Main Road,Kondappanaickenpatty,Salem,Salem,636008
3355,Tamil Nadu,Vinayaka Mission's College of Physiotherapy,"NH-47 ,SANKARI MAIN ROAD ,","CHINNASEERAGAPADI,",SALEM-636308,Salem,636308
3356,Tamil Nadu,Vinayaka Mission's Homeopathic Medical College,"NH-47, Sankari Main Road,",Seeragapadi - P.o,Salem,Salem,636308
3357,Tamil Nadu,Vinayaka Mission's Kirupananda Variyar Arts and Science College,NH-47 SANKARI MAIN ROAD PERIYASEERAGAPADI (PO),SALEM - DT - 636 308,SALEM,Salem,636308
3358,Tamil Nadu,Vinayaka Mission's Kirupananda Variyar Engineering College,"NH-47, Sankari Main Road,","Periya Seeragapadi,",Salem 636 308,Salem,636308
3359,Tamil Nadu,Vinayaka Mission's Kirupananda Variyar Medical College and Hospital,"NH -47, Sankari Main Road,",Seeragapadi,Salem,Salem,636308
3360,Tamil Nadu,Vinayaka Mission's Sankarachariyar Dental College,"NH - 47, Sankari Main Road",Ariyanoor,Salem,Salem,636308
3361,Tamil Nadu,VINAYAKA MISSIONS AVIATION ACADEMY,"VMKVEC, NH-47, PERIYASEERAGAPADI,SANKARI MAIN ROAD",NA,SALEM,Salem,636308
3362,Tamil Nadu,"VINAYAKA MISSIONs RESEARCH FOUNDATION, SALEM","Sankari Main Road (NH-47), Ariyanoor",Salem - 636308,Salem,Salem,636308
3363,Tamil Nadu,VINAYAKA SCHOOL OF NURSING SALEM,"Second Agraharam, 44-A, Salem-1",NA,Salem,Salem,636001
3364,Tamil Nadu,Vins Christian College of Engineering,"vins nager , chullalar street",chunkankadai,nagercoil,Kanniyakumari,629807
3365,Tamil Nadu,Vins Christian Women College of Engineering,Vins Nagar,Chunkankadai-629807,Nagercoil,Kanniyakumari,629807
3366,Tamil Nadu,Virudhunagar Hindu Nadars' Senthikumara Nadar College,3-151 College Road,NA,Virudhunagar,Virudhunagar,626001
3367,Tamil Nadu,Virudhunagar M.S.P. Nadar College of Education,"College Road, Virudhunagar - 626 001.",Virudhunagar,Virudhunagar,Virudhunagar,626001
3368,Tamil Nadu,VIRUDHUNAGAR S.VELLAICHAMY NADAR POLYTECHNIC COLLEGE,ROSALPATTI VILLAGE,NA,VIRUDHUNAGAR,Virudhunagar,626001
3369,Tamil Nadu,VISHNU LAKSHMI COLLEGE OF ENGINEERING AND TECHNOLOGY,"10/1, kamber street",NA,vellalore,Coimbatore,641111
3370,Tamil Nadu,Vishwa Bharathi College of Education,"Morappur,",Morappur,Dharmapuri,Dharmapuri,635305
3371,Tamil Nadu,Viswa Bharathi College of Education,Veerachipalayam,Sankari West Post,Sankari,Salem,637303
3372,Tamil Nadu,Viswha Bharathi Arts & Science College,Morappur(Po),Harur(Tk),DHARMAPURI,Dharmapuri,635305
3373,Tamil Nadu,VIT University (Chennai Campus),Vandalur Kelambakkam Road,NA,NA,Kancheepuram,600127
3374,Tamil Nadu,"Vivakananadha Arts and Science College for Women, Sankari",NH - 47 Salem to kovai National Highway,"Veerachipalayam,Sankari West,Sankari",Salem,Salem,637303
3375,Tamil Nadu,"VIVEK INSTITUTE OF LABORATORY MEDICINE (Inst. Code - 473), KANNIYAKUMARI","NEW NO 1159,OLD NO 253","KP ROAD ,NAGERCOIL-3",NAGERCOIL,Kanniyakumari,629003
3376,Tamil Nadu,"VIVEKANADA POLYTECHNIC COLLEGE, SIVAGANGAI","KARIKUDI - THIRUPPATHUR MAIN ROAD, PILLAIYARPATTI ROAD","KUMMANGUDI,ADHIKARAM(post), SIVAGANGAI",THIRUPPATHUR,Sivaganga,630207
3377,Tamil Nadu,"VIVEKANANDA (RABINRANATH TAGORE) NURSING COLLEGE FOR WOMEN (Inst. Code - 235), SALEM","VEERACHIPALAYAM - 637 303, SANKARI WEST POST",SANKARI TALUK,SALEM,Salem,637303
3378,Tamil Nadu,"Vivekananda Arts and Science College for Women, Thenpathi, NSB Nagar, Sirkali Taluk, Nagapattinam - 609 111.","Keezha Thenpathi,Sirkali","Keezha Thenpathi,Sirkali",Sirkali,Nagapattinam,609111
3379,Tamil Nadu,VIVEKANANDA COLLEGE,Tiruvedakam West,Pin-625234,Madurai,Madurai,625234
3380,Tamil Nadu,Vivekananda College of Education,Tirupathur - Karaikudi Main Road,Adhikaram - Post,Tirupathur Taluk,Sivaganga,630207
3381,Tamil Nadu,Vivekananda College of Education,Mettukuppam Arch,Seplanatham,Neyveli,Cuddalore,607802
3382,Tamil Nadu,"Vivekananda College, Agastheeswaram - 629 701",AGASTEESWARAM,KANYAKUMARI,NA,Kanniyakumari,629701
3383,Tamil Nadu,"VIVEKANANDA DENAL COLLEGE FOR WOMEN (Inst. Code - 265), NAMAKKAL","Elayampalayam,Triuchengode","Namakkal Dist,Tamilnadu",Triuchengode,Namakkal,637205
3384,Tamil Nadu,VIVEKANANDA INSTITUTE OF MANAGEMENT STUDIES,"KARUVALUR ROAD, KOVILPALAYAM, COIMBATORE-641107","S.S.KULAM POST, COIMBATORE-641107",COIMBATORE,Coimbatore,641107
3385,Tamil Nadu,"VIVEKANANDA POLYTECHNIC COLLEGE SEPLANATHAM, CUDDALORE","NEAR METTU KUPPAM ARCH,",SEPLANATHAM. NEYVELI 607 802,NEYVELI TOWN SHIP,Cuddalore,607802
3386,Tamil Nadu,"VIVEKANANDA POLYTECHNIC COLLEGE, KANYAKUMARI",AGASTEESWARAM POST,KANYAKUMARI DIst,KANYAKUMARI,Kanniyakumari,629701
3387,Tamil Nadu,Vivekananda Vidyalaya College of Education,"Kavanoor Village, Arakkonam Taluk",Vellore District,Arakkonam,Vellore,631004
3388,Tamil Nadu,Vivekanandha College for Women,Unjanai village,Elayampalayam,Tiruchengode,Namakkal,637205
3389,Tamil Nadu,Vivekanandha College of Arts & Science (W),"Elayampalayam, Tiruchengode",Namakkal,Namakkal,Salem,637205
3390,Tamil Nadu,Vivekanandha College of Education for Women,Elayampalayam -637205,Tiruchengode,Tiruchengode,Namakkal,637205
3391,Tamil Nadu,Vivekanandha College of Engineering for Women,(Autonomous) Elayampalayam,Tiruchengode,Namakkal,Namakkal,637205
3392,Tamil Nadu,"VIVEKANANDHA COLLEGE OF NURSING (Inst. Code - 097), NAMAKKAL",principal vivekanandha college of nursing,"Elayampalayam, Tiruchengode, namakkal pincode 637205",Tiruchengode,Namakkal,637205
3393,Tamil Nadu,Vivekanandha College of Technology for Women,SATHINAICKANPALAYAM,"ELAYAMPALAYAM, TIRUCHENGODE",NAMAKKAL,Namakkal,637205
3394,Tamil Nadu,Vivekanandha Institute of Engineering and Technology for Women,ELAYAMPALAYAM,TIRUCHENGODE,TIRUCENGODE,Namakkal,637205
3395,Tamil Nadu,Vivekanandha Institute of Information and Management Studies,ELAYAMPALAYAM,TIRUCHENGODE,NA,Namakkal,637205
3396,Tamil Nadu,"VIVEKANANDHA MEDICAL CARE HOSPITAL (Inst. Code - 606), Elayampalayam","Tiruchengode - TK.,",Elayampalayam,Nammakal District,Namakkal,637205
3397,Tamil Nadu,VKS College of Engineering and Technology,"DESIYAMANGALAM,","CHINNAIYAMPALAYAM(POST), K.R. PURAM(TK)",KARUR,Karur,639120
3398,Tamil Nadu,VLB Janaki Ammal College of Arts and Science,Kovaipudur,Coimbatore -641 042,Coimbatore,Coimbatore,641042
3399,Tamil Nadu,"VOICE OF GOD POLYTECHNIC COLLEGE, DEVARAYAPURAM",DEVARAYAPURAM,NA,NAMAKKAL,Namakkal,637021
3400,Tamil Nadu,"Voorhees College,Vellore-632001","No. 1A, Officer's Line,",NA,Vellore,Vellore,632001
3401,Tamil Nadu,VPN College for Teacher Education,"KADALADIKULAM VILLAGE, SEPPETTAI (POST) GINGEE TALUK",VILLUPURAM DT,Gingee,Viluppuram,604152
3402,Tamil Nadu,"VPV COLLEGE OF ENGINEERING, THANEERPANTHAL, THENI",Periyakulam Taluk,Devadanapatti,Theni,Theni,625602
3403,Tamil Nadu,VRR INSTITUTE OF BIOMEDICAL SCIENCE,(AFFILIATED TO UNIVERSITY OF MADRAS),"1/7 MRB AVENUE , BHAJANAI KOIL STREET","KATTUPAKKAM , CHENNAI",Thiruvallur,600056
3404,Tamil Nadu,VSA Educational and Charitable Trusts Group of Institutions,"NH-47, MAIN ROAD",UTHAMASOLAPURAM POST,SALEM,Salem,636010
3405,Tamil Nadu,VSK TEACHER TRAINING INSTITUTE THIRUMAYAM,PULIVALAM(PO),THIRUMAYAM(TK),PUDUKKOTTAI,Pudukkottai,622507
3406,Tamil Nadu,"VSS Government Arts College, Poolankurichi","Pulankurichi - 630 405, Tiruppathur (TK)",Sivagangai Dist,Tiruppathur,Sivaganga,630405
3407,Tamil Nadu,Vysya College,"Ramakrishnapuram, Masinaickenpatty,","Ayodhiyapattinam (PO), Salem - 636 103.",Salem,Salem,636103
3408,Tamil Nadu,Vysya College of Education,"Ramakrishnapuram, Masinaickenpatty,","Ayothiyapattinam,",Salem,Salem,636103
3409,Tamil Nadu,WASH INSTITUTE,"7/45 E, Srinivasapuram",Shenbaganoor Post,Kodaikanal,Dindigul,624601
3410,Tamil Nadu,"Wavoo Wajeeha Women's College of Arts & Science, Kayalpatnam, Thoothukudi Dist","Tiruchendur Road, Kayalpatnam",NA,Kayalpatnam,Thoothukkudi,628204
3411,Tamil Nadu,WFW ARTS AND MEDICAL INSTITUTE (Inst. Code - 604),"NO.6, 2ND STREET",SASIKUMAR NAGAR,KANNAMANGALAM,Tiruvannamalai,632311
3412,Tamil Nadu,White Memorial college of Education,ATTOOR,VEEYANNOOR POST,MARTHANDAM,Kanniyakumari,629177
3413,Tamil Nadu,"WHITE MEMORIAL COLLEGE OF NURSING (Inst. Code - 300), KANNIYAKUMARI",ATTOOR,VEEYANNOOR,NA,Kanniyakumari,629177
3414,Tamil Nadu,"WHITE MEMORIAL COLLEGE OF PHYSIOTHERAPY(Inst. Code - 192), KANNIYAKUMARI",ATTOOR,VEEYANNOOR POST,NA,Kanniyakumari,629177
3415,Tamil Nadu,"WHITE MEMORIAL HOMOEOPATHY MEDICAL COLLEGE (Inst. Code - 062), KANNIYAKUMARI",Attoor,Veeyannoor Post,NA,Kanniyakumari,629177
3416,Tamil Nadu,"WILLIAMÃ‚Â€ SCHOOL OF NURSING, NAGERCOIL, KANYAKUMARI","William's School of Nursing, William Hospital, Krishnancoil, Nagercoil K.K Dist Pin : 629001","William's School of Nursing, William Hospital, Krishnancoil, Nagercoil, K.K Dist Pin: 629001.",Nagercoil,Kanniyakumari,629001
3417,Tamil Nadu,"Wisdom College of Arts &Science (co-ed)Annakkoor,Cheyyar Taluk",Anakkavoor.,Cheyyar,cheyyar,Tiruvannamalai,604401
3418,Tamil Nadu,Wisdom College of Education,Cheyyatraivendran Village & Post,Anakkavoor Block,Cheyyar Taluk,Tiruvannamalai,604401
3419,Tamil Nadu,Wisdom School of Management,Gomangalampudur (PO),Pollachi - Udumalpet NH-209,Pollachi,Coimbatore,642107
3420,Tamil Nadu,"WOMEN'S CENTER & HOSPITALS (P) LTD (Inst. Code - 398), COIMBATORE","146B, METTUPALAYAM ROAD",NA,COIMBATORE,Coimbatore,641043
3421,Tamil Nadu,"Women's Christian College, Nagercoil - 629 001","College Road, Nagercoil","College Road, Nagercoil",Nagercoi,Kanniyakumari,629001
3422,Tamil Nadu,"Women's University College of Education,Kodaikanal",Attuvampatti,Kodaikanal,Kodaikanal,Dindigul,624101
3423,Tamil Nadu,WOMENS CHRISTIAN COLLEGE,"No 51, College Road",Nungambakkam,Chennai,Chennai,600006
3424,Tamil Nadu,YADAVA COLLEGE,Govidarajan Campus,Thiruppalai,Madurai,Madurai,625014
3425,Tamil Nadu,YMCA College of Physical Education,"OLD No.333/NEW No.497, ANNA SALAI",NANDANAM,CHENNAI,Chennai,600035
